rtime,lkas,ldws,distance,speed,latitude,longtitude
2020-11-30 21:29:25,1,1,,109,37.41808502,127.08206570000002
2020-11-30 21:29:26,1,1,34.47,109,37.41787720000001,127.08227340000002
2020-11-30 21:29:27,1,1,,109,37.41767011,127.0824831
2020-11-30 21:29:28,1,1,,109,37.41746231,127.08269209999999
2020-11-30 21:29:29,1,1,,109,37.41725522,127.0829005
2020-11-30 21:29:30,1,1,,109,37.41704928,127.0831094
2020-11-30 21:29:31,1,1,14.92,109,37.41684445,127.0833175
2020-11-30 21:29:32,1,1,,109,37.41664105,127.08352520000001
2020-11-30 21:29:33,1,1,,109,37.416435299999996,127.08373219999999
2020-11-30 21:29:34,1,1,,109,37.41622963,127.0839393
2020-11-30 21:29:35,1,1,,110,37.41602341,127.0841463
2020-11-30 21:29:36,1,1,,109,37.41581589,127.08435159999998
2020-11-30 21:29:37,1,1,,109,37.41560438,127.0845601
2020-11-30 21:29:38,1,1,,109,37.41539587,127.084769
2020-11-30 21:29:39,1,1,33.91,109,37.41518676,127.0849744
2020-11-30 21:29:40,1,1,31.85,108,37.41498203,127.0851865
2020-11-30 21:29:41,1,1,36.24,109,37.41477447,127.0854028
2020-11-30 21:29:42,1,1,34.47,109,37.41456545,127.0856156
2020-11-30 21:29:43,1,1,,109,37.4143555,127.0858284
2020-11-30 21:29:44,1,1,,109,37.41414909,127.08603970000001
2020-11-30 21:29:45,1,1,,109,37.41394413,127.0862463
2020-11-30 21:29:46,1,1,,110,37.41373909,127.08645020000002
2020-11-30 21:29:47,1,1,,111,37.41353441,127.0866538
2020-11-30 21:29:48,1,1,,111,37.41332685,127.08685940000001
2020-11-30 21:29:49,1,1,,111,37.41310395,127.0870726
2020-11-30 21:29:50,1,1,,111,37.41288927,127.0872868
2020-11-30 21:29:51,1,1,,111,37.41267539,127.08750020000001
2020-11-30 21:29:52,1,1,,112,37.4124625,127.08771409999999
2020-11-30 21:29:53,1,1,,112,37.41224809,127.08792890000001
2020-11-30 21:29:54,1,1,,112,37.41203265,127.08814220000001
2020-11-30 21:29:55,1,1,,111,37.41182015,127.08835800000001
2020-11-30 21:29:56,1,1,,111,37.41160756,127.08857590000001
2020-11-30 21:29:57,1,1,5.99,111,37.41139584,127.08879099999999
2020-11-30 21:29:58,1,1,6.09,110,37.41118471,127.089005
2020-11-30 21:29:59,1,1,6.35,105,37.41097341,127.0892162
2020-11-30 21:30:00,1,1,,100,37.41076233,127.08942409999999
2020-11-30 21:30:01,1,1,7.98,97,37.4105691,127.08961550000001
2020-11-30 21:30:02,1,1,,95,37.41038568,127.0898031
2020-11-30 21:30:03,1,1,8.95,95,37.41020348,127.0899882
2020-11-30 21:30:04,1,1,7.24,97,37.41002262,127.0901717
2020-11-30 21:30:05,1,1,7.7,97,37.40983986,127.0903558
2020-11-30 21:30:06,1,1,,98,37.40965517,127.0905406
2020-11-30 21:30:07,1,1,12.23,99,37.40946838,127.09072920000001
2020-11-30 21:30:08,1,1,10.75,99,37.40928059,127.0909186
2020-11-30 21:30:09,1,1,,100,37.40909293,127.0911072
2020-11-30 21:30:10,1,1,,100,37.40890423,127.0912928
2020-11-30 21:30:11,1,1,,100,37.40871494,127.0914824
2020-11-30 21:30:12,1,1,,100,37.40852391,127.09167360000001
2020-11-30 21:30:13,1,1,13.1,101,37.40832284,127.09186809999999
2020-11-30 21:30:14,1,1,12.05,100,37.40812855,127.09206280000001
2020-11-30 21:30:15,1,1,13.96,100,37.40793915,127.09225490000001
2020-11-30 21:30:16,1,1,,100,37.40775154,127.09244509999999
2020-11-30 21:30:17,1,1,,99,37.40756351,127.0926362
2020-11-30 21:30:18,1,1,13.1,99,37.40737078,127.09282920000001
2020-11-30 21:30:19,1,1,16.29,99,37.40718458,127.09301529999999
2020-11-30 21:30:20,1,1,17.06,98,37.40699491,127.0932057
2020-11-30 21:30:21,1,1,16.44,97,37.40680733,127.0934001
2020-11-30 21:30:22,1,1,12.9,96,37.40662555,127.09359440000001
2020-11-30 21:30:23,1,1,,94,37.40644661,127.09378190000001
2020-11-30 21:30:24,1,1,,90,37.40626929,127.09396480000001
2020-11-30 21:30:25,1,1,9.23,88,37.40609616,127.0941456
2020-11-30 21:30:26,1,1,,88,37.40591991,127.09432520000001
2020-11-30 21:30:27,1,1,,88,37.40575299,127.09450009999999
2020-11-30 21:30:28,1,1,15.31,89,37.405596065,127.09468075
2020-11-30 21:30:29,1,1,,90,37.40543914,127.0948614
2020-11-30 21:30:30,1,1,,90,37.40527144,127.0950446
2020-11-30 21:30:31,1,1,13.74,90,37.40509575,127.0952249
2020-11-30 21:30:32,1,1,,91,37.40492384,127.09540459999998
2020-11-30 21:30:33,1,1,13.96,91,37.40475139,127.09558600000001
2020-11-30 21:30:34,1,1,,92,37.40458275,127.0957632
2020-11-30 21:30:35,1,1,14.67,92,37.40441736,127.0959354
2020-11-30 21:30:36,1,1,,92,37.40425132,127.09610890000002
2020-11-30 21:30:37,1,1,,92,37.40407954,127.09628980000001
2020-11-30 21:30:38,1,1,,93,37.40390598,127.0964706
2020-11-30 21:30:39,1,1,,93,37.403521999999995,127.09683659999999
2020-11-30 21:30:40,1,1,,93,37.40355812,127.09682820000002
2020-11-30 21:30:41,1,1,,93,37.40338321,127.0970081
2020-11-30 21:30:42,1,1,18.25,93,37.40320987,127.0971886
2020-11-30 21:30:43,1,1,19.38,94,37.40303461,127.0973707
2020-11-30 21:30:44,1,1,,93,37.402807700000004,127.0977264
2020-11-30 21:30:45,1,1,,93,37.40283975,127.09784909999999
2020-11-30 21:30:46,1,1,,93,37.40250809,127.09791969999999
2020-11-30 21:30:47,1,1,,94,37.40276849,127.0980074
2020-11-30 21:30:48,1,1,,94,37.40215358,127.09828799999998
2020-11-30 21:30:49,1,1,,94,37.40237673,127.09834340000002
2020-11-30 21:30:50,1,1,,93,37.40220198,127.09853009999999
2020-11-30 21:30:51,1,1,,94,37.40202521,127.0987209
2020-11-30 21:30:52,1,1,,97,37.4018446,127.09890630000001
2020-11-30 21:30:53,1,1,,88,37.40167291,127.09909309999999
2020-11-30 21:30:54,1,1,,102,37.40150254,127.09925790000001
2020-11-30 21:30:55,1,1,,105,37.400803100000005,127.09954259999999
2020-11-30 21:30:56,1,1,,108,37.40056521,127.09969850000002
2020-11-30 21:30:57,1,1,7.88,111,37.40032933,127.0998412
2020-11-30 21:30:58,1,1,,112,37.40008887,127.09998130000001
2020-11-30 21:30:59,1,1,,113,37.39983733,127.1000922
2020-11-30 21:31:00,1,1,,115,37.39956622,127.1001951
2020-11-30 21:31:01,1,1,,118,37.39928352,127.10028179999999
2020-11-30 21:31:02,1,1,,120,37.398993100000006,127.1003529
2020-11-30 21:31:03,1,1,,123,37.39870176,127.100416
2020-11-30 21:31:04,1,1,,125,37.39840393,127.10047379999999
2020-11-30 21:31:05,1,1,,128,37.398101700000005,127.10052759999998
2020-11-30 21:31:06,1,1,,130,37.39779371,127.10057979999999
2020-11-30 21:31:07,1,1,,132,37.39773879,127.1003922
2020-11-30 21:31:08,1,1,,127,37.39716582,127.10068100000001
2020-11-30 21:31:09,1,1,,122,37.39693608,127.10055249999999
2020-11-30 21:31:10,1,1,35.04,118,37.39652732,127.1006404
2020-11-30 21:31:11,1,1,32.85,114,37.39628178,127.10086979999998
2020-11-30 21:31:12,1,1,29.57,110,37.39600844,127.1009253
2020-11-30 21:31:13,1,1,25.49,109,37.39560926,127.10083840000001
2020-11-30 21:31:14,1,1,27.21,107,37.39547271,127.1010281
2020-11-30 21:31:15,1,1,27.21,105,37.39505441,127.1009489
2020-11-30 21:31:16,1,1,26.15,103,37.39496208,127.10112209999998
2020-11-30 21:31:17,1,1,26.15,102,37.39471339999999,127.1011627
2020-11-30 21:31:18,1,1,25.81,101,37.39446571,127.10120719999999
2020-11-30 21:31:19,1,1,25.49,100,37.39422154,127.10124990000001
2020-11-30 21:31:20,1,1,,98,37.39397885,127.1012924
2020-11-30 21:31:21,1,1,21.57,95,37.39374229,127.1013345
2020-11-30 21:31:22,1,1,22.06,94,37.3933726,127.10127140000002
2020-11-30 21:31:23,1,1,23.95,92,37.39328843,127.1014122
2020-11-30 21:31:24,1,1,20.65,90,37.39289517,127.1013969
2020-11-30 21:31:25,1,1,18.61,89,37.39267228,127.1014558
2020-11-30 21:31:26,1,1,20.42,88,37.39263477,127.10152990000002
2020-11-30 21:31:27,1,1,21.82,87,37.39242118,127.10156940000002
2020-11-30 21:31:28,1,1,20.87,86,37.39199415,127.1016135
2020-11-30 21:31:29,1,1,20.42,85,37.39200437,127.10164640000002
2020-11-30 21:31:30,1,1,19.79,84,37.3917988,127.10168159999999
2020-11-30 21:31:31,1,1,22.84,83,37.39135715,127.1017544
2020-11-30 21:31:32,1,1,22.84,83,37.39115588,127.1017997
2020-11-30 21:31:33,1,1,14.55,83,37.39118708,127.10179699999999
2020-11-30 21:31:34,1,1,24.85,84,37.39074672,127.10189070000001
2020-11-30 21:31:35,1,1,22.06,85,37.39053123,127.10193490000002
2020-11-30 21:31:36,1,1,24.85,87,37.39031061,127.10197240000002
2020-11-30 21:31:37,1,1,26.85,88,37.39036801,127.1019443
2020-11-30 21:31:38,1,1,26.15,89,37.38987173,127.1020512
2020-11-30 21:31:39,1,1,26.15,90,37.38994437,127.1020202
2020-11-30 21:31:40,1,1,28.34,91,37.38972588,127.1020602
2020-11-30 21:31:41,1,1,28.74,93,37.389207,127.10217220000001
2020-11-30 21:31:42,1,1,22.84,94,37.38927936,127.10214340000002
2020-11-30 21:31:43,1,1,31.85,96,37.38905323,127.1021811
2020-11-30 21:31:44,1,1,,97,37.38854034,127.1022737
2020-11-30 21:31:45,1,1,14.08,98,37.38832147,127.10229869999999
2020-11-30 21:31:46,1,1,29.57,98,37.38834863,127.1023072
2020-11-30 21:31:47,1,1,,98,37.38788552,127.1023706
2020-11-30 21:31:48,1,1,14.8,97,37.38764902,127.10241540000001
2020-11-30 21:31:49,1,1,19.38,97,37.38742678,127.1024598
2020-11-30 21:31:50,1,1,25.16,96,37.38721373,127.102488
2020-11-30 21:31:51,1,1,,94,37.38698824,127.1025179
2020-11-30 21:31:52,1,1,28.34,93,37.38676419,127.1025547
2020-11-30 21:31:53,1,1,25.49,91,37.38655503,127.1025905
2020-11-30 21:31:54,1,1,23.66,89,37.38649814,127.10266399999999
2020-11-30 21:31:55,1,1,27.21,87,37.38614748,127.1026649
2020-11-30 21:31:56,1,1,20.87,84,37.38595502,127.10269869999999
2020-11-30 21:31:57,1,1,17.22,82,37.38588278,127.10277990000002
2020-11-30 21:31:58,1,1,20.0,80,37.38568731,127.1028142
2020-11-30 21:31:59,1,1,16.44,80,37.38538083,127.10280209999999
2020-11-30 21:32:00,1,1,20.65,80,37.38530174,127.1028832
2020-11-30 21:32:01,1,1,23.66,80,37.3851098,127.10291720000001
2020-11-30 21:32:02,1,1,20.0,80,37.38480811,127.10291229999999
2020-11-30 21:32:03,1,1,20.65,81,37.38472222,127.1029791
2020-11-30 21:32:04,1,1,21.33,81,37.38452754,127.10300790000001
2020-11-30 21:32:05,1,1,21.57,81,37.38421698,127.1030017
2020-11-30 21:32:06,1,1,31.85,81,37.38413536,127.1030604
2020-11-30 21:32:07,1,1,23.95,82,37.38393742,127.1030775
2020-11-30 21:32:08,1,1,27.21,83,37.38373615,127.1030909
2020-11-30 21:32:09,1,1,10.11,85,37.3835318,127.10310179999999
2020-11-30 21:32:10,1,1,32.34,87,37.38332653,127.1031097
2020-11-30 21:32:11,1,1,22.06,85,37.38311775,127.103124
2020-11-30 21:32:12,1,1,23.11,88,37.38290669,127.103131
2020-11-30 21:32:13,1,1,23.66,88,37.38269137,127.1031324
2020-11-30 21:32:14,1,1,13.74,88,37.38235199,127.10307240000002
2020-11-30 21:32:15,1,1,14.55,89,37.38213072,127.1030767
2020-11-30 21:32:16,1,1,23.66,90,37.38191068,127.1030808
2020-11-30 21:32:17,1,1,14.43,90,37.38182031,127.1031256
2020-11-30 21:32:18,1,1,9.53,91,37.381598100000005,127.1031294
2020-11-30 21:32:19,1,1,13.63,91,37.38137254,127.10312959999999
2020-11-30 21:32:20,1,1,11.29,92,37.38114809,127.1031294
2020-11-30 21:32:21,1,1,27.58,92,37.38092413,127.1031294
2020-11-30 21:32:22,1,1,26.85,92,37.38069902,127.1031338
2020-11-30 21:32:23,1,1,25.49,91,37.38047574,127.1031345
2020-11-30 21:32:24,1,1,26.15,91,37.38025225,127.10313570000001
2020-11-30 21:32:25,1,1,26.85,90,37.38002805,127.10313799999999
2020-11-30 21:32:26,1,1,28.74,91,37.37980629,127.1031386
2020-11-30 21:32:27,1,1,27.58,91,37.37947466,127.10308640000001
2020-11-30 21:32:28,1,1,27.21,92,37.37936196,127.1031342
2020-11-30 21:32:29,1,1,27.96,94,37.37901563,127.10308020000001
2020-11-30 21:32:30,1,1,,95,37.378783,127.10307890000001
2020-11-30 21:32:31,1,1,,96,37.37854861,127.10307579999998
2020-11-30 21:32:32,1,1,28.34,97,37.37831301,127.1030736
2020-11-30 21:32:33,1,1,27.58,97,37.37820603,127.10311740000002
2020-11-30 21:32:34,1,1,29.15,97,37.37783787,127.10307320000001
2020-11-30 21:32:35,1,1,27.58,97,37.37760051,127.1030733
2020-11-30 21:32:36,1,1,27.58,98,37.37748525,127.1031226
2020-11-30 21:32:37,1,1,27.21,98,37.37724657,127.10311979999999
2020-11-30 21:32:38,1,1,27.21,99,37.37687374,127.1030768
2020-11-30 21:32:39,1,1,24.24,99,37.37676682,127.1031136
2020-11-30 21:32:40,1,1,24.24,100,37.37652454,127.10311100000001
2020-11-30 21:32:41,1,1,24.85,100,37.37613712,127.1030794
2020-11-30 21:32:42,1,1,26.85,100,37.3760359,127.10310829999999
2020-11-30 21:32:43,1,1,28.74,101,37.37578952,127.103104
2020-11-30 21:32:44,1,1,30.9,102,37.37539419,127.1030865
2020-11-30 21:32:45,1,1,31.37,102,37.37514488,127.1030892
2020-11-30 21:32:46,1,1,32.34,102,37.37489823,127.10309129999999
2020-11-30 21:32:47,1,1,30.45,103,37.37477379,127.1031237
2020-11-30 21:32:48,1,1,30.45,103,37.37451591,127.1031253
2020-11-30 21:32:49,1,1,23.11,1,37.37426007,127.1031264
2020-11-30 21:32:50,1,1,21.1,103,37.37400384,127.10312549999999
2020-11-30 21:32:51,1,1,26.49,102,37.3737494,127.1031245
2020-11-30 21:32:52,1,1,28.34,99,37.37349455,127.10311909999999
2020-11-30 21:32:53,1,1,26.85,98,37.37314065,127.1030997
2020-11-30 21:32:54,1,1,26.49,97,37.37290385,127.10309950000001
2020-11-30 21:32:55,1,1,28.34,97,37.3726671,127.10309960000001
2020-11-30 21:32:56,1,1,24.24,96,37.37243708,127.10309950000001
2020-11-30 21:32:57,1,1,22.57,94,37.37220648,127.10310049999998
2020-11-30 21:32:58,1,1,22.32,92,37.37198104,127.103102
2020-11-30 21:32:59,1,1,23.11,91,37.3718283,127.10311090000002
2020-11-30 21:33:00,1,1,23.11,90,37.37160823,127.10311200000001
2020-11-30 21:33:01,1,1,22.06,89,37.37132574,127.1031072
2020-11-30 21:33:02,1,1,20.42,88,37.37110793,127.10311019999999
2020-11-30 21:33:03,1,1,22.06,87,37.37089485,127.1031128
2020-11-30 21:33:04,1,1,22.57,87,37.37068457,127.10311409999998
2020-11-30 21:33:05,1,1,22.32,87,37.37053895,127.1031138
2020-11-30 21:33:06,1,1,23.66,87,37.37032917,127.1031132
2020-11-30 21:33:07,1,1,22.57,86,37.37011995,127.103113
2020-11-30 21:33:08,1,1,24.24,86,37.36991071,127.10311920000001
2020-11-30 21:33:09,1,1,17.89,86,37.36963222,127.1031153
2020-11-30 21:33:10,1,1,19.18,86,37.36942262,127.1031125
2020-11-30 21:33:11,1,1,,86,37.36920772,127.10311399999999
2020-11-30 21:33:12,1,1,,84,37.36899924,127.10311409999998
2020-11-30 21:33:13,1,1,20.21,82,37.36886542,127.10312759999998
2020-11-30 21:33:14,1,1,20.65,80,37.36859813,127.10311029999998
2020-11-30 21:33:15,1,1,19.38,78,37.36840436,127.10310859999998
2020-11-30 21:33:16,1,1,19.18,77,37.36825602,127.1031228
2020-11-30 21:33:17,1,1,18.99,76,37.36806461,127.1031187
2020-11-30 21:33:18,1,1,16.9,75,37.36787656,127.1031145
2020-11-30 21:33:19,1,1,17.55,74,37.36766296,127.1031067
2020-11-30 21:33:20,1,1,15.72,72,37.3674891,127.10310729999999
2020-11-30 21:33:21,1,1,,68,37.36732435,127.103108
2020-11-30 21:33:22,1,1,,65,37.36716616,127.10310919999999
2020-11-30 21:33:23,1,1,22.57,63,37.36701420000001,127.1031107
2020-11-30 21:33:24,1,1,7.57,65,37.3668608,127.1031113
2020-11-30 21:33:25,1,1,7.08,67,37.36669570000001,127.10311329999999
2020-11-30 21:33:26,1,1,5.05,70,37.36652578,127.10311429999999
2020-11-30 21:33:27,1,1,,72,37.36635051,127.10311599999999
2020-11-30 21:33:28,1,1,2.45,74,37.36623265,127.1031172
2020-11-30 21:33:29,1,1,,75,37.36606219,127.10312090000001
2020-11-30 21:33:30,1,1,26.49,76,37.36579676,127.1031219
2020-11-30 21:33:31,1,1,16.29,75,37.36561273,127.10312320000001
2020-11-30 21:33:32,1,1,11.05,75,37.36552573,127.10313529999999
2020-11-30 21:33:33,1,1,20.87,74,37.36534969,127.10313959999999
2020-11-30 21:33:34,1,1,19.38,75,37.36517566,127.10314170000001
2020-11-30 21:33:35,1,1,20.87,76,37.36500447,127.1031469
2020-11-30 21:33:36,1,1,23.95,77,37.36469105,127.1031295
2020-11-30 21:33:37,1,1,26.49,78,37.36450057,127.1031314
2020-11-30 21:33:38,1,1,25.81,79,37.36445432,127.10315990000002
2020-11-30 21:33:39,1,1,26.15,80,37.36426336,127.103163
2020-11-30 21:33:40,1,1,26.85,83,37.36389523,127.1031393
2020-11-30 21:33:41,1,1,,85,37.3636752,127.10314309999998
2020-11-30 21:33:42,1,1,,89,37.36365324,127.10317040000001
2020-11-30 21:33:43,1,1,,91,37.36322546,127.1031473
2020-11-30 21:33:44,1,1,,94,37.36299505,127.1031483
2020-11-30 21:33:45,1,1,,95,37.36298729999999,127.10318000000001
2020-11-30 21:33:46,1,1,,97,37.36252204,127.1031515
2020-11-30 21:33:47,1,1,,98,37.36253297,127.103176
2020-11-30 21:33:48,1,1,,98,37.3622958,127.10318229999999
2020-11-30 21:33:49,1,1,,99,37.36204869,127.10318400000001
2020-11-30 21:33:50,1,1,,99,37.36180083,127.10319009999998
2020-11-30 21:33:51,1,1,,99,37.36155385,127.103196
2020-11-30 21:33:52,1,1,,96,37.36130667,127.10320060000001
2020-11-30 21:33:53,1,1,20.0,95,37.36083595,127.1031781
2020-11-30 21:33:54,1,1,19.58,94,37.36061661,127.1031785
2020-11-30 21:33:55,1,1,19.58,91,37.36039525,127.10318090000001
2020-11-30 21:33:56,1,1,19.79,88,37.36017865,127.10318459999999
2020-11-30 21:33:57,1,1,21.33,87,37.35996431,127.1031892
2020-11-30 21:33:58,1,1,23.66,88,37.35995246,127.103223
2020-11-30 21:33:59,1,1,25.81,90,37.35952772,127.1031933
2020-11-30 21:34:00,1,1,26.85,91,37.35930734,127.1031942
2020-11-30 21:34:01,1,1,26.15,93,37.35908044,127.10319380000001
2020-11-30 21:34:02,1,1,25.81,95,37.359086600000005,127.1032428
2020-11-30 21:34:03,1,1,30.0,97,37.35861332,127.10319390000001
2020-11-30 21:34:04,1,1,29.15,97,37.35837283,127.1031993
2020-11-30 21:34:05,1,1,33.37,98,37.35839198,127.10325390000001
2020-11-30 21:34:06,1,1,35.04,99,37.35814993,127.1032567
2020-11-30 21:34:07,1,1,33.91,99,37.35790619,127.10325929999999
2020-11-30 21:34:08,1,1,43.6,99,37.35766201,127.10326270000002
2020-11-30 21:34:09,1,1,36.24,100,37.35741734,127.1032658
2020-11-30 21:34:10,1,1,35.63,100,37.35717279,127.10326809999998
2020-11-30 21:34:11,1,1,33.37,100,37.35665281,127.10321680000001
2020-11-30 21:34:12,1,1,30.9,100,37.35640918,127.1032182
2020-11-30 21:34:13,1,1,33.37,101,37.35643687,127.1032668
2020-11-30 21:34:14,1,1,33.37,103,37.35591894,127.10322099999999
2020-11-30 21:34:15,1,1,31.85,103,37.35594433,127.1032709
2020-11-30 21:34:16,1,1,31.85,103,37.35542131,127.10321869999999
2020-11-30 21:34:17,1,1,31.37,102,37.35516951,127.1032182
2020-11-30 21:34:18,1,1,28.34,102,37.35492496,127.10322040000001
2020-11-30 21:34:19,1,1,27.96,101,37.35468233,127.1032222
2020-11-30 21:34:20,1,1,27.96,101,37.35443531,127.1032231
2020-11-30 21:34:21,1,1,28.34,100,37.35418402,127.10322439999999
2020-11-30 21:34:22,1,1,30.9,100,37.35419197,127.103275
2020-11-30 21:34:23,1,1,28.74,100,37.353694299999994,127.10322790000001
2020-11-30 21:34:24,1,1,,100,37.35345138,127.1032297
2020-11-30 21:34:25,1,1,26.85,99,37.35344721,127.1032821
2020-11-30 21:34:26,1,1,27.58,99,37.3529689,127.1032313
2020-11-30 21:34:27,1,1,25.16,99,37.35272464,127.10323319999999
2020-11-30 21:34:28,1,1,23.11,99,37.35248107,127.1032346
2020-11-30 21:34:29,1,1,24.54,98,37.35224771,127.10323500000001
2020-11-30 21:34:30,1,1,25.81,97,37.35200681,127.1032353
2020-11-30 21:34:31,1,1,26.49,96,37.35177011,127.1032355
2020-11-30 21:34:32,1,1,24.54,95,37.35153225,127.10323600000001
2020-11-30 21:34:33,1,1,25.16,95,37.35153276,127.1033232
2020-11-30 21:34:34,1,1,25.81,95,37.35105951,127.10323670000001
2020-11-30 21:34:35,1,1,24.85,95,37.35106931,127.1033298
2020-11-30 21:34:36,1,1,25.49,95,37.35083919,127.1033283
2020-11-30 21:34:37,1,1,26.15,95,37.350611900000004,127.1033288
2020-11-30 21:34:38,1,1,26.85,95,37.35012978,127.1032467
2020-11-30 21:34:39,1,1,26.15,95,37.34989436,127.103249
2020-11-30 21:34:40,1,1,26.49,95,37.34966302,127.103251
2020-11-30 21:34:41,1,1,27.96,96,37.34943293,127.1032511
2020-11-30 21:34:42,1,1,28.34,96,37.34920404,127.1032483
2020-11-30 21:34:43,1,1,28.74,96,37.34896867,127.1032459
2020-11-30 21:34:44,1,1,24.85,96,37.348965299999996,127.10333680000001
2020-11-30 21:34:45,1,1,16.59,96,37.34872928,127.1033385
2020-11-30 21:34:46,1,1,26.49,96,37.34848641,127.1033365
2020-11-30 21:34:47,1,1,27.21,95,37.34802368,127.10324709999999
2020-11-30 21:34:48,1,1,26.85,95,37.34779378,127.10324840000001
2020-11-30 21:34:49,1,1,13.2,95,37.34776837,127.10333290000001
2020-11-30 21:34:50,1,1,28.34,95,37.34732783,127.10325290000002
2020-11-30 21:34:51,1,1,28.34,94,37.34709158,127.10325559999998
2020-11-30 21:34:52,1,1,25.49,95,37.34685065,127.10326140000001
2020-11-30 21:34:53,1,1,25.49,94,37.34661496,127.10326709999998
2020-11-30 21:34:54,1,1,24.24,94,37.34638679,127.10327009999999
2020-11-30 21:34:55,1,1,24.54,93,37.34616029,127.1032706
2020-11-30 21:34:56,1,1,24.54,93,37.34593451,127.1032699
2020-11-30 21:34:57,1,1,12.9,92,37.34572606,127.10326640000001
2020-11-30 21:34:58,1,1,25.49,91,37.34571043,127.10334089999999
2020-11-30 21:34:59,1,1,26.49,90,37.34529935,127.10326289999999
2020-11-30 21:35:00,1,1,26.15,90,37.34508948,127.1032607
2020-11-30 21:35:01,1,1,26.49,90,37.345,127.1033494
2020-11-30 21:35:02,1,1,25.81,89,37.34478222,127.10335590000001
2020-11-30 21:35:03,1,1,27.21,89,37.34454609,127.1033538
2020-11-30 21:35:04,1,1,29.15,90,37.34432486,127.10335500000001
2020-11-30 21:35:05,1,1,29.57,91,37.34401666,127.1032537
2020-11-30 21:35:06,1,1,30.45,93,37.3438583,127.1033575
2020-11-30 21:35:07,1,1,30.45,94,37.34356243,127.1032537
2020-11-30 21:35:08,1,1,29.57,95,37.34332783,127.103254
2020-11-30 21:35:09,1,1,26.85,96,37.34321312,127.1033406
2020-11-30 21:35:10,1,1,30.0,97,37.34285307,127.103255
2020-11-30 21:35:11,1,1,30.0,98,37.34260738,127.10325890000001
2020-11-30 21:35:12,1,1,28.34,99,37.34250225,127.1033203
2020-11-30 21:35:13,1,1,28.34,100,37.34226579,127.103319
2020-11-30 21:35:14,1,1,29.57,101,37.34202396,127.1033203
2020-11-30 21:35:15,1,1,27.96,102,37.34178014,127.1033206
2020-11-30 21:35:16,1,1,29.15,102,37.34153411,127.10332199999999
2020-11-30 21:35:17,1,1,30.9,103,37.34127988,127.10331809999998
2020-11-30 21:35:18,1,1,35.04,1,37.34101436,127.1033128
2020-11-30 21:35:19,1,1,35.63,1,37.34075365,127.10331000000001
2020-11-30 21:35:20,1,1,34.47,105,37.3403284,127.10326909999999
2020-11-30 21:35:21,1,1,31.85,105,37.34006628,127.10327279999998
2020-11-30 21:35:22,1,1,30.9,106,37.34005089,127.10331210000001
2020-11-30 21:35:23,1,1,31.37,106,37.33954263,127.1032771
2020-11-30 21:35:24,1,1,31.85,106,37.33953711,127.1033186
2020-11-30 21:35:25,1,1,31.85,105,37.33928003,127.103323
2020-11-30 21:35:26,1,1,30.9,105,37.33876445,127.103279
2020-11-30 21:35:27,1,1,29.15,1,37.33850327,127.1032807
2020-11-30 21:35:28,1,1,29.15,1,37.338500399999994,127.10333130000001
2020-11-30 21:35:29,1,1,30.9,1,37.33824725,127.1033375
2020-11-30 21:35:30,1,1,30.0,103,37.33799017,127.1033395
2020-11-30 21:35:31,1,1,29.57,103,37.33747176,127.10328999999999
2020-11-30 21:35:32,1,1,29.57,103,37.33721171,127.1032926
2020-11-30 21:35:33,1,1,27.21,1,37.33695787,127.1032953
2020-11-30 21:35:34,1,1,28.34,1,37.33695956,127.1033439
2020-11-30 21:35:35,1,1,27.96,1,37.33669783,127.1033415
2020-11-30 21:35:36,1,1,29.15,1,37.33643767,127.10334040000001
2020-11-30 21:35:37,1,1,28.34,1,37.33617751,127.10333870000001
2020-11-30 21:35:38,1,1,28.34,1,37.33567629,127.1033144
2020-11-30 21:35:39,1,1,29.57,103,37.33542726,127.1033202
2020-11-30 21:35:40,1,1,28.34,102,37.33517643,127.1033239
2020-11-30 21:35:41,1,1,29.15,102,37.33492599,127.10332679999999
2020-11-30 21:35:42,1,1,28.74,102,37.33467273,127.1033284
2020-11-30 21:35:43,1,1,28.74,102,37.33465615,127.1033364
2020-11-30 21:35:44,1,1,28.74,101,37.33440984,127.1033385
2020-11-30 21:35:45,1,1,25.49,100,37.33415416,127.1033392
2020-11-30 21:35:46,1,1,25.16,99,37.33389087,127.1033388
2020-11-30 21:35:47,1,1,25.49,98,37.33365247,127.10334109999998
2020-11-30 21:35:48,1,1,23.95,97,37.33318715,127.1033365
2020-11-30 21:35:49,1,1,23.38,95,37.33294418,127.10334070000002
2020-11-30 21:35:50,1,1,23.38,95,37.33270391,127.1033438
2020-11-30 21:35:51,1,1,5.9,94,37.33246841,127.1033478
2020-11-30 21:35:52,1,1,26.49,94,37.33222761,127.1033529
2020-11-30 21:35:53,1,1,26.15,98,37.33199223,127.1033567
2020-11-30 21:35:54,1,1,25.49,93,37.33176234,127.1033592
2020-11-30 21:35:55,1,1,27.21,92,37.33153416,127.10336159999999
2020-11-30 21:35:56,1,1,28.74,92,37.33156818,127.10337179999999
2020-11-30 21:35:57,1,1,28.34,90,37.33135731,127.10337129999999
2020-11-30 21:35:58,1,1,,88,37.3311498,127.10336869999999
2020-11-30 21:35:59,1,1,22.32,87,37.33092735,127.10337450000002
2020-11-30 21:36:00,1,1,22.06,86,37.33044015,127.10337870000001
2020-11-30 21:36:01,1,1,20.87,85,37.33049342,127.10338780000001
2020-11-30 21:36:02,1,1,20.87,83,37.33029124,127.10339520000001
2020-11-30 21:36:03,1,1,21.57,82,37.3300786,127.1034034
2020-11-30 21:36:04,1,1,21.57,82,37.32987061,127.1034118
2020-11-30 21:36:05,1,1,21.82,82,37.32966921,127.1034202
2020-11-30 21:36:06,1,1,23.66,82,37.32946774,127.1034259
2020-11-30 21:36:07,1,1,23.95,82,37.3292592,127.103431
2020-11-30 21:36:08,1,1,23.95,82,37.32906591,127.10343870000001
2020-11-30 21:36:09,1,1,22.84,82,37.32885915,127.1034479
2020-11-30 21:36:10,1,1,22.06,82,37.32865301,127.1034548
2020-11-30 21:36:11,1,1,22.06,82,37.32845191,127.10346129999999
2020-11-30 21:36:12,1,1,23.38,81,37.32822859,127.1034628
2020-11-30 21:36:13,1,1,21.1,81,37.32780888,127.10340910000001
2020-11-30 21:36:14,1,1,22.57,81,37.32760805,127.10340990000002
2020-11-30 21:36:15,1,1,23.11,81,37.32740923,127.10341310000001
2020-11-30 21:36:16,1,1,25.81,82,37.32721226,127.1034178
2020-11-30 21:36:17,1,1,28.34,83,37.32701685,127.10342379999999
2020-11-30 21:36:18,1,1,26.15,83,37.32682322,127.103429
2020-11-30 21:36:19,1,1,26.85,84,37.32662047,127.10343300000001
2020-11-30 21:36:20,1,1,26.85,85,37.32641544,127.1034366
2020-11-30 21:36:21,1,1,26.85,85,37.326209000000006,127.10343859999999
2020-11-30 21:36:22,1,1,28.74,85,37.32600266,127.10343770000001
2020-11-30 21:36:23,1,1,27.21,86,37.32580304,127.10343689999999
2020-11-30 21:36:24,1,1,27.21,87,37.3254891,127.10330090000001
2020-11-30 21:36:25,1,1,26.49,88,37.32540543,127.1034334
2020-11-30 21:36:26,1,1,26.49,88,37.32520131,127.10343020000002
2020-11-30 21:36:27,1,1,27.58,89,37.32499356,127.1034267
2020-11-30 21:36:28,1,1,25.81,89,37.3247874,127.1034235
2020-11-30 21:36:29,1,1,24.54,89,37.32454625,127.1033257
2020-11-30 21:36:30,1,1,23.66,88,37.32435426,127.10341770000001
2020-11-30 21:36:31,1,1,24.54,87,37.32417215,127.1033282
2020-11-30 21:36:32,1,1,12.6,87,37.32392035,127.10341480000001
2020-11-30 21:36:33,1,1,22.32,85,37.3236985,127.1034143
2020-11-30 21:36:34,1,1,12.05,83,37.32347818,127.10341709999999
2020-11-30 21:36:35,1,1,20.21,81,37.32326593,127.10341909999998
2020-11-30 21:36:36,1,1,17.39,79,37.32306555,127.10341740000001
2020-11-30 21:36:37,1,1,17.55,78,37.32287355,127.10341770000001
2020-11-30 21:36:38,1,1,17.39,76,37.32268086,127.1034178
2020-11-30 21:36:39,1,1,16.75,75,37.322488799999995,127.10341869999999
2020-11-30 21:36:40,1,1,18.8,75,37.32230379999999,127.10342
2020-11-30 21:36:41,1,1,21.57,75,37.32212323,127.1034202
2020-11-30 21:36:42,1,1,21.33,76,37.32194555,127.1034179
2020-11-30 21:36:43,1,1,23.38,78,37.32176454,127.10341559999999
2020-11-30 21:36:44,1,1,23.66,80,37.32157657,127.10341399999999
2020-11-30 21:36:45,1,1,25.81,83,37.32138641,127.1034121
2020-11-30 21:36:46,1,1,26.85,85,37.321187200000004,127.1034105
2020-11-30 21:36:47,1,1,26.49,86,37.32098185,127.1034094
2020-11-30 21:36:48,1,1,27.21,87,37.32077187,127.10340759999998
2020-11-30 21:36:49,1,1,27.21,88,37.32055326,127.1034045
2020-11-30 21:36:50,1,1,26.85,89,37.32033428,127.1034028
2020-11-30 21:36:51,1,1,28.34,90,37.32010637,127.1034006
2020-11-30 21:36:52,1,1,30.45,90,37.31988137,127.1034
2020-11-30 21:36:53,1,1,29.57,91,37.31965833,127.10340079999999
2020-11-30 21:36:54,1,1,28.34,92,37.31943723,127.103403
2020-11-30 21:36:55,1,1,28.34,93,37.31920638,127.10340249999999
2020-11-30 21:36:56,1,1,27.96,94,37.31897661,127.103404
2020-11-30 21:36:57,1,1,27.96,94,37.31874712,127.1034044
2020-11-30 21:36:58,1,1,30.45,95,37.31851817,127.10340500000001
2020-11-30 21:36:59,1,1,28.34,96,37.31828142,127.10340579999999
2020-11-30 21:37:00,1,1,29.15,96,37.31803965,127.1034071
2020-11-30 21:37:01,1,1,29.57,96,37.31780828,127.10340659999999
2020-11-30 21:37:02,1,1,29.15,96,37.31757927,127.10340579999999
2020-11-30 21:37:03,1,1,28.34,96,37.31734806,127.1034051
2020-11-30 21:37:04,1,1,29.15,96,37.31758323,127.10399790000001
2020-11-30 21:37:05,1,1,30.0,96,37.3168795,127.1033977
2020-11-30 21:37:06,1,1,29.15,97,37.31664274,127.10339640000001
2020-11-30 21:37:07,1,1,28.74,98,37.31639787,127.10339840000002
2020-11-30 21:37:08,1,1,25.16,98,37.31614791,127.1033993
2020-11-30 21:37:09,1,1,31.37,99,37.31590817,127.1033996
2020-11-30 21:37:10,1,1,31.37,99,37.31566546,127.103401
2020-11-30 21:37:11,1,1,31.85,100,37.31542158,127.10340579999999
2020-11-30 21:37:12,1,1,32.85,100,37.315531400000005,127.1035185
2020-11-30 21:37:13,1,1,31.37,101,37.31493342,127.1034135
2020-11-30 21:37:14,1,1,30.9,101,37.31469107,127.10341709999999
2020-11-30 21:37:15,1,1,31.37,101,37.31478143,127.1035165
2020-11-30 21:37:16,1,1,30.0,102,37.31420242,127.10342240000001
2020-11-30 21:37:17,1,1,29.57,102,37.31428461,127.10351580000001
2020-11-30 21:37:18,1,1,29.15,102,37.31403398,127.1035152
2020-11-30 21:37:19,1,1,28.74,103,37.31378197,127.10351429999999
2020-11-30 21:37:20,1,1,29.57,103,37.31353181,127.10351229999999
2020-11-30 21:37:21,1,1,31.37,103,37.31328326,127.10351059999999
2020-11-30 21:37:22,1,1,30.0,103,37.31269226,127.1034422
2020-11-30 21:37:23,1,1,30.9,103,37.31277735,127.10351440000001
2020-11-30 21:37:24,1,1,30.45,103,37.3125266,127.1035222
2020-11-30 21:37:25,1,1,28.34,103,37.31227699,127.10353020000001
2020-11-30 21:37:26,1,1,30.0,103,37.31202562,127.1035327
2020-11-30 21:37:27,1,1,29.15,102,37.31177189,127.1035354
2020-11-30 21:37:28,1,1,28.74,102,37.31151823,127.1035362
2020-11-30 21:37:29,1,1,28.74,102,37.31126909,127.1035386
2020-11-30 21:37:30,1,1,29.57,102,37.31068671,127.10348529999999
2020-11-30 21:37:31,1,1,25.49,102,37.31043544,127.1034898
2020-11-30 21:37:32,1,1,22.84,102,37.31052329,127.1035446
2020-11-30 21:37:33,1,1,25.49,101,37.31027332,127.10354479999998
2020-11-30 21:37:34,1,1,25.49,99,37.30968523,127.1034989
2020-11-30 21:37:35,1,1,25.16,97,37.309775,127.1035429
2020-11-30 21:37:36,1,1,25.81,95,37.30953861,127.1035429
2020-11-30 21:37:37,1,1,24.24,94,37.30898535,127.1035021
2020-11-30 21:37:38,1,1,26.15,93,37.30875118,127.1035044
2020-11-30 21:37:39,1,1,26.85,93,37.30851679999999,127.10350729999999
2020-11-30 21:37:40,1,1,25.16,93,37.30828174,127.1035108
2020-11-30 21:37:41,1,1,25.16,93,37.30805279,127.10351419999999
2020-11-30 21:37:42,1,1,24.85,93,37.30783229,127.10351599999998
2020-11-30 21:37:43,1,1,24.54,92,37.30760569,127.1035165
2020-11-30 21:37:44,1,1,25.16,92,37.30770606,127.10355320000001
2020-11-30 21:37:45,1,1,26.49,92,37.3074814,127.10355790000001
2020-11-30 21:37:46,1,1,24.85,92,37.30725457,127.1035613
2020-11-30 21:37:47,1,1,24.24,92,37.30673172,127.10351580000001
2020-11-30 21:37:48,1,1,28.74,92,37.30650971,127.1035159
2020-11-30 21:37:49,1,1,25.81,92,37.30656722,127.1035664
2020-11-30 21:37:50,1,1,27.96,93,37.30633997,127.1035699
2020-11-30 21:37:51,1,1,27.58,93,37.30584322,127.1035159
2020-11-30 21:37:52,1,1,26.85,94,37.30561616,127.1035155
2020-11-30 21:37:53,1,1,26.49,94,37.30538368,127.10351599999998
2020-11-30 21:37:54,1,1,27.58,94,37.30516105,127.1035163
2020-11-30 21:37:55,1,1,26.49,94,37.30493996,127.10351570000002
2020-11-30 21:37:56,1,1,26.85,94,37.30471138,127.10351740000002
2020-11-30 21:37:57,1,1,23.66,93,37.30448042,127.10351899999999
2020-11-30 21:37:58,1,1,25.16,93,37.30450023,127.10358659999999
2020-11-30 21:37:59,1,1,26.15,93,37.30402603,127.10352079999998
2020-11-30 21:38:00,1,1,27.21,94,37.30404214,127.103598
2020-11-30 21:38:01,1,1,25.81,94,37.30381202,127.10360039999999
2020-11-30 21:38:02,1,1,25.81,94,37.303583,127.103596
2020-11-30 21:38:03,1,1,28.34,94,37.30311692,127.10352250000001
2020-11-30 21:38:04,1,1,27.21,94,37.30288983,127.10352340000001
2020-11-30 21:38:05,1,1,26.15,95,37.30265283,127.10352479999999
2020-11-30 21:38:06,1,1,28.34,95,37.30266088,127.10359979999998
2020-11-30 21:38:07,1,1,27.96,95,37.30242726,127.10359440000002
2020-11-30 21:38:08,1,1,28.34,95,37.30195612,127.1035271
2020-11-30 21:38:09,1,1,28.34,95,37.30195372,127.103587
2020-11-30 21:38:10,1,1,25.49,95,37.30171772,127.1035851
2020-11-30 21:38:11,1,1,27.21,95,37.30125814,127.10352820000001
2020-11-30 21:38:12,1,1,28.74,95,37.30102552,127.1035285
2020-11-30 21:38:13,1,1,26.85,95,37.30079357,127.10352820000001
2020-11-30 21:38:14,1,1,27.58,95,37.30078134,127.1035842
2020-11-30 21:38:15,1,1,27.96,95,37.30055247,127.103583
2020-11-30 21:38:16,1,1,27.58,95,37.30032326,127.1035817
2020-11-30 21:38:17,1,1,29.15,96,37.30009437,127.1035825
2020-11-30 21:38:18,1,1,29.57,97,37.2998651,127.1035838
2020-11-30 21:38:19,1,1,22.32,97,37.29963384,127.10358570000001
2020-11-30 21:38:20,1,1,16.0,97,37.29916316,127.10351829999999
2020-11-30 21:38:21,1,1,14.67,96,37.299162200000005,127.1035886
2020-11-30 21:38:22,1,1,13.74,94,37.29892809,127.10358970000001
2020-11-30 21:38:23,1,1,12.7,91,37.29844943,127.1035185
2020-11-30 21:38:24,1,1,21.82,88,37.29822523,127.10352069999999
2020-11-30 21:38:25,1,1,21.57,86,37.29800172,127.10352350000001
2020-11-30 21:38:26,1,1,20.87,85,37.29803023,127.10358970000001
2020-11-30 21:38:27,1,1,20.87,84,37.29756773,127.10352900000001
2020-11-30 21:38:28,1,1,22.06,83,37.29736424,127.103532
2020-11-30 21:38:29,1,1,13.52,83,37.29740861,127.1035952
2020-11-30 21:38:30,1,1,12.6,84,37.29720356,127.1035999
2020-11-30 21:38:31,1,1,24.85,85,37.29700141,127.1036042
2020-11-30 21:38:32,1,1,23.38,85,37.29653301,127.10354050000001
2020-11-30 21:38:33,1,1,23.66,85,37.29632859,127.1035409
2020-11-30 21:38:34,1,1,25.49,85,37.29612232,127.1035392
2020-11-30 21:38:35,1,1,24.85,85,37.29618375,127.103604
2020-11-30 21:38:36,1,1,25.16,85,37.29598188,127.1036072
2020-11-30 21:38:37,1,1,23.66,85,37.29577941,127.1036114
2020-11-30 21:38:38,1,1,23.66,85,37.29557328,127.10361540000001
2020-11-30 21:38:39,1,1,24.24,85,37.29536956,127.10361770000002
2020-11-30 21:38:40,1,1,30.0,85,37.29516462,127.1036199
2020-11-30 21:38:41,1,1,30.0,85,37.29468113,127.10355020000002
2020-11-30 21:38:42,1,1,,85,37.29448182,127.1035492
2020-11-30 21:38:43,1,1,27.96,86,37.29427659,127.1035476
2020-11-30 21:38:44,1,1,23.95,87,37.29406984,127.1035473
2020-11-30 21:38:45,1,1,24.85,87,37.29413317,127.10361359999999
2020-11-30 21:38:46,1,1,24.85,87,37.2936549,127.10354540000002
2020-11-30 21:38:47,1,1,26.15,88,37.29371804,127.1036124
2020-11-30 21:38:48,1,1,27.21,88,37.29324302,127.1035385
2020-11-30 21:38:49,1,1,26.49,88,37.29303292,127.1035365
2020-11-30 21:38:50,1,1,25.49,89,37.29281612,127.10353429999999
2020-11-30 21:38:51,1,1,26.15,89,37.29259826,127.10353219999999
2020-11-30 21:38:52,1,1,20.42,90,37.29237933,127.1035321
2020-11-30 21:38:53,1,1,19.38,90,37.29239358,127.1036189
2020-11-30 21:38:54,1,1,20.42,91,37.29217602,127.10361509999998
2020-11-30 21:38:55,1,1,,93,37.29194431,127.10360109999999
2020-11-30 21:38:56,1,1,26.85,95,37.29171402,127.1035908
2020-11-30 21:38:57,1,1,25.81,93,37.29127486,127.103518
2020-11-30 21:38:58,1,1,25.81,93,37.29124066,127.10358390000002
2020-11-30 21:38:59,1,1,25.49,92,37.29100336,127.1035831
2020-11-30 21:39:00,1,1,15.58,92,37.29061169,127.1035096
2020-11-30 21:39:01,1,1,24.85,92,37.29039482,127.1035072
2020-11-30 21:39:02,1,1,27.58,92,37.29017575,127.10350490000002
2020-11-30 21:39:03,1,1,26.49,92,37.28994496,127.10350249999999
2020-11-30 21:39:04,1,1,26.85,93,37.28971935,127.1035023
2020-11-30 21:39:05,1,1,,94,37.28948747,127.10349779999999
2020-11-30 21:39:06,1,1,,95,37.28926157,127.1034967
2020-11-30 21:39:07,1,1,,96,37.28919348,127.10359380000001
2020-11-30 21:39:08,1,1,29.15,97,37.28896688,127.1035946
2020-11-30 21:39:09,1,1,27.96,97,37.28854391,127.10350190000001
2020-11-30 21:39:10,1,1,28.74,98,37.28829921,127.103504
2020-11-30 21:39:11,1,1,27.58,98,37.28828627,127.1036017
2020-11-30 21:39:12,1,1,27.58,98,37.28805331,127.1036117
2020-11-30 21:39:13,1,1,27.96,99,37.28757857,127.10350940000001
2020-11-30 21:39:14,1,1,32.34,100,37.28758073,127.1036314
2020-11-30 21:39:15,1,1,37.52,101,37.28709203,127.1035082
2020-11-30 21:39:16,1,1,36.87,102,37.28684929,127.10350759999999
2020-11-30 21:39:17,1,1,36.87,103,37.28684092,127.1036446
2020-11-30 21:39:18,1,1,,103,37.28636661,127.1035034
2020-11-30 21:39:19,1,1,,1,37.28611803,127.10350079999999
2020-11-30 21:39:20,1,1,,1,37.28586634,127.1035013
2020-11-30 21:39:21,1,1,,103,37.28581856,127.103641
2020-11-30 21:39:22,1,1,30.45,103,37.28556081,127.10363799999999
2020-11-30 21:39:23,1,1,31.85,102,37.28510647,127.1035039
2020-11-30 21:39:24,1,1,29.15,102,37.2848537,127.103502
2020-11-30 21:39:25,1,1,27.58,102,37.28459960000001,127.10350109999999
2020-11-30 21:39:26,1,1,28.34,102,37.28455776,127.103642
2020-11-30 21:39:27,1,1,28.74,102,37.28410691,127.1034989
2020-11-30 21:39:28,1,1,,102,37.28405448,127.103642
2020-11-30 21:39:29,1,1,,102,37.28380407,127.10363829999999
2020-11-30 21:39:30,1,1,25.16,100,37.28355195,127.1036354
2020-11-30 21:39:31,1,1,24.54,98,37.28330195,127.1036331
2020-11-30 21:39:32,1,1,24.54,95,37.28290784,127.10350079999999
2020-11-30 21:39:33,1,1,23.95,93,37.28281838,127.1036345
2020-11-30 21:39:34,1,1,26.85,93,37.28243188,127.10350509999999
2020-11-30 21:39:35,1,1,25.81,92,37.28234717,127.10363909999998
2020-11-30 21:39:36,1,1,23.66,93,37.28211685,127.10364059999999
2020-11-30 21:39:37,1,1,26.85,94,37.28188888,127.1036425
2020-11-30 21:39:38,1,1,27.21,95,37.28166181,127.1036436
2020-11-30 21:39:39,1,1,27.58,96,37.28127282,127.1035178
2020-11-30 21:39:40,1,1,27.58,97,37.28119788,127.10364709999999
2020-11-30 21:39:41,1,1,29.15,98,37.28096307,127.10364890000001
2020-11-30 21:39:42,1,1,29.57,99,37.28056454,127.1035187
2020-11-30 21:39:43,1,1,29.15,100,37.28048208,127.10365259999999
2020-11-30 21:39:44,1,1,,100,37.28023663,127.1036535
2020-11-30 21:39:45,1,1,,101,37.27982079,127.1035193
2020-11-30 21:39:46,1,1,,100,37.27974311,127.10365690000002
2020-11-30 21:39:47,1,1,,99,37.27932031,127.1035205
2020-11-30 21:39:48,1,1,15.86,97,37.27925391,127.10366499999999
2020-11-30 21:39:49,1,1,24.24,95,37.27883284,127.1035226
2020-11-30 21:39:50,1,1,22.06,92,37.27878628,127.10367120000001
2020-11-30 21:39:51,1,1,23.38,90,37.27836081,127.10352920000001
2020-11-30 21:39:52,1,1,23.38,89,37.27811193,127.10353130000001
2020-11-30 21:39:53,1,1,22.84,89,37.27787295,127.1035362
2020-11-30 21:39:54,1,1,22.57,88,37.27763521,127.1035422
2020-11-30 21:39:55,1,1,23.66,89,37.27740179,127.1035489
2020-11-30 21:39:56,1,1,24.24,88,37.27717478,127.10355190000001
2020-11-30 21:39:57,1,1,25.16,88,37.27695549,127.10355459999998
2020-11-30 21:39:58,1,1,23.38,88,37.27673336,127.10355770000001
2020-11-30 21:39:59,1,1,23.11,86,37.27651301,127.10356340000001
2020-11-30 21:40:00,1,1,24.24,83,37.27663692,127.1036658
2020-11-30 21:40:01,1,1,26.15,83,37.2764314,127.10366670000002
2020-11-30 21:40:02,1,1,25.16,84,37.27588487,127.10357990000001
2020-11-30 21:40:03,1,1,26.85,85,37.27568084,127.1035855
2020-11-30 21:40:04,1,1,,86,37.27582873,127.10367109999999
2020-11-30 21:40:05,1,1,,87,37.27526442,127.10359220000001
2020-11-30 21:40:06,1,1,,88,37.27505404,127.1035945
2020-11-30 21:40:07,1,1,,90,37.27484866,127.10359640000001
2020-11-30 21:40:08,1,1,,93,37.27498212,127.1036662
2020-11-30 21:40:09,1,1,,95,37.27475624,127.10366529999999
2020-11-30 21:40:10,1,1,,96,37.27452608,127.10366289999999
2020-11-30 21:40:11,1,1,,97,37.27428694,127.1036622
2020-11-30 21:40:12,1,1,47.38,97,37.27404578,127.103664
2020-11-30 21:40:13,1,1,32.85,97,37.27380567,127.10366599999999
2020-11-30 21:40:14,1,1,,95,37.27328644,127.1035869
2020-11-30 21:40:15,1,1,,95,37.27333002,127.1036663
2020-11-30 21:40:16,1,1,30.0,94,37.27281359,127.10358490000002
2020-11-30 21:40:17,1,1,27.21,93,37.27287425,127.10366280000001
2020-11-30 21:40:18,1,1,26.15,92,37.27264887,127.1036634
2020-11-30 21:40:19,1,1,25.16,91,37.2724245,127.1036656
2020-11-30 21:40:20,1,1,24.85,90,37.27220385,127.1036675
2020-11-30 21:40:21,1,1,26.15,89,37.27198717,127.1036675
2020-11-30 21:40:22,1,1,24.85,88,37.27144508,127.10357830000001
2020-11-30 21:40:23,1,1,24.54,88,37.27122472,127.10357649999999
2020-11-30 21:40:24,1,1,16.75,88,37.27133541,127.1036794
2020-11-30 21:40:25,1,1,18.07,88,37.27111916,127.10368059999999
2020-11-30 21:40:26,1,1,23.38,88,37.27090286,127.10368319999999
2020-11-30 21:40:27,1,1,25.16,87,37.2706881,127.1036855
2020-11-30 21:40:28,1,1,23.38,87,37.27047278,127.10368700000001
2020-11-30 21:40:29,1,1,22.57,87,37.26995191,127.10357250000001
2020-11-30 21:40:30,1,1,22.57,87,37.27004585,127.1036903
2020-11-30 21:40:31,1,1,23.66,86,37.26952072,127.1035767
2020-11-30 21:40:32,1,1,25.16,86,37.26930717,127.10357830000001
2020-11-30 21:40:33,1,1,25.16,86,37.26908065,127.10358049999999
2020-11-30 21:40:34,1,1,26.15,86,37.26888098,127.10358240000001
2020-11-30 21:40:35,1,1,26.15,86,37.2690107,127.1037094
2020-11-30 21:40:36,1,1,24.85,86,37.26853464,127.10358390000002
2020-11-30 21:40:37,1,1,25.16,86,37.26834274,127.1035837
2020-11-30 21:40:38,1,1,27.21,86,37.26835535,127.1037132
2020-11-30 21:40:39,1,1,25.49,86,37.2679533,127.1035844
2020-11-30 21:40:40,1,1,25.49,86,37.26772329,127.103586
2020-11-30 21:40:41,1,1,25.16,86,37.26769981,127.1037119
2020-11-30 21:40:42,1,1,24.54,86,37.267290700000004,127.1035884
2020-11-30 21:40:43,1,1,25.16,85,37.267270200000006,127.1037092
2020-11-30 21:40:44,1,1,25.49,87,37.26689149,127.103591
2020-11-30 21:40:45,1,1,25.49,87,37.26668699,127.10359199999999
2020-11-30 21:40:46,1,1,24.54,87,37.26663054,127.10371049999999
2020-11-30 21:40:47,1,1,22.57,87,37.26625403,127.10359209999999
2020-11-30 21:40:48,1,1,22.57,87,37.26620338,127.1037115
2020-11-30 21:40:49,1,1,22.32,87,37.26598888,127.10371210000001
2020-11-30 21:40:50,1,1,22.57,86,37.26577584,127.1037124
2020-11-30 21:40:51,1,1,21.57,86,37.26556326,127.103715
2020-11-30 21:40:52,1,1,23.38,86,37.2653516,127.10371459999999
2020-11-30 21:40:53,1,1,23.38,86,37.26514003,127.1037179
2020-11-30 21:40:54,1,1,23.11,85,37.26481944,127.10359950000002
2020-11-30 21:40:55,1,1,25.16,85,37.26471711,127.1037217
2020-11-30 21:40:56,1,1,24.85,85,37.26440425,127.1036067
2020-11-30 21:40:57,1,1,24.54,85,37.26419401,127.10361019999999
2020-11-30 21:40:58,1,1,26.49,85,37.26409039,127.10372240000001
2020-11-30 21:40:59,1,1,27.58,86,37.26378151,127.10362040000001
2020-11-30 21:41:00,1,1,22.32,87,37.26366799,127.1037246
2020-11-30 21:41:01,1,1,23.66,87,37.26336684,127.1036328
2020-11-30 21:41:02,1,1,21.82,88,37.26315027,127.10363889999999
2020-11-30 21:41:03,1,1,26.15,88,37.26302362,127.1037297
2020-11-30 21:41:04,1,1,26.85,89,37.2627146,127.1036443
2020-11-30 21:41:05,1,1,26.15,89,37.2625902,127.10373229999999
2020-11-30 21:41:06,1,1,26.49,89,37.26237302,127.10373200000001
2020-11-30 21:41:07,1,1,24.24,89,37.26215152,127.10373249999999
2020-11-30 21:41:08,1,1,23.66,89,37.261932,127.1037322
2020-11-30 21:41:09,1,1,23.95,89,37.26171404,127.10373349999999
2020-11-30 21:41:10,1,1,24.24,88,37.26139869,127.1036393
2020-11-30 21:41:11,1,1,24.54,88,37.26128287,127.1037365
2020-11-30 21:41:12,1,1,,87,37.261070399999994,127.1037386
2020-11-30 21:41:13,1,1,25.81,87,37.26076072,127.10364750000001
2020-11-30 21:41:14,1,1,23.66,87,37.2606402,127.1037396
2020-11-30 21:41:15,1,1,24.85,87,37.26042564,127.10374080000001
2020-11-30 21:41:16,1,1,25.16,87,37.26011363,127.1036548
2020-11-30 21:41:17,1,1,24.24,86,37.26000022,127.10374409999999
2020-11-30 21:41:18,1,1,23.66,86,37.25979053,127.10374420000001
2020-11-30 21:41:19,1,1,21.82,86,37.25958265,127.10374180000001
2020-11-30 21:41:20,1,1,22.06,86,37.25937746,127.10374240000002
2020-11-30 21:41:21,1,1,27.96,85,37.25917161,127.1037453
2020-11-30 21:41:22,1,1,23.66,85,37.25896484,127.10375249999998
2020-11-30 21:41:23,1,1,23.66,85,37.2587585,127.1037601
2020-11-30 21:41:24,1,1,23.66,85,37.25855371,127.1037585
2020-11-30 21:41:25,1,1,23.95,85,37.25835046,127.1037504
2020-11-30 21:41:26,1,1,24.54,85,37.25814829,127.1037493
2020-11-30 21:41:27,1,1,23.38,85,37.25778182,127.1036703
2020-11-30 21:41:28,1,1,22.06,85,37.25773777,127.10374909999999
2020-11-30 21:41:29,1,1,22.57,85,37.25753345,127.1037436
2020-11-30 21:41:30,1,1,24.85,85,37.25732853,127.1037429
2020-11-30 21:41:31,1,1,25.49,85,37.25712248,127.10374340000001
2020-11-30 21:41:32,1,1,24.54,85,37.25691286,127.1037452
2020-11-30 21:41:33,1,1,27.58,85,37.25651617,127.1036669
2020-11-30 21:41:34,1,1,28.34,85,37.25631313,127.1036649
2020-11-30 21:41:35,1,1,27.21,85,37.25628785,127.10374640000002
2020-11-30 21:41:36,1,1,23.66,85,37.25608002,127.1037472
2020-11-30 21:41:37,1,1,26.85,85,37.25587056,127.10375079999999
2020-11-30 21:41:38,1,1,22.57,85,37.25550617,127.10365290000001
2020-11-30 21:41:39,1,1,22.06,85,37.2553135,127.1036493
2020-11-30 21:41:40,1,1,25.16,85,37.25524708,127.1037527
2020-11-30 21:41:41,1,1,,85,37.25490648,127.10364469999999
2020-11-30 21:41:42,1,1,25.16,85,37.25469694,127.1036451
2020-11-30 21:41:43,1,1,24.85,86,37.25462462,127.1037619
2020-11-30 21:41:44,1,1,23.11,86,37.25441631,127.1037635
2020-11-30 21:41:45,1,1,24.85,86,37.25408616,127.10364409999998
2020-11-30 21:41:46,1,1,25.81,86,37.25400359,127.10376550000001
2020-11-30 21:41:47,1,1,27.21,86,37.25367956,127.1036426
2020-11-30 21:41:48,1,1,28.74,87,37.25358368,127.10376770000002
2020-11-30 21:41:49,1,1,25.49,87,37.25326553,127.10364229999999
2020-11-30 21:41:50,1,1,28.34,87,37.25304769,127.1036451
2020-11-30 21:41:51,1,1,27.96,87,37.2528335,127.10364650000001
2020-11-30 21:41:52,1,1,28.34,87,37.25262108,127.1036483
2020-11-30 21:41:53,1,1,25.49,88,37.25240246,127.10365149999998
2020-11-30 21:41:54,1,1,23.38,88,37.252186200000004,127.1036548
2020-11-30 21:41:55,1,1,25.16,88,37.25196846,127.1036607
2020-11-30 21:41:56,1,1,25.49,87,37.25186536,127.1037862
2020-11-30 21:41:57,1,1,24.54,87,37.25154758,127.1036675
2020-11-30 21:41:58,1,1,26.49,86,37.25133561,127.10366869999999
2020-11-30 21:41:59,1,1,25.16,86,37.25112719,127.10367109999999
2020-11-30 21:42:00,1,1,24.54,86,37.25091306,127.10367430000001
2020-11-30 21:42:01,1,1,23.95,85,37.25072353,127.1036778
2020-11-30 21:42:02,1,1,24.85,85,37.25051145,127.1036794
2020-11-30 21:42:03,1,1,24.24,85,37.25040675,127.1038104
2020-11-30 21:42:04,1,1,23.95,85,37.25019716,127.10381170000001
2020-11-30 21:42:05,1,1,22.57,85,37.24998873,127.1038137
2020-11-30 21:42:06,1,1,23.38,84,37.24978075,127.1038125
2020-11-30 21:42:07,1,1,22.84,84,37.24957463,127.10381389999999
2020-11-30 21:42:08,1,1,24.85,84,37.24927819,127.1036946
2020-11-30 21:42:09,1,1,23.38,83,37.24916732,127.10381770000001
2020-11-30 21:42:10,1,1,22.32,83,37.24896359,127.1038193
2020-11-30 21:42:11,1,1,21.57,83,37.24875743,127.1038216
2020-11-30 21:42:12,1,1,22.84,83,37.24855069,127.10382450000002
2020-11-30 21:42:13,1,1,22.32,83,37.24827649,127.10369509999998
2020-11-30 21:42:14,1,1,23.38,83,37.24814046,127.10383
2020-11-30 21:42:15,1,1,22.84,83,37.2478719,127.1036966
2020-11-30 21:42:16,1,1,24.24,83,37.24773272,127.10384180000001
2020-11-30 21:42:17,1,1,23.66,83,37.24753595,127.10384350000001
2020-11-30 21:42:18,1,1,22.06,82,37.24733885,127.1038457
2020-11-30 21:42:19,1,1,22.84,82,37.24713964,127.1038449
2020-11-30 21:42:20,1,1,25.16,83,37.24693774,127.1038449
2020-11-30 21:42:21,1,1,24.54,84,37.24673426,127.1038447
2020-11-30 21:42:22,1,1,,85,37.24652874,127.1038446
2020-11-30 21:42:23,1,1,,85,37.24632297,127.1038455
2020-11-30 21:42:24,1,1,,86,37.24600679,127.10374340000001
2020-11-30 21:42:25,1,1,,86,37.24579962,127.10375520000001
2020-11-30 21:42:26,1,1,25.81,86,37.24558839,127.10377179999999
2020-11-30 21:42:27,1,1,25.81,86,37.24537604,127.1037932
2020-11-30 21:42:28,1,1,28.34,87,37.24525603,127.10390290000001
2020-11-30 21:42:29,1,1,,87,37.24495507,127.1038432
2020-11-30 21:42:30,1,1,29.15,87,37.24482274,127.1039538
2020-11-30 21:42:31,1,1,26.85,88,37.24453158,127.1039017
2020-11-30 21:42:32,1,1,27.21,88,37.24432842,127.1039361
2020-11-30 21:42:33,1,1,27.21,88,37.24412441,127.10397309999999
2020-11-30 21:42:34,1,1,,89,37.24396724,127.10409840000001
2020-11-30 21:42:35,1,1,27.21,89,37.24369411,127.1040565
2020-11-30 21:42:36,1,1,22.57,88,37.24354051,127.1041861
2020-11-30 21:42:37,1,1,23.38,87,37.2433301,127.10423329999999
2020-11-30 21:42:38,1,1,25.49,87,37.24306875,127.1042011
2020-11-30 21:42:39,1,1,25.49,87,37.24291764,127.10434
2020-11-30 21:42:40,1,1,25.16,86,37.24271223,127.10439440000002
2020-11-30 21:42:41,1,1,24.54,86,37.24250567,127.10445109999999
2020-11-30 21:42:42,1,1,24.24,85,37.24230047,127.1045066
2020-11-30 21:42:43,1,1,23.95,85,37.24209673,127.10456200000002
2020-11-30 21:42:44,1,1,24.54,85,37.24180874,127.10451259999999
2020-11-30 21:42:45,1,1,24.85,85,37.24159823,127.104564
2020-11-30 21:42:46,1,1,24.85,85,37.24148415,127.104729
2020-11-30 21:42:47,1,1,23.38,85,37.241279600000006,127.10478490000001
2020-11-30 21:42:48,1,1,23.66,84,37.24107376,127.1048416
2020-11-30 21:42:49,1,1,23.38,83,37.24076291,127.10477279999999
2020-11-30 21:42:50,1,1,22.06,83,37.2406691,127.10495290000001
2020-11-30 21:42:51,1,1,19.79,81,37.24047012,127.10500729999998
2020-11-30 21:42:52,1,1,57.16,80,37.24014431,127.1049298
2020-11-30 21:42:53,1,1,57.16,80,37.23995357,127.10497649999999
2020-11-30 21:42:54,1,1,,81,37.23975947,127.1050249
2020-11-30 21:42:55,1,1,57.16,82,37.23956999,127.1050716
2020-11-30 21:42:56,1,1,63.64,85,37.23950543,127.1052624
2020-11-30 21:42:57,1,1,,80,37.23930278,127.1053098
2020-11-30 21:42:58,1,1,,92,37.23909772,127.1053585
2020-11-30 21:42:59,1,1,43.6,94,37.23888713,127.1054051
2020-11-30 21:43:00,1,1,35.04,94,37.23867385,127.10545259999998
2020-11-30 21:43:01,1,1,33.37,95,37.23845725,127.105502
2020-11-30 21:43:02,1,1,32.85,95,37.23823784,127.10555829999998
2020-11-30 21:43:03,1,1,30.9,94,37.23784866,127.1054811
2020-11-30 21:43:04,1,1,33.91,93,37.23778243,127.10567809999999
2020-11-30 21:43:05,1,1,28.74,92,37.23742252,127.10558700000001
2020-11-30 21:43:06,1,1,29.57,90,37.23719642,127.10564620000001
2020-11-30 21:43:07,1,1,27.96,89,37.2371059,127.105857
2020-11-30 21:43:08,1,1,28.34,89,37.23688682,127.1059156
2020-11-30 21:43:09,1,1,28.74,89,37.23656025,127.1058068
2020-11-30 21:43:10,1,1,29.15,90,37.23634001,127.1058649
2020-11-30 21:43:11,1,1,30.9,91,37.23623737,127.10608729999998
2020-11-30 21:43:12,1,1,31.85,92,37.23602283,127.1061443
2020-11-30 21:43:13,1,1,30.45,94,37.23580811,127.10620259999999
2020-11-30 21:43:14,1,1,33.37,97,37.23546525,127.10610430000001
2020-11-30 21:43:15,1,1,33.37,98,37.23534838,127.10633200000001
2020-11-30 21:43:16,1,1,,100,37.2350028,127.1062298
2020-11-30 21:43:17,1,1,34.47,101,37.23476571,127.1062928
2020-11-30 21:43:18,1,1,31.37,102,37.23463379,127.10652809999999
2020-11-30 21:43:19,1,1,32.34,1,37.23426192,127.1064356
2020-11-30 21:43:20,1,1,31.85,105,37.23414191,127.1066622
2020-11-30 21:43:21,1,1,32.34,106,37.233736799999996,127.1065946
2020-11-30 21:43:22,1,1,20.65,107,37.23347649,127.1066662
2020-11-30 21:43:23,1,1,30.9,108,37.23338325,127.10686399999999
2020-11-30 21:43:24,1,1,30.9,108,37.23312566,127.1069319
2020-11-30 21:43:25,1,1,,107,37.23268151,127.1068746
2020-11-30 21:43:26,1,1,,107,37.23241777,127.10692279999999
2020-11-30 21:43:27,1,1,,106,37.23215986,127.1069571
2020-11-30 21:43:28,1,1,,106,37.23208334,127.1071298
2020-11-30 21:43:29,1,1,,106,37.23163017,127.10697569999999
2020-11-30 21:43:30,1,1,30.0,105,37.23156324,127.1071291
2020-11-30 21:43:31,1,1,29.57,1,37.23130742,127.1071008
2020-11-30 21:43:32,1,1,27.96,103,37.23084095,127.10688370000001
2020-11-30 21:43:33,1,1,26.85,102,37.23079484,127.10702250000001
2020-11-30 21:43:34,1,1,26.15,99,37.2303777,127.1067535
2020-11-30 21:43:35,1,1,23.66,97,37.23016451,127.1066663
2020-11-30 21:43:36,1,1,26.15,95,37.22995151,127.10656509999998
2020-11-30 21:43:37,1,1,,95,37.229739,127.10645249999999
2020-11-30 21:43:38,1,1,21.57,94,37.22966508,127.106569
2020-11-30 21:43:39,1,1,20.65,94,37.22945454,127.1064498
2020-11-30 21:43:40,1,1,23.95,94,37.22911214,127.1060432
2020-11-30 21:43:41,1,1,23.95,94,37.22904847,127.1061727
2020-11-30 21:43:42,1,1,21.57,94,37.22885037,127.10602209999999
2020-11-30 21:43:43,1,1,23.95,94,37.22865219,127.1058666
2020-11-30 21:43:44,1,1,26.15,94,37.22845433,127.10571029999998
2020-11-30 21:43:45,1,1,25.81,94,37.22810321,127.10527990000001
2020-11-30 21:43:46,1,1,25.16,94,37.228053,127.1053967
2020-11-30 21:43:47,1,1,26.49,94,37.22785256,127.1052416
2020-11-30 21:43:48,1,1,25.16,94,37.22765287,127.1050875
2020-11-30 21:43:49,1,1,26.49,94,37.22731173,127.1046757
2020-11-30 21:43:50,1,1,27.96,94,37.22711197,127.10452430000001
2020-11-30 21:43:51,1,1,26.15,95,37.22705866,127.1046308
2020-11-30 21:43:52,1,1,30.0,96,37.22670806,127.10421799999999
2020-11-30 21:43:53,1,1,31.37,98,37.22650378,127.1040607
2020-11-30 21:43:54,1,1,35.63,100,37.22629484,127.1038965
2020-11-30 21:43:55,1,1,33.37,102,37.22608131,127.1037313
2020-11-30 21:43:56,1,1,32.85,103,37.22586397,127.10356270000001
2020-11-30 21:43:57,1,1,33.37,1,37.22582514,127.1036726
2020-11-30 21:43:58,1,1,32.34,106,37.22542402,127.1032277
2020-11-30 21:43:59,1,1,34.47,108,37.22520446,127.1030603
2020-11-30 21:44:00,1,1,35.63,109,37.22516011,127.10317140000002
2020-11-30 21:44:01,1,1,,110,37.22493113,127.10299479999999
2020-11-30 21:44:02,1,1,35.04,111,37.22470117,127.1028183
2020-11-30 21:44:03,1,1,33.91,112,37.22425985,127.1023525
2020-11-30 21:44:04,1,1,35.04,112,37.22402304,127.10218
2020-11-30 21:44:05,1,1,33.91,111,37.22378849,127.10200729999998
2020-11-30 21:44:06,1,1,32.34,110,37.22355679,127.1018365
2020-11-30 21:44:07,1,1,29.57,109,37.223321500000004,127.1016655
2020-11-30 21:44:08,1,1,29.57,108,37.22308487,127.10149380000001
2020-11-30 21:44:09,1,1,27.96,107,37.22286556,127.10133370000001
2020-11-30 21:44:10,1,1,29.15,106,37.22286974,127.1014419
2020-11-30 21:44:11,1,1,27.96,1,37.22242375,127.10101019999999
2020-11-30 21:44:12,1,1,28.34,103,37.22243149,127.10110279999999
2020-11-30 21:44:13,1,1,24.54,103,37.22221658,127.10093619999999
2020-11-30 21:44:14,1,1,27.21,103,37.22200437,127.10076799999999
2020-11-30 21:44:15,1,1,26.85,103,37.221792,127.10059950000002
2020-11-30 21:44:16,1,1,26.49,102,37.22157557,127.10043540000001
2020-11-30 21:44:17,1,1,26.85,101,37.22136177,127.10027290000001
2020-11-30 21:44:18,1,1,24.24,100,37.22087554,127.09988670000001
2020-11-30 21:44:19,1,1,23.66,99,37.22094026,127.09995690000001
2020-11-30 21:44:20,1,1,22.84,99,37.22073041,127.0998033
2020-11-30 21:44:21,1,1,19.58,98,37.22025442,127.0994385
2020-11-30 21:44:22,1,1,19.38,98,37.22031571,127.0995028
2020-11-30 21:44:23,1,1,20.21,98,37.220110600000005,127.099351
2020-11-30 21:44:24,1,1,21.33,98,37.21990644,127.09919950000001
2020-11-30 21:44:25,1,1,25.49,98,37.21970133,127.09904669999999
2020-11-30 21:44:26,1,1,26.49,98,37.21949475,127.0988928
2020-11-30 21:44:27,1,1,27.58,98,37.21900142,127.09853059999999
2020-11-30 21:44:28,1,1,26.49,98,37.21879301,127.0983845
2020-11-30 21:44:29,1,1,27.21,98,37.21886636,127.098437
2020-11-30 21:44:30,1,1,25.81,98,37.21865783,127.09829189999999
2020-11-30 21:44:31,1,1,,98,37.21817663,127.0979804
2020-11-30 21:44:32,1,1,27.96,98,37.21796191,127.09785079999999
2020-11-30 21:44:33,1,1,26.85,98,37.21774875,127.09772849999999
2020-11-30 21:44:34,1,1,26.85,98,37.21779548,127.09775520000001
2020-11-30 21:44:35,1,1,25.49,98,37.21757904,127.09762859999998
2020-11-30 21:44:36,1,1,26.85,98,37.21736131,127.0975048
2020-11-30 21:44:37,1,1,27.58,98,37.21714089,127.09738130000001
2020-11-30 21:44:38,1,1,,99,37.21670729,127.09711999999999
2020-11-30 21:44:39,1,1,,100,37.21649615,127.0970057
2020-11-30 21:44:40,1,1,30.45,100,37.21627115,127.0968915
2020-11-30 21:44:41,1,1,28.34,101,37.21623758,127.0969087
2020-11-30 21:44:42,1,1,27.96,101,37.21600519,127.09683020000001
2020-11-30 21:44:43,1,1,27.58,102,37.21558021,127.0965602
2020-11-30 21:44:44,1,1,30.0,102,37.21534299,127.09645630000001
2020-11-30 21:44:45,1,1,29.57,103,37.21531494,127.09651979999998
2020-11-30 21:44:46,1,1,,1,37.21507442,127.0964287
2020-11-30 21:44:47,1,1,31.85,105,37.21483387,127.09633799999999
2020-11-30 21:44:48,1,1,29.57,106,37.21437676,127.09610479999999
2020-11-30 21:44:49,1,1,30.0,106,37.21433463,127.09616319999999
2020-11-30 21:44:50,1,1,30.9,107,37.21407670000001,127.0960817
2020-11-30 21:44:51,1,1,36.24,107,37.213817299999995,127.09600490000001
2020-11-30 21:44:52,1,1,29.15,107,37.21337823,127.09579640000001
2020-11-30 21:44:53,1,1,28.74,107,37.2131263,127.09573
2020-11-30 21:44:54,1,1,26.85,107,37.21303547,127.0957952
2020-11-30 21:44:55,1,1,27.21,107,37.21277911,127.09573259999999
2020-11-30 21:44:56,1,1,,107,37.21236279,127.0955581
2020-11-30 21:44:57,1,1,,108,37.21210394,127.09550859999999
2020-11-30 21:44:58,1,1,,109,37.21199143,127.09557020000001
2020-11-30 21:44:59,1,1,,110,37.21172615,127.0955222
2020-11-30 21:45:00,1,1,29.15,111,37.21129101,127.0953826
2020-11-30 21:45:01,1,1,29.15,111,37.21118952,127.0954493
2020-11-30 21:45:02,1,1,26.49,112,37.21091805,127.0954253
2020-11-30 21:45:03,1,1,30.0,113,37.21064142,127.0954032
2020-11-30 21:45:04,1,1,29.57,113,37.21036442,127.09537279999999
2020-11-30 21:45:05,1,1,30.0,113,37.20992058,127.09522340000002
2020-11-30 21:45:06,1,1,31.37,114,37.20981181,127.09532150000001
2020-11-30 21:45:07,1,1,31.85,115,37.20936831,127.095161
2020-11-30 21:45:08,1,1,27.58,115,37.209252899999996,127.09526729999999
2020-11-30 21:45:09,1,1,34.47,116,37.20897142,127.09523899999999
2020-11-30 21:45:10,1,1,36.24,117,37.20868796,127.0952192
2020-11-30 21:45:11,1,1,,117,37.20825133,127.0950355
2020-11-30 21:45:12,1,1,28.34,117,37.208115,127.09516399999998
2020-11-30 21:45:13,1,1,,116,37.20782201,127.0951322
2020-11-30 21:45:14,1,1,12.32,115,37.20753814,127.095105
2020-11-30 21:45:15,1,1,26.15,114,37.20712904,127.09491899999999
2020-11-30 21:45:16,1,1,27.58,114,37.20696926,127.0950426
2020-11-30 21:45:17,1,1,10.9,114,37.20668799,127.09501159999999
2020-11-30 21:45:18,1,1,13.96,114,37.20629404,127.0948331
2020-11-30 21:45:19,1,1,12.7,114,37.20612636,127.0949499
2020-11-30 21:45:20,1,1,14.8,115,37.20573333,127.09477690000001
2020-11-30 21:45:21,1,1,,115,37.20545269,127.094748
2020-11-30 21:45:22,1,1,,115,37.20517104,127.09471940000002
2020-11-30 21:45:23,1,1,,112,37.20489356,127.09469320000001
2020-11-30 21:45:24,1,1,,109,37.2046213,127.09466869999999
2020-11-30 21:45:25,1,1,35.63,109,37.20435698,127.0946445
2020-11-30 21:45:26,1,1,35.04,109,37.20420529,127.0947495
2020-11-30 21:45:27,1,1,32.85,109,37.20383198,127.09459
2020-11-30 21:45:28,1,1,35.04,109,37.20356316,127.0945611
2020-11-30 21:45:29,1,1,33.91,109,37.20329302,127.09453390000002
2020-11-30 21:45:30,1,1,35.63,110,37.20303066,127.09450590000002
2020-11-30 21:45:31,1,1,27.96,110,37.20286072,127.09460049999998
2020-11-30 21:45:32,1,1,27.21,109,37.20248996,127.09444769999999
2020-11-30 21:45:33,1,1,31.37,109,37.20222195,127.0944202
2020-11-30 21:45:34,1,1,31.37,107,37.20195757,127.0943936
2020-11-30 21:45:35,1,1,28.74,106,37.20179582,127.0944821
2020-11-30 21:45:36,1,1,29.15,106,37.20153767,127.0944557
2020-11-30 21:45:37,1,1,28.34,1,37.20128329,127.0944316
2020-11-30 21:45:38,1,1,29.15,103,37.20103333,127.09440900000001
2020-11-30 21:45:39,1,1,27.96,102,37.2007856,127.0943851
2020-11-30 21:45:40,1,1,29.15,101,37.20042537,127.094242
2020-11-30 21:45:41,1,1,29.15,101,37.20029154,127.09433390000001
2020-11-30 21:45:42,1,1,27.96,101,37.20004646,127.09430220000002
2020-11-30 21:45:43,1,1,,100,37.19969259,127.09416750000001
2020-11-30 21:45:44,1,1,27.58,99,37.19945468,127.09414140000001
2020-11-30 21:45:45,1,1,,98,37.19932004,127.09422450000001
2020-11-30 21:45:46,1,1,,97,37.19908576,127.0942027
2020-11-30 21:45:47,1,1,,97,37.19885439,127.09419340000001
2020-11-30 21:45:48,1,1,,97,37.19861913,127.0941747
2020-11-30 21:45:49,1,1,,97,37.19838527,127.09414840000002
2020-11-30 21:45:50,1,1,,98,37.19803174,127.0939971
2020-11-30 21:45:51,1,1,,99,37.19779231,127.09397299999999
2020-11-30 21:45:52,1,1,,100,37.19755203,127.0939489
2020-11-30 21:45:53,1,1,,100,37.19743954,127.09404280000001
2020-11-30 21:45:54,1,1,,100,37.19706793,127.0939014
2020-11-30 21:45:55,1,1,,100,37.19695929,127.0939953
2020-11-30 21:45:56,1,1,,100,37.19658123,127.09385449999999
2020-11-30 21:45:57,1,1,,100,37.19647031,127.09394409999999
2020-11-30 21:45:58,1,1,,100,37.19622548,127.09391770000002
2020-11-30 21:45:59,1,1,,100,37.19597946,127.093896
2020-11-30 21:46:00,1,1,,99,37.19559699,127.09376440000001
2020-11-30 21:46:01,1,1,,98,37.19536063,127.0937453
2020-11-30 21:46:02,1,1,,97,37.19525104,127.09383270000001
2020-11-30 21:46:03,1,1,,96,37.19501368,127.0938156
2020-11-30 21:46:04,1,1,,95,37.19467934,127.0936969
2020-11-30 21:46:05,1,1,,94,37.19454176,127.09378770000001
2020-11-30 21:46:06,1,1,,93,37.19430995,127.0937812
2020-11-30 21:46:07,1,1,,93,37.19408292,127.093777
2020-11-30 21:46:08,1,1,,92,37.19385649,127.09377409999999
2020-11-30 21:46:09,1,1,,91,37.193633,127.09379840000001
2020-11-30 21:46:10,1,1,26.85,90,37.19340928,127.09382520000001
2020-11-30 21:46:11,1,1,23.66,90,37.193338,127.09370870000001
2020-11-30 21:46:12,1,1,23.95,89,37.19296606,127.0938508
2020-11-30 21:46:13,1,1,,88,37.19274577,127.09386540000001
2020-11-30 21:46:14,1,1,,86,37.19267769,127.093763
2020-11-30 21:46:15,1,1,21.57,83,37.19245995,127.09378559999999
2020-11-30 21:46:16,1,1,15.45,81,37.19224956,127.09381040000001
2020-11-30 21:46:17,1,1,14.31,75,37.19204523,127.09383490000002
2020-11-30 21:46:18,1,1,18.8,76,37.19184454,127.09386119999999
2020-11-30 21:46:19,1,1,18.43,73,37.19165264,127.09388659999999
2020-11-30 21:46:20,1,1,17.39,71,37.19147582,127.0939094
2020-11-30 21:46:21,1,1,17.39,70,37.191300899999995,127.09393100000001
2020-11-30 21:46:22,1,1,21.33,69,37.19112767,127.0939528
2020-11-30 21:46:23,1,1,20.87,70,37.19084305,127.0940778
2020-11-30 21:46:24,1,1,19.58,70,37.19078756,127.0939932
2020-11-30 21:46:25,1,1,22.57,71,37.19050762,127.0941178
2020-11-30 21:46:26,1,1,25.16,72,37.19033826,127.0941369
2020-11-30 21:46:27,1,1,,73,37.19016471,127.09415690000002
2020-11-30 21:46:28,1,1,29.57,74,37.19008375,127.0940705
2020-11-30 21:46:29,1,1,18.07,75,37.18989949,127.09409050000001
2020-11-30 21:46:30,1,1,15.86,75,37.1896226,127.0942155
2020-11-30 21:46:31,1,1,23.38,76,37.1895293,127.0941317
2020-11-30 21:46:32,1,1,23.38,76,37.18934033,127.09415420000002
2020-11-30 21:46:33,1,1,25.49,77,37.18915448,127.09417590000001
2020-11-30 21:46:34,1,1,22.32,77,37.18897169,127.094199
2020-11-30 21:46:35,1,1,21.82,76,37.18878726,127.09422279999998
2020-11-30 21:46:36,1,1,21.82,75,37.18860566,127.0942479
2020-11-30 21:46:37,1,1,18.99,74,37.18842747,127.09427269999999
2020-11-30 21:46:38,1,1,,73,37.1882487,127.09429779999999
2020-11-30 21:46:39,1,1,22.32,72,37.187964799999996,127.09444409999999
2020-11-30 21:46:40,1,1,21.1,72,37.18779197,127.0944685
2020-11-30 21:46:41,1,1,,72,37.18770172,127.09437890000001
2020-11-30 21:46:42,1,1,30.9,72,37.18752388,127.0944064
2020-11-30 21:46:43,1,1,33.37,72,37.18728337,127.09453700000002
2020-11-30 21:46:44,1,1,,73,37.18710889,127.0945655
2020-11-30 21:46:45,1,1,27.21,75,37.18699787,127.0944956
2020-11-30 21:46:46,1,1,25.49,76,37.186757,127.0946281
2020-11-30 21:46:47,1,1,30.9,78,37.18657461,127.09466119999999
2020-11-30 21:46:48,1,1,,79,37.18639034,127.09469540000002
2020-11-30 21:46:49,1,1,,79,37.18619791,127.0947307
2020-11-30 21:46:50,1,1,,80,37.18600549,127.09476529999999
2020-11-30 21:46:51,1,1,,80,37.18581229,127.0948017
2020-11-30 21:46:52,1,1,,80,37.18561767,127.09483829999999
2020-11-30 21:46:53,1,1,,81,37.185421999999996,127.09487630000001
2020-11-30 21:46:54,1,1,,81,37.18529049,127.09481729999999
2020-11-30 21:46:55,1,1,,81,37.18509665,127.0948585
2020-11-30 21:46:56,1,1,,81,37.18483735,127.0949981
2020-11-30 21:46:57,1,1,,81,37.18464158,127.09504199999999
2020-11-30 21:46:58,1,1,,80,37.18444435,127.09508659999999
2020-11-30 21:46:59,1,1,,80,37.18430991,127.0950304
2020-11-30 21:47:00,1,1,,80,37.18411265,127.09507679999999
2020-11-30 21:47:01,1,1,,80,37.18391768,127.09512269999999
2020-11-30 21:47:02,1,1,,80,37.18372122,127.0951715
2020-11-30 21:47:03,1,1,,80,37.18352752,127.0952168
2020-11-30 21:47:04,1,1,,80,37.18333809,127.09526340000001
2020-11-30 21:47:05,1,1,,80,37.18314877,127.09531159999999
2020-11-30 21:47:06,1,1,,81,37.18295868,127.0953605
2020-11-30 21:47:07,1,1,,83,37.18276521,127.0954098
2020-11-30 21:47:08,1,1,,86,37.18249581,127.09553100000001
2020-11-30 21:47:09,1,1,,89,37.18229143,127.095579
2020-11-30 21:47:10,1,1,,93,37.18215072,127.0955622
2020-11-30 21:47:11,1,1,,95,37.18192994,127.0956169
2020-11-30 21:47:12,1,1,,99,37.181698,127.0956742
2020-11-30 21:47:13,1,1,,102,37.18139967,127.0957818
2020-11-30 21:47:14,1,1,,105,37.18121682,127.0957794
2020-11-30 21:47:15,1,1,,107,37.18090507,127.09587179999998
2020-11-30 21:47:16,1,1,,105,37.18065008,127.0959068
2020-11-30 21:47:17,1,1,,108,37.18039094,127.0959372
2020-11-30 21:47:18,1,1,,109,37.18012654,127.0959626
2020-11-30 21:47:19,1,1,,109,37.17992974,127.09594950000002
2020-11-30 21:47:20,1,1,,109,37.17959903,127.09599229999999
2020-11-30 21:47:21,1,1,,110,37.17940102,127.0959755
2020-11-30 21:47:22,1,1,,110,37.17905881,127.09600220000002
2020-11-30 21:47:23,1,1,,110,37.17878916,127.09600400000001
2020-11-30 21:47:24,1,1,,110,37.17851678,127.09599579999998
2020-11-30 21:47:25,1,1,,110,37.17824658,127.09598009999999
2020-11-30 21:47:26,1,1,,110,37.17804587,127.0959338
2020-11-30 21:47:27,1,1,,110,37.17770323,127.095932
2020-11-30 21:47:28,1,1,,110,37.17751541,127.09586780000001
2020-11-30 21:47:29,1,1,,110,37.17715981,127.0958777
2020-11-30 21:47:30,1,1,,110,37.17689118,127.09582639999999
2020-11-30 21:47:31,1,1,,110,37.17662363,127.09576940000001
2020-11-30 21:47:32,1,1,,109,37.17635312,127.09571129999999
2020-11-30 21:47:33,1,1,,107,37.17608725,127.09564640000002
2020-11-30 21:47:34,1,1,11.21,1,37.17582846,127.0955804
2020-11-30 21:47:35,1,1,32.85,103,37.17557815,127.0955118
2020-11-30 21:47:36,1,1,22.84,102,37.17533329,127.09543719999999
2020-11-30 21:47:37,1,1,14.08,101,37.17518281,127.09534450000001
2020-11-30 21:47:38,1,1,20.42,99,37.17485389,127.09528190000002
2020-11-30 21:47:39,1,1,22.57,98,37.17462038,127.0952011
2020-11-30 21:47:40,1,1,23.11,97,37.17439489,127.0951149
2020-11-30 21:47:41,1,1,23.11,95,37.17417401,127.0950244
2020-11-30 21:47:42,1,1,10.6,94,37.17395289,127.0949367
2020-11-30 21:47:43,1,1,16.75,93,37.17373473,127.0948477
2020-11-30 21:47:44,1,1,13.52,92,37.17352244,127.09475819999999
2020-11-30 21:47:45,1,1,13.74,91,37.17331187,127.0946631
2020-11-30 21:47:46,1,1,18.61,90,37.17310119,127.0945682
2020-11-30 21:47:47,1,1,19.79,89,37.17289283,127.09447479999999
2020-11-30 21:47:48,1,1,15.86,89,37.17268826,127.09437890000001
2020-11-30 21:47:49,1,1,14.19,89,37.17248639,127.0942863
2020-11-30 21:47:50,1,1,16.15,89,37.17234528,127.09416429999999
2020-11-30 21:47:51,1,1,,89,37.17213697,127.09406299999999
2020-11-30 21:47:52,1,1,,90,37.17192847,127.0939621
2020-11-30 21:47:53,1,1,20.0,91,37.17167111,127.0939061
2020-11-30 21:47:54,1,1,,91,37.17146553,127.0938092
2020-11-30 21:47:55,1,1,,92,37.17125819,127.0937132
2020-11-30 21:47:56,1,1,,92,37.1710854,127.09356319999999
2020-11-30 21:47:57,1,1,,92,37.17087477,127.0934634
2020-11-30 21:47:58,1,1,,92,37.17063112,127.0934223
2020-11-30 21:47:59,1,1,,91,37.17045515,127.0932624
2020-11-30 21:48:00,1,1,23.95,90,37.17021701,127.09322720000002
2020-11-30 21:48:01,1,1,23.66,89,37.17001039,127.09312849999999
2020-11-30 21:48:02,1,1,25.81,89,37.16984133,127.09297040000001
2020-11-30 21:48:03,1,1,,89,37.16960088,127.09293819999999
2020-11-30 21:48:04,1,1,15.31,89,37.16939891,127.0928476
2020-11-30 21:48:05,1,1,,90,37.16919379,127.09275559999999
2020-11-30 21:48:06,1,1,,91,37.16898658,127.0926621
2020-11-30 21:48:07,1,1,,92,37.16882077,127.0924855
2020-11-30 21:48:08,1,1,,93,37.16856708,127.09246940000001
2020-11-30 21:48:09,1,1,,95,37.16839637,127.0922821
2020-11-30 21:48:10,1,1,,96,37.16818415,127.09218090000002
2020-11-30 21:48:11,1,1,,97,37.16791786,127.0921696
2020-11-30 21:48:12,1,1,,98,37.16775103,127.0919709
2020-11-30 21:48:13,1,1,,98,37.16752637,127.09186170000001
2020-11-30 21:48:14,1,1,,98,37.16730415,127.0917541
2020-11-30 21:48:15,1,1,29.15,97,37.16708093,127.0916459
2020-11-30 21:48:16,1,1,27.96,96,37.16685818,127.0915377
2020-11-30 21:48:17,1,1,,95,37.16664262,127.09143159999999
2020-11-30 21:48:18,1,1,22.84,95,37.16635319,127.0914408
2020-11-30 21:48:19,1,1,23.66,94,37.16613455,127.09133490000002
2020-11-30 21:48:20,1,1,18.8,94,37.16591687,127.0912354
2020-11-30 21:48:21,1,1,18.25,94,37.1657855,127.09101820000001
2020-11-30 21:48:22,1,1,25.16,94,37.165566299999995,127.09091529999999
2020-11-30 21:48:23,1,1,,94,37.16527083,127.09092959999998
2020-11-30 21:48:24,1,1,25.81,94,37.16514871,127.09071670000002
2020-11-30 21:48:25,1,1,30.0,95,37.16493962,127.0906185
2020-11-30 21:48:26,1,1,6.38,96,37.16462048,127.0906366
2020-11-30 21:48:27,1,1,,97,37.16450452,127.0904131
2020-11-30 21:48:28,1,1,,99,37.16428297,127.09030890000001
2020-11-30 21:48:29,1,1,,188,37.16395124,127.0903285
2020-11-30 21:48:30,1,1,,100,37.163833600000004,127.0900994
2020-11-30 21:48:31,1,1,,101,37.16349552,127.09011729999999
2020-11-30 21:48:32,1,1,,102,37.16326827,127.09001049999999
2020-11-30 21:48:33,1,1,,102,37.16314191,127.08977900000001
2020-11-30 21:48:34,1,1,,103,37.162802500000005,127.08979690000001
2020-11-30 21:48:35,1,1,,102,37.16256608,127.08968970000001
2020-11-30 21:48:36,1,1,,105,37.16232901,127.08958170000001
2020-11-30 21:48:37,1,1,29.15,106,37.162091,127.089474
2020-11-30 21:48:38,1,1,31.85,107,37.16196843,127.0892243
2020-11-30 21:48:39,1,1,28.74,108,37.1617201,127.08910870000001
2020-11-30 21:48:40,1,1,,108,37.16147003,127.0889923
2020-11-30 21:48:41,1,1,35.63,109,37.16122766,127.088879
2020-11-30 21:48:42,1,1,34.47,109,37.16098038,127.0887625
2020-11-30 21:48:43,1,1,31.85,109,37.16072711,127.0886449
2020-11-30 21:48:44,1,1,30.9,109,37.16047368,127.0885277
2020-11-30 21:48:45,1,1,31.85,107,37.16022917,127.0884136
2020-11-30 21:48:46,1,1,12.05,106,37.1599874,127.08830149999999
2020-11-30 21:48:47,1,1,22.84,105,37.15973925,127.08818490000002
2020-11-30 21:48:48,1,1,29.57,1,37.15948709,127.08806580000001
2020-11-30 21:48:49,1,1,,1,37.15924341,127.08795249999999
2020-11-30 21:48:50,1,1,10.46,102,37.15900394,127.08784140000002
2020-11-30 21:48:51,1,1,,101,37.15875791,127.08772979999999
2020-11-30 21:48:52,1,1,,100,37.15852014,127.08761940000001
2020-11-30 21:48:53,1,1,25.16,99,37.15821348,127.08769790000001
2020-11-30 21:48:54,1,1,23.38,99,37.15798311,127.0875966
2020-11-30 21:48:55,1,1,23.11,98,37.15783421,127.08730729999999
2020-11-30 21:48:56,1,1,23.11,97,37.15753322,127.08739059999999
2020-11-30 21:48:57,1,1,25.81,97,37.15739181,127.08710359999998
2020-11-30 21:48:58,1,1,23.38,97,37.15716756,127.0870001
2020-11-30 21:48:59,1,1,22.06,96,37.15687372,127.0870808
2020-11-30 21:49:00,1,1,22.84,96,37.15665432,127.08697990000002
2020-11-30 21:49:01,1,1,21.57,96,37.15650064,127.0866932
2020-11-30 21:49:02,1,1,28.34,97,37.15628528,127.08659270000001
2020-11-30 21:49:03,1,1,30.45,98,37.15605581,127.08648590000001
2020-11-30 21:49:04,1,1,30.0,100,37.15576854,127.08657079999999
2020-11-30 21:49:05,1,1,29.15,102,37.15554104,127.0864658
2020-11-30 21:49:06,1,1,29.57,103,37.15531159,127.0863594
2020-11-30 21:49:07,1,1,28.34,1,37.15515231,127.08606840000002
2020-11-30 21:49:08,1,1,29.57,105,37.15483387,127.08614340000001
2020-11-30 21:49:09,1,1,28.74,105,37.15459458,127.0860335
2020-11-30 21:49:10,1,1,27.58,106,37.15435415,127.0859218
2020-11-30 21:49:11,1,1,25.16,105,37.15411125,127.0858115
2020-11-30 21:49:12,1,1,27.21,1,37.15393153,127.0855045
2020-11-30 21:49:13,1,1,27.58,102,37.15368674,127.0853915
2020-11-30 21:49:14,1,1,22.32,100,37.15344637,127.08528270000001
2020-11-30 21:49:15,1,1,23.11,99,37.15315105,127.08537530000001
2020-11-30 21:49:16,1,1,18.99,98,37.15292057,127.08527009999999
2020-11-30 21:49:17,1,1,24.54,95,37.15278208,127.08497050000001
2020-11-30 21:49:18,1,1,26.15,97,37.15256305,127.08486609999999
2020-11-30 21:49:19,1,1,28.34,97,37.15234542,127.08476280000001
2020-11-30 21:49:20,1,1,,97,37.15212777,127.0846604
2020-11-30 21:49:21,1,1,,97,37.15191149,127.08455829999998
2020-11-30 21:49:22,1,1,31.85,97,37.15168265,127.0844528
2020-11-30 21:49:23,1,1,28.74,98,37.15135668,127.08455459999999
2020-11-30 21:49:24,1,1,30.0,99,37.15122811,127.0842588
2020-11-30 21:49:25,1,1,33.37,101,37.15100267,127.08416559999999
2020-11-30 21:49:26,1,1,,102,37.15077443,127.0840748
2020-11-30 21:49:27,1,1,,103,37.15044139,127.0841638
2020-11-30 21:49:28,1,1,,103,37.15019956,127.08407040000002
2020-11-30 21:49:29,1,1,,105,37.15006546,127.0838023
2020-11-30 21:49:30,1,1,,107,37.14970038,127.08389469999999
2020-11-30 21:49:31,1,1,,108,37.14958545,127.08365079999999
2020-11-30 21:49:32,1,1,,108,37.14933248,127.08357849999999
2020-11-30 21:49:33,1,1,31.85,109,37.14893392,127.0836773
2020-11-30 21:49:34,1,1,,109,37.14881404,127.083449
2020-11-30 21:49:35,1,1,,109,37.14854859,127.083399
2020-11-30 21:49:36,1,1,,110,37.14814398,127.083537
2020-11-30 21:49:37,1,1,,110,37.14787569,127.08350359999999
2020-11-30 21:49:38,1,1,,110,37.14775867,127.0832662
2020-11-30 21:49:39,1,1,,110,37.14733813,127.0834582
2020-11-30 21:49:40,1,1,,110,37.14706427,127.08345209999999
2020-11-30 21:49:41,1,1,,110,37.14694296,127.083206
2020-11-30 21:49:42,1,1,,110,37.14651223,127.08344939999999
2020-11-30 21:49:43,1,1,,110,37.14639812,127.08322679999999
2020-11-30 21:49:44,1,1,,110,37.14612952,127.08325320000002
2020-11-30 21:49:45,1,1,,110,37.14586651,127.0832821
2020-11-30 21:49:46,1,1,,110,37.14560364,127.083316
2020-11-30 21:49:47,1,1,,110,37.1453444,127.0833523
2020-11-30 21:49:48,1,1,,110,37.14489526,127.08363929999999
2020-11-30 21:49:49,1,1,,110,37.14462183,127.083703
2020-11-30 21:49:50,1,1,,110,37.14453182,127.0835165
2020-11-30 21:49:51,1,1,,110,37.14426247,127.08358659999999
2020-11-30 21:49:52,1,1,46.38,110,37.14400375,127.08366740000001
2020-11-30 21:49:53,1,1,45.42,110,37.14374122,127.08376770000001
2020-11-30 21:49:54,1,1,37.52,111,37.14328999,127.08407620000001
2020-11-30 21:49:55,1,1,34.47,110,37.14320732,127.0839753
2020-11-30 21:49:56,1,1,35.63,109,37.14277369,127.08425359999998
2020-11-30 21:49:57,1,1,33.37,108,37.142680799999994,127.0841866
2020-11-30 21:49:58,1,1,30.9,106,37.14227456,127.08441370000001
2020-11-30 21:49:59,1,1,28.74,1,37.14216563,127.0843868
2020-11-30 21:50:00,1,1,27.96,103,37.14177796,127.0845815
2020-11-30 21:50:01,1,1,26.49,101,37.14166971,127.084566
2020-11-30 21:50:02,1,1,26.49,100,37.14129553,127.0847456
2020-11-30 21:50:03,1,1,25.81,99,37.14118557,127.0847394
2020-11-30 21:50:04,1,1,25.81,90,37.14094493,127.08482579999999
2020-11-30 21:50:05,1,1,25.16,97,37.14070164,127.0849132
2020-11-30 21:50:06,1,1,23.66,97,37.14035737,127.0850636
2020-11-30 21:50:07,1,1,24.24,96,37.1402315,127.08507979999999
2020-11-30 21:50:08,1,1,23.38,96,37.14000251,127.08515990000002
2020-11-30 21:50:09,1,1,23.38,96,37.13976907,127.08524129999999
2020-11-30 21:50:10,1,1,25.81,95,37.13944565,127.0853693
2020-11-30 21:50:11,1,1,25.16,95,37.13921881,127.0854455
2020-11-30 21:50:12,1,1,26.49,95,37.138992200000004,127.0855216
2020-11-30 21:50:13,1,1,26.49,95,37.1388429,127.08556200000001
2020-11-30 21:50:14,1,1,27.96,95,37.13861431,127.08564070000001
2020-11-30 21:50:15,1,1,26.49,95,37.13831919,127.085748
2020-11-30 21:50:16,1,1,26.15,95,37.13817003,127.08579240000002
2020-11-30 21:50:17,1,1,25.49,95,37.13794651,127.0858685
2020-11-30 21:50:18,1,1,24.85,96,37.13772156,127.08594340000002
2020-11-30 21:50:19,1,1,,96,37.13749557,127.0860189
2020-11-30 21:50:20,1,1,,96,37.13726296,127.08609740000001
2020-11-30 21:50:21,1,1,,96,37.13697018,127.0862074
2020-11-30 21:50:22,1,1,27.21,95,37.13680932,127.086254
2020-11-30 21:50:23,1,1,27.21,94,37.13652343,127.08636200000001
2020-11-30 21:50:24,1,1,,94,37.13635854,127.08641659999999
2020-11-30 21:50:25,1,1,,95,37.13613386,127.086502
2020-11-30 21:50:26,1,1,,95,37.13590935,127.086591
2020-11-30 21:50:27,1,1,,96,37.13568719,127.0866845
2020-11-30 21:50:28,1,1,,97,37.13546329,127.08678300000001
2020-11-30 21:50:29,1,1,,98,37.13524152,127.0868902
2020-11-30 21:50:30,1,1,,99,37.13501853,127.08701040000001
2020-11-30 21:50:31,1,1,,99,37.13479702,127.08715079999999
2020-11-30 21:50:32,1,1,,99,37.13457873,127.08729450000001
2020-11-30 21:50:33,1,1,,100,37.13431928,127.08743909999998
2020-11-30 21:50:34,1,1,,101,37.13414181,127.0875955
2020-11-30 21:50:35,1,1,,101,37.13387693,127.08775379999999
2020-11-30 21:50:36,1,1,,102,37.13366454,127.08792379999998
2020-11-30 21:50:37,1,1,,102,37.13345734,127.08810359999998
2020-11-30 21:50:38,1,1,,103,37.13330101,127.0882854
2020-11-30 21:50:39,1,1,,103,37.13309809,127.08847490000001
2020-11-30 21:50:40,1,1,,1,37.13283727,127.0886638
2020-11-30 21:50:41,1,1,32.85,1,37.13269832,127.08888390000001
2020-11-30 21:50:42,1,1,,1,37.13250175,127.0891027
2020-11-30 21:50:43,1,1,,1,37.13224882,127.08923770000001
2020-11-30 21:50:44,1,1,26.15,1,37.13213205,127.08955290000002
2020-11-30 21:50:45,1,1,27.21,105,37.13194985,127.0897874
2020-11-30 21:50:46,1,1,25.81,105,37.13177725,127.0900173
2020-11-30 21:50:47,1,1,27.58,105,37.13152582,127.09005
2020-11-30 21:50:48,1,1,28.34,106,37.13142833,127.09050459999999
2020-11-30 21:50:49,1,1,25.49,106,37.13125574,127.0907473
2020-11-30 21:50:50,1,1,27.21,106,37.13108557,127.0909906
2020-11-30 21:50:51,1,1,24.85,107,37.13091649,127.091232
2020-11-30 21:50:52,1,1,25.49,106,37.13074872,127.0914716
2020-11-30 21:50:53,1,1,27.21,105,37.1305773,127.0917175
2020-11-30 21:50:54,1,1,,105,37.13040759,127.09196090000002
2020-11-30 21:50:55,1,1,25.49,1,37.13016613,127.09204270000001
2020-11-30 21:50:56,1,1,26.15,103,37.12999926,127.09228929999999
2020-11-30 21:50:57,1,1,20.0,102,37.1299139,127.09267109999999
2020-11-30 21:50:58,1,1,,100,37.12966979,127.09276990000001
2020-11-30 21:50:59,1,1,7.84,99,37.12958935,127.09313130000001
2020-11-30 21:51:00,1,1,20.87,96,37.129354799999994,127.0932212
2020-11-30 21:51:01,1,1,20.42,93,37.12920011,127.093441
2020-11-30 21:51:02,1,1,19.58,90,37.1290495,127.09365359999998
2020-11-30 21:51:03,1,1,20.0,88,37.12897915,127.09399180000001
2020-11-30 21:51:04,1,1,18.43,88,37.128834399999995,127.0941977
2020-11-30 21:51:05,1,1,16.75,87,37.12869465,127.09439540000001
2020-11-30 21:51:06,1,1,16.59,87,37.12855563,127.0945918
2020-11-30 21:51:07,1,1,20.87,87,37.12834526,127.09467340000002
2020-11-30 21:51:08,1,1,20.21,87,37.12827768,127.09498559999999
2020-11-30 21:51:09,1,1,19.38,87,37.12813897,127.0951828
2020-11-30 21:51:10,1,1,22.57,87,37.12799976,127.0953804
2020-11-30 21:51:11,1,1,19.58,88,37.12785639,127.0955815
2020-11-30 21:51:12,1,1,20.21,89,37.12764135,127.09567879999999
2020-11-30 21:51:13,1,1,21.1,90,37.12756848,127.09598290000001
2020-11-30 21:51:14,1,1,23.11,91,37.12735512,127.09607779999999
2020-11-30 21:51:15,1,1,23.66,93,37.12727058,127.09639640000002
2020-11-30 21:51:16,1,1,27.21,93,37.12706687,127.0964996
2020-11-30 21:51:17,1,1,25.81,94,37.1269246,127.0967301
2020-11-30 21:51:18,1,1,26.15,95,37.12681138,127.0970356
2020-11-30 21:51:19,1,1,26.49,96,37.12665346,127.09725520000002
2020-11-30 21:51:20,1,1,25.49,97,37.12632141,127.0976568
2020-11-30 21:51:21,1,1,29.15,98,37.12616371,127.0978922
2020-11-30 21:51:22,1,1,28.74,99,37.12615874,127.09793970000001
2020-11-30 21:51:23,1,1,9.98,101,37.12584097,127.09836770000001
2020-11-30 21:51:24,1,1,9.78,102,37.12583297,127.0983898
2020-11-30 21:51:25,1,1,17.22,102,37.12550442,127.09885349999999
2020-11-30 21:51:26,1,1,,103,37.12549866,127.0988581
2020-11-30 21:51:27,1,1,,103,37.12516566,127.0993388
2020-11-30 21:51:28,1,1,,103,37.1249979,127.0995774
2020-11-30 21:51:29,1,1,,102,37.12499339,127.09956820000001
2020-11-30 21:51:30,1,1,26.85,101,37.12466737,127.10004409999999
2020-11-30 21:51:31,1,1,26.85,101,37.12465839,127.10003429999999
2020-11-30 21:51:32,1,1,27.21,101,37.12449292,127.10026459999999
2020-11-30 21:51:33,1,1,31.37,101,37.12432631,127.1004973
2020-11-30 21:51:34,1,1,29.57,101,37.12416113,127.10072779999999
2020-11-30 21:51:35,1,1,30.9,101,37.12399613,127.1009578
2020-11-30 21:51:36,1,1,29.15,101,37.12369327,127.10142590000001
2020-11-30 21:51:37,1,1,26.85,101,37.12352996,127.1016561
2020-11-30 21:51:38,1,1,30.9,102,37.12336536,127.10188810000001
2020-11-30 21:51:39,1,1,29.15,102,37.1233277,127.1018967
2020-11-30 21:51:40,1,1,28.34,103,37.12315792,127.1021357
2020-11-30 21:51:41,1,1,30.45,1,37.12298765,127.1023732
2020-11-30 21:51:42,1,1,31.37,1,37.12269312,127.1028365
2020-11-30 21:51:43,1,1,29.15,1,37.12252388,127.1030747
2020-11-30 21:51:44,1,1,29.15,103,37.12248412,127.1030811
2020-11-30 21:51:45,1,1,26.85,102,37.12231772,127.10331459999999
2020-11-30 21:51:46,1,1,,101,37.12215275,127.10354640000001
2020-11-30 21:51:47,1,1,17.06,100,37.12186224,127.10401350000001
2020-11-30 21:51:48,1,1,13.31,100,37.12170245,127.1042416
2020-11-30 21:51:49,1,1,14.55,99,37.12154558,127.1044615
2020-11-30 21:51:50,1,1,27.21,99,37.12138802,127.10468279999999
2020-11-30 21:51:51,1,1,26.49,99,37.12122566,127.10491270000001
2020-11-30 21:51:52,1,1,27.21,99,37.12118126,127.1049054
2020-11-30 21:51:53,1,1,26.49,99,37.12090487,127.10536680000001
2020-11-30 21:51:54,1,1,15.58,100,37.12085786,127.10535800000001
2020-11-30 21:51:55,1,1,,101,37.12058098,127.1058209
2020-11-30 21:51:56,1,1,21.1,102,37.12041774,127.10605020000001
2020-11-30 21:51:57,1,1,,102,37.12025578,127.1062808
2020-11-30 21:51:58,1,1,,103,37.12009421,127.10651429999999
2020-11-30 21:51:59,1,1,,103,37.12002971,127.10650420000002
2020-11-30 21:52:00,1,1,,103,37.11986079,127.10673840000001
2020-11-30 21:52:01,1,1,,1,37.11969382,127.10697250000001
2020-11-30 21:52:02,1,1,,1,37.11952481,127.1072078
2020-11-30 21:52:03,1,1,28.34,1,37.11935684,127.1074425
2020-11-30 21:52:04,1,1,,1,37.119088899999994,127.10793989999999
2020-11-30 21:52:05,1,1,,103,37.11892097,127.1081753
2020-11-30 21:52:06,1,1,,102,37.11885538,127.1081398
2020-11-30 21:52:07,1,1,30.0,102,37.1186876,127.1083705
2020-11-30 21:52:08,1,1,,101,37.11852027,127.1085976
2020-11-30 21:52:09,1,1,15.18,101,37.11835066,127.1088216
2020-11-30 21:52:10,1,1,13.63,101,37.11806744,127.10929660000001
2020-11-30 21:52:11,1,1,,100,37.11788901,127.1095098
2020-11-30 21:52:12,1,1,,99,37.11770928,127.109715
2020-11-30 21:52:13,1,1,25.16,98,37.11764502,127.1096622
2020-11-30 21:52:14,1,1,13.85,97,37.11734489,127.1101159
2020-11-30 21:52:15,1,1,10.46,96,37.11729156,127.1100456
2020-11-30 21:52:16,1,1,11.96,95,37.11698447,127.1104976
2020-11-30 21:52:17,1,1,23.11,94,37.11693825,127.11040790000001
2020-11-30 21:52:18,1,1,21.57,94,37.1166328,127.1108567
2020-11-30 21:52:19,1,1,29.57,94,37.11657078,127.11075890000002
2020-11-30 21:52:20,1,1,28.74,94,37.11638753,127.1109207
2020-11-30 21:52:21,1,1,27.96,94,37.11620737,127.1110756
2020-11-30 21:52:22,1,1,,95,37.11587468,127.1114828
2020-11-30 21:52:23,1,1,27.96,96,37.11582013,127.11138770000001
2020-11-30 21:52:24,1,1,28.34,96,37.115477,127.11178340000001
2020-11-30 21:52:25,1,1,30.0,97,37.11541111,127.11169509999999
2020-11-30 21:52:26,1,1,30.45,98,37.11519484,127.11184890000001
2020-11-30 21:52:27,1,1,27.96,99,37.11498003,127.1119912
2020-11-30 21:52:28,1,1,27.21,100,37.11461806,127.1123447
2020-11-30 21:52:29,1,1,27.21,101,37.1145475,127.1122645
2020-11-30 21:52:30,1,1,29.15,102,37.11431951,127.11239609999998
2020-11-30 21:52:31,1,1,26.49,103,37.11393355,127.1127158
2020-11-30 21:52:32,1,1,27.96,103,37.11370081,127.1128335
2020-11-30 21:52:33,1,1,29.57,103,37.11361347,127.1127784
2020-11-30 21:52:34,1,1,30.45,103,37.11337356,127.11289479999999
2020-11-30 21:52:35,1,1,16.75,103,37.11313323,127.1130084
2020-11-30 21:52:36,1,1,16.0,103,37.1127518,127.11328130000001
2020-11-30 21:52:37,1,1,32.85,103,37.11251026,127.11338799999999
2020-11-30 21:52:38,1,1,31.85,102,37.11243498,127.11334
2020-11-30 21:52:39,1,1,27.58,102,37.11203294,127.1135939
2020-11-30 21:52:40,1,1,28.34,102,37.11179705,127.1136926
2020-11-30 21:52:41,1,1,27.96,101,37.1117405,127.11366170000001
2020-11-30 21:52:42,1,1,28.74,101,37.11150152,127.1137711
2020-11-30 21:52:43,1,1,25.16,100,37.11126234,127.11387959999999
2020-11-30 21:52:44,1,1,23.66,100,37.11102475,127.11398740000001
2020-11-30 21:52:45,1,1,24.54,98,37.11061867,127.1141975
2020-11-30 21:52:46,1,1,20.42,96,37.11039341,127.11429979999998
2020-11-30 21:52:47,1,1,22.06,95,37.1101717,127.1143959
2020-11-30 21:52:48,1,1,21.1,94,37.109951099999996,127.1144878
2020-11-30 21:52:49,1,1,21.33,93,37.10992269,127.1144892
2020-11-30 21:52:50,1,1,21.1,91,37.10970963,127.11458429999999
2020-11-30 21:52:51,1,1,23.38,88,37.10950077,127.114676
2020-11-30 21:52:52,1,1,24.54,89,37.10911623,127.1148386
2020-11-30 21:52:53,1,1,26.15,89,37.10909746,127.11485649999999
2020-11-30 21:52:54,1,1,30.0,89,37.10889646,127.1149486
2020-11-30 21:52:55,1,1,29.15,90,37.10869753,127.11504009999999
2020-11-30 21:52:56,1,1,27.58,91,37.108309600000005,127.11519579999998
2020-11-30 21:52:57,1,1,26.85,93,37.10829182,127.11522350000001
2020-11-30 21:52:58,1,1,27.58,94,37.10808017,127.1153168
2020-11-30 21:52:59,1,1,30.9,96,37.10765683,127.11548159999998
2020-11-30 21:53:00,1,1,32.34,97,37.10743201,127.11557990000001
2020-11-30 21:53:01,1,1,31.37,98,37.10720078,127.115682
2020-11-30 21:53:02,1,1,37.52,99,37.10718471,127.11570859999999
2020-11-30 21:53:03,1,1,33.37,100,37.10695158,127.11581129999999
2020-11-30 21:53:04,1,1,30.45,101,37.10649689,127.11600259999999
2020-11-30 21:53:05,1,1,29.57,102,37.10648822,127.1160183
2020-11-30 21:53:06,1,1,,103,37.10625276,127.1161255
2020-11-30 21:53:07,1,1,29.57,103,37.1057776,127.11632859999999
2020-11-30 21:53:08,1,1,28.34,1,37.10553589,127.1164387
2020-11-30 21:53:09,1,1,,1,37.10553801,127.1164565
2020-11-30 21:53:10,1,1,,105,37.10503876,127.1166682
2020-11-30 21:53:11,1,1,,105,37.10505961,127.1166835
2020-11-30 21:53:12,1,1,,106,37.1048164,127.1167969
2020-11-30 21:53:13,1,1,,106,37.104305200000006,127.1170017
2020-11-30 21:53:14,1,1,,106,37.10432942,127.1170144
2020-11-30 21:53:15,1,1,,106,37.10408491,127.11712050000001
2020-11-30 21:53:16,1,1,,106,37.10358283,127.11732279999998
2020-11-30 21:53:17,1,1,,105,37.10334174,127.11743020000002
2020-11-30 21:53:18,1,1,,105,37.10335012,127.11744070000002
2020-11-30 21:53:19,1,1,,105,37.10310423,127.11755169999999
2020-11-30 21:53:20,1,1,,105,37.10285926,127.11766570000002
2020-11-30 21:53:21,1,1,,105,37.10261494,127.1177781
2020-11-30 21:53:22,1,1,22.57,105,37.10237339,127.11788870000001
2020-11-30 21:53:23,1,1,11.7,105,37.1021328,127.1179976
2020-11-30 21:53:24,1,1,7.57,105,37.10189006,127.1181075
2020-11-30 21:53:25,1,1,,105,37.10141107,127.1182928
2020-11-30 21:53:26,1,1,,105,37.10116664,127.11840020000001
2020-11-30 21:53:27,1,1,,1,37.10091884,127.118509
2020-11-30 21:53:28,1,1,,103,37.10092167,127.11854720000001
2020-11-30 21:53:29,1,1,16.15,101,37.10044366,127.11871880000001
2020-11-30 21:53:30,1,1,28.34,99,37.10044324,127.1187642
2020-11-30 21:53:31,1,1,,97,37.09999679,127.11891750000001
2020-11-30 21:53:32,1,1,24.24,96,37.09977666,127.1190163
2020-11-30 21:53:33,1,1,24.54,96,37.09976634,127.1190781
2020-11-30 21:53:34,1,1,26.85,95,37.09933542,127.1192125
2020-11-30 21:53:35,1,1,27.96,96,37.09911435,127.1193125
2020-11-30 21:53:36,1,1,27.96,96,37.09889362,127.11941370000001
2020-11-30 21:53:37,1,1,30.45,96,37.09867067,127.11951699999999
2020-11-30 21:53:38,1,1,30.0,97,37.09844696,127.1196217
2020-11-30 21:53:39,1,1,,98,37.09822306,127.1197275
2020-11-30 21:53:40,1,1,27.58,99,37.09799855,127.1198314
2020-11-30 21:53:41,1,1,31.37,99,37.09777343,127.11993229999999
2020-11-30 21:53:42,1,1,33.91,100,37.09778061,127.1200126
2020-11-30 21:53:43,1,1,,100,37.09755542,127.1201168
2020-11-30 21:53:44,1,1,30.0,99,37.09732605,127.12022320000001
2020-11-30 21:53:45,1,1,28.74,99,37.09709459,127.1203305
2020-11-30 21:53:46,1,1,,98,37.09686773,127.1204399
2020-11-30 21:53:47,1,1,,98,37.0964185,127.1205494
2020-11-30 21:53:48,1,1,29.57,98,37.09619192,127.12065120000001
2020-11-30 21:53:49,1,1,30.45,98,37.09596411,127.12075520000002
2020-11-30 21:53:50,1,1,30.45,98,37.09596254,127.1208713
2020-11-30 21:53:51,1,1,,99,37.09573862,127.12097720000001
2020-11-30 21:53:52,1,1,32.34,100,37.09551219,127.1210811
2020-11-30 21:53:53,1,1,33.37,101,37.09527955,127.12118799999999
2020-11-30 21:53:54,1,1,31.37,102,37.09504486,127.12129640000002
2020-11-30 21:53:55,1,1,35.04,103,37.09480947,127.1214021
2020-11-30 21:53:56,1,1,,1,37.09457388,127.121509
2020-11-30 21:53:57,1,1,33.91,105,37.0943348,127.12161809999999
2020-11-30 21:53:58,1,1,28.34,106,37.09383631,127.1217258
2020-11-30 21:53:59,1,1,30.0,106,37.09358488,127.12183759999999
2020-11-30 21:54:00,1,1,28.74,107,37.09332996,127.12194440000002
2020-11-30 21:54:01,1,1,28.34,106,37.09334449,127.1220577
2020-11-30 21:54:02,1,1,26.15,105,37.09283653,127.1221707
2020-11-30 21:54:03,1,1,25.49,1,37.0928422,127.12229740000002
2020-11-30 21:54:04,1,1,25.81,102,37.0925955,127.1224162
2020-11-30 21:54:05,1,1,25.16,100,37.09212986,127.12249979999999
2020-11-30 21:54:06,1,1,23.95,97,37.0921277,127.12264099999999
2020-11-30 21:54:07,1,1,21.33,95,37.09169047,127.1226997
2020-11-30 21:54:08,1,1,,94,37.09147382,127.1227969
2020-11-30 21:54:09,1,1,15.45,93,37.09125929,127.1228944
2020-11-30 21:54:10,1,1,22.32,92,37.09125471,127.1230538
2020-11-30 21:54:11,1,1,22.06,92,37.09104018,127.12315459999999
2020-11-30 21:54:12,1,1,23.95,92,37.09083378,127.1232541
2020-11-30 21:54:13,1,1,24.85,92,37.09062671,127.12335209999999
2020-11-30 21:54:14,1,1,22.84,92,37.09042181,127.12344440000001
2020-11-30 21:54:15,1,1,18.25,92,37.09020965,127.1235372
2020-11-30 21:54:16,1,1,12.41,92,37.0897523,127.12358940000001
2020-11-30 21:54:17,1,1,16.9,92,37.08953704,127.12368670000001
2020-11-30 21:54:18,1,1,29.15,92,37.08932471,127.1237822
2020-11-30 21:54:19,1,1,,93,37.08936238,127.1239158
2020-11-30 21:54:20,1,1,,94,37.08889198,127.1239777
2020-11-30 21:54:21,1,1,14.19,95,37.08892646,127.1241106
2020-11-30 21:54:22,1,1,33.37,96,37.088454799999994,127.1241804
2020-11-30 21:54:23,1,1,27.21,97,37.08848447,127.12431380000001
2020-11-30 21:54:24,1,1,26.49,98,37.08826116,127.12441670000001
2020-11-30 21:54:25,1,1,30.0,98,37.0877847,127.12448700000002
2020-11-30 21:54:26,1,1,30.9,99,37.08781262,127.12462620000001
2020-11-30 21:54:27,1,1,27.96,100,37.08732356,127.1246956
2020-11-30 21:54:28,1,1,,100,37.08709107,127.1248013
2020-11-30 21:54:29,1,1,,101,37.08685784,127.1249081
2020-11-30 21:54:30,1,1,,102,37.08688821,127.1250567
2020-11-30 21:54:31,1,1,,102,37.08665282,127.1251645
2020-11-30 21:54:32,1,1,,103,37.08614399,127.12523370000001
2020-11-30 21:54:33,1,1,,103,37.0859044,127.1253402
2020-11-30 21:54:34,1,1,30.45,103,37.08566634,127.12544540000002
2020-11-30 21:54:35,1,1,23.66,102,37.08543304,127.1255479
2020-11-30 21:54:36,1,1,27.21,101,37.08548132,127.12569209999998
2020-11-30 21:54:37,1,1,24.85,100,37.08497358,127.1257578
2020-11-30 21:54:38,1,1,16.0,100,37.08474989,127.1258632
2020-11-30 21:54:39,1,1,,99,37.08478463,127.12600090000001
2020-11-30 21:54:40,1,1,16.29,97,37.08456171,127.12610120000001
2020-11-30 21:54:41,1,1,23.38,95,37.08434208,127.1261959
2020-11-30 21:54:42,1,1,23.38,95,37.08387888,127.1262533
2020-11-30 21:54:43,1,1,26.49,95,37.08366808,127.126349
2020-11-30 21:54:44,1,1,22.06,94,37.08345623,127.12645049999999
2020-11-30 21:54:45,1,1,,94,37.0834774,127.1265758
2020-11-30 21:54:46,1,1,23.38,94,37.08326181,127.1266722
2020-11-30 21:54:47,1,1,,94,37.08304469,127.12676189999999
2020-11-30 21:54:48,1,1,27.96,94,37.08283155,127.1268561
2020-11-30 21:54:49,1,1,26.85,94,37.08237989,127.12695320000002
2020-11-30 21:54:50,1,1,24.24,94,37.08239957,127.1270376
2020-11-30 21:54:51,1,1,,94,37.08218453,127.1271264
2020-11-30 21:54:52,1,1,,94,37.08173219,127.12724399999999
2020-11-30 21:54:53,1,1,,95,37.08174558,127.1273085
2020-11-30 21:54:54,1,1,15.58,97,37.08152426,127.12740159999998
2020-11-30 21:54:55,1,1,,98,37.08107786,127.12754309999998
2020-11-30 21:54:56,1,1,,99,37.08107128,127.12759479999998
2020-11-30 21:54:57,1,1,,99,37.0808438,127.12769270000001
2020-11-30 21:54:58,1,1,,99,37.0806161,127.12779209999998
2020-11-30 21:54:59,1,1,,100,37.08016879,127.12796110000001
2020-11-30 21:55:00,1,1,,100,37.08016252,127.12799059999999
2020-11-30 21:55:01,1,1,,100,37.07993442,127.12809209999999
2020-11-30 21:55:02,1,1,29.15,101,37.07948498,127.12827450000002
2020-11-30 21:55:03,1,1,31.37,100,37.07946609,127.12830149999999
2020-11-30 21:55:04,1,1,,100,37.07923598,127.1284071
2020-11-30 21:55:05,1,1,,100,37.07880207,127.12860649999999
2020-11-30 21:55:06,1,1,,100,37.07857435,127.1287243
2020-11-30 21:55:07,1,1,,100,37.07834821,127.1288429
2020-11-30 21:55:08,1,1,,100,37.0783268,127.12885490000001
2020-11-30 21:55:09,1,1,,99,37.07810486,127.12897530000001
2020-11-30 21:55:10,1,1,,99,37.07788060000001,127.1290981
2020-11-30 21:55:11,1,1,,99,37.07765903,127.12922409999999
2020-11-30 21:55:12,1,1,,99,37.07743894,127.1293494
2020-11-30 21:55:13,1,1,,99,37.07721981,127.12947659999999
2020-11-30 21:55:14,1,1,28.34,99,37.07700413,127.1296048
2020-11-30 21:55:15,1,1,26.49,99,37.07678578,127.12973819999999
2020-11-30 21:55:16,1,1,26.15,97,37.07656872,127.1298757
2020-11-30 21:55:17,1,1,,95,37.07618646,127.13014270000001
2020-11-30 21:55:18,1,1,19.58,93,37.075991200000004,127.13027679999999
2020-11-30 21:55:19,1,1,19.18,91,37.07580115,127.1304137
2020-11-30 21:55:20,1,1,20.87,89,37.07577224,127.13041489999999
2020-11-30 21:55:21,1,1,17.22,89,37.0755864,127.13054469999999
2020-11-30 21:55:22,1,1,20.65,89,37.07524161,127.1308321
2020-11-30 21:55:23,1,1,27.58,89,37.07505427,127.1309722
2020-11-30 21:55:24,1,1,24.85,89,37.07486719,127.1311149
2020-11-30 21:55:25,1,1,26.85,91,37.07468056,127.13125819999999
2020-11-30 21:55:26,1,1,30.45,92,37.07448564,127.1314034
2020-11-30 21:55:27,1,1,30.45,95,37.07428284,127.1315543
2020-11-30 21:55:28,1,1,,96,37.07407747,127.1317068
2020-11-30 21:55:29,1,1,,97,37.07406041,127.1316702
2020-11-30 21:55:30,1,1,,98,37.07365264,127.1320175
2020-11-30 21:55:31,1,1,,99,37.07343873,127.13217390000001
2020-11-30 21:55:32,1,1,,99,37.07322626,127.1323304
2020-11-30 21:55:33,1,1,17.89,99,37.07323371,127.13229709999999
2020-11-30 21:55:34,1,1,15.86,98,37.07280864,127.1326429
2020-11-30 21:55:35,1,1,26.15,98,37.07260323,127.13279250000001
2020-11-30 21:55:36,1,1,27.96,96,37.07260748,127.13275949999999
2020-11-30 21:55:37,1,1,27.96,95,37.07241233,127.13289809999999
2020-11-30 21:55:38,1,1,28.74,95,37.07221418,127.13303490000001
2020-11-30 21:55:39,1,1,26.15,95,37.07200925,127.1331722
2020-11-30 21:55:40,1,1,25.81,95,37.07179925,127.1333064
2020-11-30 21:55:41,1,1,25.49,95,37.07136739,127.1335875
2020-11-30 21:55:42,1,1,26.15,96,37.07115759,127.1337028
2020-11-30 21:55:43,1,1,26.85,96,37.07094298,127.1338125
2020-11-30 21:55:44,1,1,24.85,96,37.07072485,127.13392040000001
2020-11-30 21:55:45,1,1,22.57,96,37.07071671,127.13385790000001
2020-11-30 21:55:46,1,1,22.32,97,37.07049798,127.13395120000001
2020-11-30 21:55:47,1,1,25.16,98,37.0700498,127.1342176
2020-11-30 21:55:48,1,1,23.95,99,37.07005861,127.13412340000002
2020-11-30 21:55:49,1,1,27.21,100,37.06957864,127.1344007
2020-11-30 21:55:50,1,1,29.57,101,37.069340999999994,127.1344787
2020-11-30 21:55:51,1,1,27.21,103,37.06909743,127.1345529
2020-11-30 21:55:52,1,1,27.96,105,37.06911691,127.13439869999999
2020-11-30 21:55:53,1,1,29.15,107,37.06887432,127.13445390000001
2020-11-30 21:55:54,1,1,,108,37.06832671,127.13475
2020-11-30 21:55:55,1,1,27.58,108,37.06806285,127.13479840000002
2020-11-30 21:55:56,1,1,25.49,109,37.06780002,127.1348459
2020-11-30 21:55:57,1,1,24.24,108,37.0678208,127.1346356
2020-11-30 21:55:58,1,1,26.15,108,37.06755411,127.13467209999999
2020-11-30 21:55:59,1,1,25.49,107,37.06701883,127.1349554
2020-11-30 21:56:00,1,1,,107,37.06702697,127.13473090000001
2020-11-30 21:56:01,1,1,,106,37.06676958,127.13475290000001
2020-11-30 21:56:02,1,1,,105,37.06650388,127.1347728
2020-11-30 21:56:03,1,1,,105,37.06598463,127.135054
2020-11-30 21:56:04,1,1,,105,37.06598394,127.1348166
2020-11-30 21:56:05,1,1,21.82,106,37.06546998,127.1350973
2020-11-30 21:56:06,1,1,25.81,106,37.06546171,127.13486520000001
2020-11-30 21:56:07,1,1,26.85,106,37.06519796,127.1348994
2020-11-30 21:56:08,1,1,25.49,106,37.06493605,127.13493700000001
2020-11-30 21:56:09,1,1,13.1,106,37.06467217,127.13497439999999
2020-11-30 21:56:10,1,1,,106,37.06440415,127.13501310000001
2020-11-30 21:56:11,1,1,,106,37.06413643,127.135048
2020-11-30 21:56:12,1,1,28.74,106,37.06387194,127.135081
2020-11-30 21:56:13,1,1,12.51,106,37.06360662,127.1351126
2020-11-30 21:56:14,1,1,11.7,106,37.06312223,127.13531940000001
2020-11-30 21:56:15,1,1,12.7,106,37.06307966,127.1351784
2020-11-30 21:56:16,1,1,13.63,105,37.06260462,127.1353679
2020-11-30 21:56:17,1,1,28.74,105,37.06255747,127.13524029999999
2020-11-30 21:56:18,1,1,12.6,1,37.06208962,127.1354196
2020-11-30 21:56:19,1,1,12.23,103,37.06183779,127.13543999999999
2020-11-30 21:56:20,1,1,12.32,101,37.06178611,127.1353222
2020-11-30 21:56:21,1,1,20.0,100,37.06134671,127.1354847
2020-11-30 21:56:22,1,1,15.31,100,37.06110461,127.1355068
2020-11-30 21:56:23,1,1,18.99,99,37.06105644,127.13539850000001
2020-11-30 21:56:24,1,1,20.87,97,37.06081884,127.1354219
2020-11-30 21:56:25,1,1,17.55,96,37.06058208,127.1354438
2020-11-30 21:56:26,1,1,24.85,95,37.06034597,127.1354665
2020-11-30 21:56:27,1,1,22.06,94,37.05992951,127.13561709999999
2020-11-30 21:56:28,1,1,22.06,93,37.05988871,127.1355044
2020-11-30 21:56:29,1,1,21.57,90,37.05947852,127.13565449999999
2020-11-30 21:56:30,1,1,22.32,89,37.05943325,127.1355463
2020-11-30 21:56:31,1,1,20.21,88,37.0590443,127.1356878
2020-11-30 21:56:32,1,1,20.87,87,37.05883423,127.1357024
2020-11-30 21:56:33,1,1,23.38,87,37.05862534,127.1357162
2020-11-30 21:56:34,1,1,22.06,87,37.05858082,127.13561899999999
2020-11-30 21:56:35,1,1,24.54,86,37.05820947,127.13574299999999
2020-11-30 21:56:36,1,1,24.85,86,37.05800301,127.1357582
2020-11-30 21:56:37,1,1,27.58,86,37.05779794,127.13577439999999
2020-11-30 21:56:38,1,1,27.21,86,37.05759136,127.13578989999999
2020-11-30 21:56:39,1,1,24.85,86,37.05752234,127.13571529999999
2020-11-30 21:56:40,1,1,25.16,87,37.05731577,127.1357337
2020-11-30 21:56:41,1,1,26.15,89,37.05710917,127.1357508
2020-11-30 21:56:42,1,1,27.96,91,37.05689899,127.13576770000002
2020-11-30 21:56:43,1,1,27.21,93,37.05651683,127.13586940000002
2020-11-30 21:56:44,1,1,32.85,95,37.05646145,127.135805
2020-11-30 21:56:45,1,1,31.85,98,37.05604748,127.1359078
2020-11-30 21:56:46,1,1,36.87,99,37.055805,127.13592879999999
2020-11-30 21:56:47,1,1,34.47,100,37.05556042,127.1359486
2020-11-30 21:56:48,1,1,36.24,101,37.05531249,127.1359693
2020-11-30 21:56:49,1,1,30.0,102,37.05526938,127.1359093
2020-11-30 21:56:50,1,1,32.85,103,37.05502428,127.13592859999999
2020-11-30 21:56:51,1,1,31.37,1,37.05455684,127.1360283
2020-11-30 21:56:52,1,1,32.34,105,37.05452748,127.1359953
2020-11-30 21:56:53,1,1,32.34,106,37.05427001,127.13603159999998
2020-11-30 21:56:54,1,1,30.45,107,37.05401061,127.13605759999999
2020-11-30 21:56:55,1,1,28.34,107,37.053514899999996,127.13610959999998
2020-11-30 21:56:56,1,1,29.15,107,37.05325559,127.1361297
2020-11-30 21:56:57,1,1,28.74,107,37.05299302,127.13615300000001
2020-11-30 21:56:58,1,1,26.49,106,37.05272813,127.1361777
2020-11-30 21:56:59,1,1,26.15,105,37.05270577,127.1361872
2020-11-30 21:57:00,1,1,15.58,1,37.05221153,127.13622609999999
2020-11-30 21:57:01,1,1,14.67,102,37.051958,127.13624750000001
2020-11-30 21:57:02,1,1,,100,37.05193829,127.1362553
2020-11-30 21:57:03,1,1,18.43,99,37.05168289,127.1362784
2020-11-30 21:57:04,1,1,25.49,98,37.05144118,127.1362989
2020-11-30 21:57:05,1,1,21.1,98,37.05120663,127.13631840000001
2020-11-30 21:57:06,1,1,20.21,96,37.05097558,127.1363375
2020-11-30 21:57:07,1,1,23.38,95,37.05050995,127.136381
2020-11-30 21:57:08,1,1,22.57,94,37.05028213,127.13639939999999
2020-11-30 21:57:09,1,1,20.21,94,37.05005616,127.13641740000001
2020-11-30 21:57:10,1,1,17.06,94,37.050073299999994,127.13641000000001
2020-11-30 21:57:11,1,1,24.54,93,37.0498495,127.13642659999998
2020-11-30 21:57:12,1,1,13.96,92,37.04962382,127.13644369999999
2020-11-30 21:57:13,1,1,25.16,92,37.04940066,127.1364611
2020-11-30 21:57:14,1,1,25.16,92,37.04917423,127.1364794
2020-11-30 21:57:15,1,1,25.16,92,37.04895197,127.1364981
2020-11-30 21:57:16,1,1,26.85,93,37.04873007,127.1365155
2020-11-30 21:57:17,1,1,26.49,95,37.04850344,127.1365338
2020-11-30 21:57:18,1,1,29.57,96,37.04827465,127.13655200000001
2020-11-30 21:57:19,1,1,31.85,97,37.04804183,127.1365696
2020-11-30 21:57:20,1,1,33.37,98,37.04780198,127.1365886
2020-11-30 21:57:21,1,1,28.74,99,37.04731281,127.1366385
