rtime,latitude,longtitude
2020-11-30 21:29:25,37.41808502,127.0820657
2020-11-30 21:29:26,37.4178772,127.0822734
2020-11-30 21:29:27,37.41767011,127.0824831
2020-11-30 21:29:28,37.41746231,127.0826921
2020-11-30 21:29:29,37.41725522,127.0829005
2020-11-30 21:29:30,37.41704928,127.0831094
2020-11-30 21:29:31,37.41684445,127.0833175
2020-11-30 21:29:32,37.41664105,127.0835252
2020-11-30 21:29:33,37.4164353,127.0837322
2020-11-30 21:29:34,37.41622963,127.0839393
2020-11-30 21:29:35,37.41602341,127.0841463
2020-11-30 21:29:36,37.41581589,127.0843516
2020-11-30 21:29:37,37.41560438,127.0845601
2020-11-30 21:29:38,37.41539587,127.084769
2020-11-30 21:29:39,37.41518676,127.0849744
2020-11-30 21:29:40,37.41498203,127.0851865
2020-11-30 21:29:41,37.41477447,127.0854028
2020-11-30 21:29:42,37.41456545,127.0856156
2020-11-30 21:29:43,37.4143555,127.0858284
2020-11-30 21:29:44,37.41414909,127.0860397
2020-11-30 21:29:45,37.41394413,127.0862463
2020-11-30 21:29:46,37.41373909,127.0864502
2020-11-30 21:29:47,37.41353441,127.0866538
2020-11-30 21:29:48,37.41332685,127.0868594
2020-11-30 21:29:49,37.41310395,127.0870726
2020-11-30 21:29:50,37.41288927,127.0872868
2020-11-30 21:29:51,37.41267539,127.0875002
2020-11-30 21:29:52,37.4124625,127.0877141
2020-11-30 21:29:53,37.41224809,127.0879289
2020-11-30 21:29:54,37.41203265,127.0881422
2020-11-30 21:29:55,37.41182015,127.088358
2020-11-30 21:29:56,37.41160756,127.0885759
2020-11-30 21:29:57,37.41139584,127.088791
2020-11-30 21:29:58,37.41118471,127.089005
2020-11-30 21:29:59,37.41097341,127.0892162
2020-11-30 21:30:00,37.41076233,127.0894241
2020-11-30 21:30:01,37.4105691,127.0896155
2020-11-30 21:30:02,37.41038568,127.0898031
2020-11-30 21:30:03,37.41020348,127.0899882
2020-11-30 21:30:04,37.41002262,127.0901717
2020-11-30 21:30:05,37.40983986,127.0903558
2020-11-30 21:30:06,37.40965517,127.0905406
2020-11-30 21:30:07,37.40946838,127.0907292
2020-11-30 21:30:08,37.40928059,127.0909186
2020-11-30 21:30:09,37.40909293,127.0911072
2020-11-30 21:30:10,37.40890423,127.0912928
2020-11-30 21:30:11,37.40871494,127.0914824
2020-11-30 21:30:12,37.40852391,127.0916736
2020-11-30 21:30:13,37.40832284,127.0918681
2020-11-30 21:30:14,37.40812855,127.0920628
2020-11-30 21:30:15,37.40793915,127.0922549
2020-11-30 21:30:16,37.40775154,127.0924451
2020-11-30 21:30:17,37.40756351,127.0926362
2020-11-30 21:30:18,37.40737078,127.0928292
2020-11-30 21:30:19,37.40718458,127.0930153
2020-11-30 21:30:20,37.40699491,127.0932057
2020-11-30 21:30:21,37.40680733,127.0934001
2020-11-30 21:30:22,37.40662555,127.0935944
2020-11-30 21:30:23,37.40644661,127.0937819
2020-11-30 21:30:24,37.40626929,127.0939648
2020-11-30 21:30:25,37.40609616,127.0941456
2020-11-30 21:30:26,37.40591991,127.0943252
2020-11-30 21:30:27,37.40575299,127.0945001
2020-11-30 21:30:29,37.40543914,127.0948614
2020-11-30 21:30:30,37.40527144,127.0950446
2020-11-30 21:30:31,37.40509575,127.0952249
2020-11-30 21:30:32,37.40492384,127.0954046
2020-11-30 21:30:33,37.40475139,127.095586
2020-11-30 21:30:34,37.40458275,127.0957632
2020-11-30 21:30:35,37.40441736,127.0959354
2020-11-30 21:30:36,37.40425132,127.0961089
2020-11-30 21:30:37,37.40407954,127.0962898
2020-11-30 21:30:38,37.40390598,127.0964706
2020-11-30 21:30:39,37.403522,127.0968366
2020-11-30 21:30:40,37.40355812,127.0968282
2020-11-30 21:30:41,37.40338321,127.0970081
2020-11-30 21:30:42,37.40320987,127.0971886
2020-11-30 21:30:43,37.40303461,127.0973707
2020-11-30 21:30:44,37.4028077,127.0977264
2020-11-30 21:30:45,37.40283975,127.0978491
2020-11-30 21:30:46,37.40250809,127.0979197
2020-11-30 21:30:47,37.40276849,127.0980074
2020-11-30 21:30:48,37.40215358,127.098288
2020-11-30 21:30:49,37.40237673,127.0983434
2020-11-30 21:30:50,37.40220198,127.0985301
2020-11-30 21:30:51,37.40202521,127.0987209
2020-11-30 21:30:52,37.4018446,127.0989063
2020-11-30 21:30:53,37.40167291,127.0990931
2020-11-30 21:30:54,37.40150254,127.0992579
2020-11-30 21:30:55,37.4008031,127.0995426
2020-11-30 21:30:56,37.40056521,127.0996985
2020-11-30 21:30:57,37.40032933,127.0998412
2020-11-30 21:30:58,37.40008887,127.0999813
2020-11-30 21:30:59,37.39983733,127.1000922
2020-11-30 21:31:00,37.39956622,127.1001951
2020-11-30 21:31:01,37.39928352,127.1002818
2020-11-30 21:31:02,37.3989931,127.1003529
2020-11-30 21:31:03,37.39870176,127.100416
2020-11-30 21:31:04,37.39840393,127.1004738
2020-11-30 21:31:05,37.3981017,127.1005276
2020-11-30 21:31:06,37.39779371,127.1005798
2020-11-30 21:31:07,37.39773879,127.1003922
2020-11-30 21:31:08,37.39716582,127.100681
2020-11-30 21:31:09,37.39693608,127.1005525
2020-11-30 21:31:10,37.39652732,127.1006404
2020-11-30 21:31:11,37.39628178,127.1008698
2020-11-30 21:31:12,37.39600844,127.1009253
2020-11-30 21:31:13,37.39560926,127.1008384
2020-11-30 21:31:14,37.39547271,127.1010281
2020-11-30 21:31:15,37.39505441,127.1009489
2020-11-30 21:31:16,37.39496208,127.1011221
2020-11-30 21:31:17,37.3947134,127.1011627
2020-11-30 21:31:18,37.39446571,127.1012072
2020-11-30 21:31:19,37.39422154,127.1012499
2020-11-30 21:31:20,37.39397885,127.1012924
2020-11-30 21:31:21,37.39374229,127.1013345
2020-11-30 21:31:22,37.3933726,127.1012714
2020-11-30 21:31:23,37.39328843,127.1014122
2020-11-30 21:31:24,37.39289517,127.1013969
2020-11-30 21:31:25,37.39267228,127.1014558
2020-11-30 21:31:26,37.39263477,127.1015299
2020-11-30 21:31:27,37.39242118,127.1015694
2020-11-30 21:31:28,37.39199415,127.1016135
2020-11-30 21:31:29,37.39200437,127.1016464
2020-11-30 21:31:30,37.3917988,127.1016816
2020-11-30 21:31:31,37.39135715,127.1017544
2020-11-30 21:31:32,37.39115588,127.1017997
2020-11-30 21:31:33,37.39118708,127.101797
2020-11-30 21:31:34,37.39074672,127.1018907
2020-11-30 21:31:35,37.39053123,127.1019349
2020-11-30 21:31:36,37.39031061,127.1019724
2020-11-30 21:31:37,37.39036801,127.1019443
2020-11-30 21:31:38,37.38987173,127.1020512
2020-11-30 21:31:39,37.38994437,127.1020202
2020-11-30 21:31:40,37.38972588,127.1020602
2020-11-30 21:31:41,37.389207,127.1021722
2020-11-30 21:31:42,37.38927936,127.1021434
2020-11-30 21:31:43,37.38905323,127.1021811
2020-11-30 21:31:44,37.38854034,127.1022737
2020-11-30 21:31:45,37.38832147,127.1022987
2020-11-30 21:31:46,37.38834863,127.1023072
2020-11-30 21:31:47,37.38788552,127.1023706
2020-11-30 21:31:48,37.38764902,127.1024154
2020-11-30 21:31:49,37.38742678,127.1024598
2020-11-30 21:31:50,37.38721373,127.102488
2020-11-30 21:31:51,37.38698824,127.1025179
2020-11-30 21:31:52,37.38676419,127.1025547
2020-11-30 21:31:53,37.38655503,127.1025905
2020-11-30 21:31:54,37.38649814,127.102664
2020-11-30 21:31:55,37.38614748,127.1026649
2020-11-30 21:31:56,37.38595502,127.1026987
2020-11-30 21:31:57,37.38588278,127.1027799
2020-11-30 21:31:58,37.38568731,127.1028142
2020-11-30 21:31:59,37.38538083,127.1028021
2020-11-30 21:32:00,37.38530174,127.1028832
2020-11-30 21:32:01,37.3851098,127.1029172
2020-11-30 21:32:02,37.38480811,127.1029123
2020-11-30 21:32:03,37.38472222,127.1029791
2020-11-30 21:32:04,37.38452754,127.1030079
2020-11-30 21:32:05,37.38421698,127.1030017
2020-11-30 21:32:06,37.38413536,127.1030604
2020-11-30 21:32:07,37.38393742,127.1030775
2020-11-30 21:32:08,37.38373615,127.1030909
2020-11-30 21:32:09,37.3835318,127.1031018
2020-11-30 21:32:10,37.38332653,127.1031097
2020-11-30 21:32:11,37.38311775,127.103124
2020-11-30 21:32:12,37.38290669,127.103131
2020-11-30 21:32:13,37.38269137,127.1031324
2020-11-30 21:32:14,37.38235199,127.1030724
2020-11-30 21:32:15,37.38213072,127.1030767
2020-11-30 21:32:16,37.38191068,127.1030808
2020-11-30 21:32:17,37.38182031,127.1031256
2020-11-30 21:32:18,37.3815981,127.1031294
2020-11-30 21:32:19,37.38137254,127.1031296
2020-11-30 21:32:20,37.38114809,127.1031294
2020-11-30 21:32:21,37.38092413,127.1031294
2020-11-30 21:32:22,37.38069902,127.1031338
2020-11-30 21:32:23,37.38047574,127.1031345
2020-11-30 21:32:24,37.38025225,127.1031357
2020-11-30 21:32:25,37.38002805,127.103138
2020-11-30 21:32:26,37.37980629,127.1031386
2020-11-30 21:32:27,37.37947466,127.1030864
2020-11-30 21:32:28,37.37936196,127.1031342
2020-11-30 21:32:29,37.37901563,127.1030802
2020-11-30 21:32:30,37.378783,127.1030789
2020-11-30 21:32:31,37.37854861,127.1030758
2020-11-30 21:32:32,37.37831301,127.1030736
2020-11-30 21:32:33,37.37820603,127.1031174
2020-11-30 21:32:34,37.37783787,127.1030732
2020-11-30 21:32:35,37.37760051,127.1030733
2020-11-30 21:32:36,37.37748525,127.1031226
2020-11-30 21:32:37,37.37724657,127.1031198
2020-11-30 21:32:38,37.37687374,127.1030768
2020-11-30 21:32:39,37.37676682,127.1031136
2020-11-30 21:32:40,37.37652454,127.103111
2020-11-30 21:32:41,37.37613712,127.1030794
2020-11-30 21:32:42,37.3760359,127.1031083
2020-11-30 21:32:43,37.37578952,127.103104
2020-11-30 21:32:44,37.37539419,127.1030865
2020-11-30 21:32:45,37.37514488,127.1030892
2020-11-30 21:32:46,37.37489823,127.1030913
2020-11-30 21:32:47,37.37477379,127.1031237
2020-11-30 21:32:48,37.37451591,127.1031253
2020-11-30 21:32:49,37.37426007,127.1031264
2020-11-30 21:32:50,37.37400384,127.1031255
2020-11-30 21:32:51,37.3737494,127.1031245
2020-11-30 21:32:52,37.37349455,127.1031191
2020-11-30 21:32:53,37.37314065,127.1030997
2020-11-30 21:32:54,37.37290385,127.1030995
2020-11-30 21:32:55,37.3726671,127.1030996
2020-11-30 21:32:56,37.37243708,127.1030995
2020-11-30 21:32:57,37.37220648,127.1031005
2020-11-30 21:32:58,37.37198104,127.103102
2020-11-30 21:32:59,37.3718283,127.1031109
2020-11-30 21:33:00,37.37160823,127.103112
2020-11-30 21:33:01,37.37132574,127.1031072
2020-11-30 21:33:02,37.37110793,127.1031102
2020-11-30 21:33:03,37.37089485,127.1031128
2020-11-30 21:33:04,37.37068457,127.1031141
2020-11-30 21:33:05,37.37053895,127.1031138
2020-11-30 21:33:06,37.37032917,127.1031132
2020-11-30 21:33:07,37.37011995,127.103113
2020-11-30 21:33:08,37.36991071,127.1031192
2020-11-30 21:33:09,37.36963222,127.1031153
2020-11-30 21:33:10,37.36942262,127.1031125
2020-11-30 21:33:11,37.36920772,127.103114
2020-11-30 21:33:12,37.36899924,127.1031141
2020-11-30 21:33:13,37.36886542,127.1031276
2020-11-30 21:33:14,37.36859813,127.1031103
2020-11-30 21:33:15,37.36840436,127.1031086
2020-11-30 21:33:16,37.36825602,127.1031228
2020-11-30 21:33:17,37.36806461,127.1031187
2020-11-30 21:33:18,37.36787656,127.1031145
2020-11-30 21:33:19,37.36766296,127.1031067
2020-11-30 21:33:20,37.3674891,127.1031073
2020-11-30 21:33:21,37.36732435,127.103108
2020-11-30 21:33:22,37.36716616,127.1031092
2020-11-30 21:33:23,37.3670142,127.1031107
2020-11-30 21:33:24,37.3668608,127.1031113
2020-11-30 21:33:25,37.3666957,127.1031133
2020-11-30 21:33:26,37.36652578,127.1031143
2020-11-30 21:33:27,37.36635051,127.103116
2020-11-30 21:33:28,37.36623265,127.1031172
2020-11-30 21:33:29,37.36606219,127.1031209
2020-11-30 21:33:30,37.36579676,127.1031219
2020-11-30 21:33:31,37.36561273,127.1031232
2020-11-30 21:33:32,37.36552573,127.1031353
2020-11-30 21:33:33,37.36534969,127.1031396
2020-11-30 21:33:34,37.36517566,127.1031417
2020-11-30 21:33:35,37.36500447,127.1031469
2020-11-30 21:33:36,37.36469105,127.1031295
2020-11-30 21:33:37,37.36450057,127.1031314
2020-11-30 21:33:38,37.36445432,127.1031599
2020-11-30 21:33:39,37.36426336,127.103163
2020-11-30 21:33:40,37.36389523,127.1031393
2020-11-30 21:33:41,37.3636752,127.1031431
2020-11-30 21:33:42,37.36365324,127.1031704
2020-11-30 21:33:43,37.36322546,127.1031473
2020-11-30 21:33:44,37.36299505,127.1031483
2020-11-30 21:33:45,37.3629873,127.10318
2020-11-30 21:33:46,37.36252204,127.1031515
2020-11-30 21:33:47,37.36253297,127.103176
2020-11-30 21:33:48,37.3622958,127.1031823
2020-11-30 21:33:49,37.36204869,127.103184
2020-11-30 21:33:50,37.36180083,127.1031901
2020-11-30 21:33:51,37.36155385,127.103196
2020-11-30 21:33:52,37.36130667,127.1032006
2020-11-30 21:33:53,37.36083595,127.1031781
2020-11-30 21:33:54,37.36061661,127.1031785
2020-11-30 21:33:55,37.36039525,127.1031809
2020-11-30 21:33:56,37.36017865,127.1031846
2020-11-30 21:33:57,37.35996431,127.1031892
2020-11-30 21:33:58,37.35995246,127.103223
2020-11-30 21:33:59,37.35952772,127.1031933
2020-11-30 21:34:00,37.35930734,127.1031942
2020-11-30 21:34:01,37.35908044,127.1031938
2020-11-30 21:34:02,37.3590866,127.1032428
2020-11-30 21:34:03,37.35861332,127.1031939
2020-11-30 21:34:04,37.35837283,127.1031993
2020-11-30 21:34:05,37.35839198,127.1032539
2020-11-30 21:34:06,37.35814993,127.1032567
2020-11-30 21:34:07,37.35790619,127.1032593
2020-11-30 21:34:08,37.35766201,127.1032627
2020-11-30 21:34:09,37.35741734,127.1032658
2020-11-30 21:34:10,37.35717279,127.1032681
2020-11-30 21:34:11,37.35665281,127.1032168
2020-11-30 21:34:12,37.35640918,127.1032182
2020-11-30 21:34:13,37.35643687,127.1032668
2020-11-30 21:34:14,37.35591894,127.103221
2020-11-30 21:34:15,37.35594433,127.1032709
2020-11-30 21:34:16,37.35542131,127.1032187
2020-11-30 21:34:17,37.35516951,127.1032182
2020-11-30 21:34:18,37.35492496,127.1032204
2020-11-30 21:34:19,37.35468233,127.1032222
2020-11-30 21:34:20,37.35443531,127.1032231
2020-11-30 21:34:21,37.35418402,127.1032244
2020-11-30 21:34:22,37.35419197,127.103275
2020-11-30 21:34:23,37.3536943,127.1032279
2020-11-30 21:34:24,37.35345138,127.1032297
2020-11-30 21:34:25,37.35344721,127.1032821
2020-11-30 21:34:26,37.3529689,127.1032313
2020-11-30 21:34:27,37.35272464,127.1032332
2020-11-30 21:34:28,37.35248107,127.1032346
2020-11-30 21:34:29,37.35224771,127.103235
2020-11-30 21:34:30,37.35200681,127.1032353
2020-11-30 21:34:31,37.35177011,127.1032355
2020-11-30 21:34:32,37.35153225,127.103236
2020-11-30 21:34:33,37.35153276,127.1033232
2020-11-30 21:34:34,37.35105951,127.1032367
2020-11-30 21:34:35,37.35106931,127.1033298
2020-11-30 21:34:36,37.35083919,127.1033283
2020-11-30 21:34:37,37.3506119,127.1033288
2020-11-30 21:34:38,37.35012978,127.1032467
2020-11-30 21:34:39,37.34989436,127.103249
2020-11-30 21:34:40,37.34966302,127.103251
2020-11-30 21:34:41,37.34943293,127.1032511
2020-11-30 21:34:42,37.34920404,127.1032483
2020-11-30 21:34:43,37.34896867,127.1032459
2020-11-30 21:34:44,37.3489653,127.1033368
2020-11-30 21:34:45,37.34872928,127.1033385
2020-11-30 21:34:46,37.34848641,127.1033365
2020-11-30 21:34:47,37.34802368,127.1032471
2020-11-30 21:34:48,37.34779378,127.1032484
2020-11-30 21:34:49,37.34776837,127.1033329
2020-11-30 21:34:50,37.34732783,127.1032529
2020-11-30 21:34:51,37.34709158,127.1032556
2020-11-30 21:34:52,37.34685065,127.1032614
2020-11-30 21:34:53,37.34661496,127.1032671
2020-11-30 21:34:54,37.34638679,127.1032701
2020-11-30 21:34:55,37.34616029,127.1032706
2020-11-30 21:34:56,37.34593451,127.1032699
2020-11-30 21:34:57,37.34572606,127.1032664
2020-11-30 21:34:58,37.34571043,127.1033409
2020-11-30 21:34:59,37.34529935,127.1032629
2020-11-30 21:35:00,37.34508948,127.1032607
2020-11-30 21:35:01,37.345,127.1033494
2020-11-30 21:35:02,37.34478222,127.1033559
2020-11-30 21:35:03,37.34454609,127.1033538
2020-11-30 21:35:04,37.34432486,127.103355
2020-11-30 21:35:05,37.34401666,127.1032537
2020-11-30 21:35:06,37.3438583,127.1033575
2020-11-30 21:35:07,37.34356243,127.1032537
2020-11-30 21:35:08,37.34332783,127.103254
2020-11-30 21:35:09,37.34321312,127.1033406
2020-11-30 21:35:10,37.34285307,127.103255
2020-11-30 21:35:11,37.34260738,127.1032589
2020-11-30 21:35:12,37.34250225,127.1033203
2020-11-30 21:35:13,37.34226579,127.103319
2020-11-30 21:35:14,37.34202396,127.1033203
2020-11-30 21:35:15,37.34178014,127.1033206
2020-11-30 21:35:16,37.34153411,127.103322
2020-11-30 21:35:17,37.34127988,127.1033181
2020-11-30 21:35:18,37.34101436,127.1033128
2020-11-30 21:35:19,37.34075365,127.10331
2020-11-30 21:35:20,37.3403284,127.1032691
2020-11-30 21:35:21,37.34006628,127.1032728
2020-11-30 21:35:22,37.34005089,127.1033121
2020-11-30 21:35:23,37.33954263,127.1032771
2020-11-30 21:35:24,37.33953711,127.1033186
2020-11-30 21:35:25,37.33928003,127.103323
2020-11-30 21:35:26,37.33876445,127.103279
2020-11-30 21:35:27,37.33850327,127.1032807
2020-11-30 21:35:28,37.3385004,127.1033313
2020-11-30 21:35:29,37.33824725,127.1033375
2020-11-30 21:35:30,37.33799017,127.1033395
2020-11-30 21:35:31,37.33747176,127.10329
2020-11-30 21:35:32,37.33721171,127.1032926
2020-11-30 21:35:33,37.33695787,127.1032953
2020-11-30 21:35:34,37.33695956,127.1033439
2020-11-30 21:35:35,37.33669783,127.1033415
2020-11-30 21:35:36,37.33643767,127.1033404
2020-11-30 21:35:37,37.33617751,127.1033387
2020-11-30 21:35:38,37.33567629,127.1033144
2020-11-30 21:35:39,37.33542726,127.1033202
2020-11-30 21:35:40,37.33517643,127.1033239
2020-11-30 21:35:41,37.33492599,127.1033268
2020-11-30 21:35:42,37.33467273,127.1033284
2020-11-30 21:35:43,37.33465615,127.1033364
2020-11-30 21:35:44,37.33440984,127.1033385
2020-11-30 21:35:45,37.33415416,127.1033392
2020-11-30 21:35:46,37.33389087,127.1033388
2020-11-30 21:35:47,37.33365247,127.1033411
2020-11-30 21:35:48,37.33318715,127.1033365
2020-11-30 21:35:49,37.33294418,127.1033407
2020-11-30 21:35:50,37.33270391,127.1033438
2020-11-30 21:35:51,37.33246841,127.1033478
2020-11-30 21:35:52,37.33222761,127.1033529
2020-11-30 21:35:53,37.33199223,127.1033567
2020-11-30 21:35:54,37.33176234,127.1033592
2020-11-30 21:35:55,37.33153416,127.1033616
2020-11-30 21:35:56,37.33156818,127.1033718
2020-11-30 21:35:57,37.33135731,127.1033713
2020-11-30 21:35:58,37.3311498,127.1033687
2020-11-30 21:35:59,37.33092735,127.1033745
2020-11-30 21:36:00,37.33044015,127.1033787
2020-11-30 21:36:01,37.33049342,127.1033878
2020-11-30 21:36:02,37.33029124,127.1033952
2020-11-30 21:36:03,37.3300786,127.1034034
2020-11-30 21:36:04,37.32987061,127.1034118
2020-11-30 21:36:05,37.32966921,127.1034202
2020-11-30 21:36:06,37.32946774,127.1034259
2020-11-30 21:36:07,37.3292592,127.103431
2020-11-30 21:36:08,37.32906591,127.1034387
2020-11-30 21:36:09,37.32885915,127.1034479
2020-11-30 21:36:10,37.32865301,127.1034548
2020-11-30 21:36:11,37.32845191,127.1034613
2020-11-30 21:36:12,37.32822859,127.1034628
2020-11-30 21:36:13,37.32780888,127.1034091
2020-11-30 21:36:14,37.32760805,127.1034099
2020-11-30 21:36:15,37.32740923,127.1034131
2020-11-30 21:36:16,37.32721226,127.1034178
2020-11-30 21:36:17,37.32701685,127.1034238
2020-11-30 21:36:18,37.32682322,127.103429
2020-11-30 21:36:19,37.32662047,127.103433
2020-11-30 21:36:20,37.32641544,127.1034366
2020-11-30 21:36:21,37.326209,127.1034386
2020-11-30 21:36:22,37.32600266,127.1034377
2020-11-30 21:36:23,37.32580304,127.1034369
2020-11-30 21:36:24,37.3254891,127.1033009
2020-11-30 21:36:25,37.32540543,127.1034334
2020-11-30 21:36:26,37.32520131,127.1034302
2020-11-30 21:36:27,37.32499356,127.1034267
2020-11-30 21:36:28,37.3247874,127.1034235
2020-11-30 21:36:29,37.32454625,127.1033257
2020-11-30 21:36:30,37.32435426,127.1034177
2020-11-30 21:36:31,37.32417215,127.1033282
2020-11-30 21:36:32,37.32392035,127.1034148
2020-11-30 21:36:33,37.3236985,127.1034143
2020-11-30 21:36:34,37.32347818,127.1034171
2020-11-30 21:36:35,37.32326593,127.1034191
2020-11-30 21:36:36,37.32306555,127.1034174
2020-11-30 21:36:37,37.32287355,127.1034177
2020-11-30 21:36:38,37.32268086,127.1034178
2020-11-30 21:36:39,37.3224888,127.1034187
2020-11-30 21:36:40,37.3223038,127.10342
2020-11-30 21:36:41,37.32212323,127.1034202
2020-11-30 21:36:42,37.32194555,127.1034179
2020-11-30 21:36:43,37.32176454,127.1034156
2020-11-30 21:36:44,37.32157657,127.103414
2020-11-30 21:36:45,37.32138641,127.1034121
2020-11-30 21:36:46,37.3211872,127.1034105
2020-11-30 21:36:47,37.32098185,127.1034094
2020-11-30 21:36:48,37.32077187,127.1034076
2020-11-30 21:36:49,37.32055326,127.1034045
2020-11-30 21:36:50,37.32033428,127.1034028
2020-11-30 21:36:51,37.32010637,127.1034006
2020-11-30 21:36:52,37.31988137,127.1034
2020-11-30 21:36:53,37.31965833,127.1034008
2020-11-30 21:36:54,37.31943723,127.103403
2020-11-30 21:36:55,37.31920638,127.1034025
2020-11-30 21:36:56,37.31897661,127.103404
2020-11-30 21:36:57,37.31874712,127.1034044
2020-11-30 21:36:58,37.31851817,127.103405
2020-11-30 21:36:59,37.31828142,127.1034058
2020-11-30 21:37:00,37.31803965,127.1034071
2020-11-30 21:37:01,37.31780828,127.1034066
2020-11-30 21:37:02,37.31757927,127.1034058
2020-11-30 21:37:03,37.31734806,127.1034051
2020-11-30 21:37:04,37.31758323,127.1039979
2020-11-30 21:37:05,37.3168795,127.1033977
2020-11-30 21:37:06,37.31664274,127.1033964
2020-11-30 21:37:07,37.31639787,127.1033984
2020-11-30 21:37:08,37.31614791,127.1033993
2020-11-30 21:37:09,37.31590817,127.1033996
2020-11-30 21:37:10,37.31566546,127.103401
2020-11-30 21:37:11,37.31542158,127.1034058
2020-11-30 21:37:12,37.3155314,127.1035185
2020-11-30 21:37:13,37.31493342,127.1034135
2020-11-30 21:37:14,37.31469107,127.1034171
2020-11-30 21:37:15,37.31478143,127.1035165
2020-11-30 21:37:16,37.31420242,127.1034224
2020-11-30 21:37:17,37.31428461,127.1035158
2020-11-30 21:37:18,37.31403398,127.1035152
2020-11-30 21:37:19,37.31378197,127.1035143
2020-11-30 21:37:20,37.31353181,127.1035123
2020-11-30 21:37:21,37.31328326,127.1035106
2020-11-30 21:37:22,37.31269226,127.1034422
2020-11-30 21:37:23,37.31277735,127.1035144
2020-11-30 21:37:24,37.3125266,127.1035222
2020-11-30 21:37:25,37.31227699,127.1035302
2020-11-30 21:37:26,37.31202562,127.1035327
2020-11-30 21:37:27,37.31177189,127.1035354
2020-11-30 21:37:28,37.31151823,127.1035362
2020-11-30 21:37:29,37.31126909,127.1035386
2020-11-30 21:37:30,37.31068671,127.1034853
2020-11-30 21:37:31,37.31043544,127.1034898
2020-11-30 21:37:32,37.31052329,127.1035446
2020-11-30 21:37:33,37.31027332,127.1035448
2020-11-30 21:37:34,37.30968523,127.1034989
2020-11-30 21:37:35,37.309775,127.1035429
2020-11-30 21:37:36,37.30953861,127.1035429
2020-11-30 21:37:37,37.30898535,127.1035021
2020-11-30 21:37:38,37.30875118,127.1035044
2020-11-30 21:37:39,37.3085168,127.1035073
2020-11-30 21:37:40,37.30828174,127.1035108
2020-11-30 21:37:41,37.30805279,127.1035142
2020-11-30 21:37:42,37.30783229,127.103516
2020-11-30 21:37:43,37.30760569,127.1035165
2020-11-30 21:37:44,37.30770606,127.1035532
2020-11-30 21:37:45,37.3074814,127.1035579
2020-11-30 21:37:46,37.30725457,127.1035613
2020-11-30 21:37:47,37.30673172,127.1035158
2020-11-30 21:37:48,37.30650971,127.1035159
2020-11-30 21:37:49,37.30656722,127.1035664
2020-11-30 21:37:50,37.30633997,127.1035699
2020-11-30 21:37:51,37.30584322,127.1035159
2020-11-30 21:37:52,37.30561616,127.1035155
2020-11-30 21:37:53,37.30538368,127.103516
2020-11-30 21:37:54,37.30516105,127.1035163
2020-11-30 21:37:55,37.30493996,127.1035157
2020-11-30 21:37:56,37.30471138,127.1035174
2020-11-30 21:37:57,37.30448042,127.103519
2020-11-30 21:37:58,37.30450023,127.1035866
2020-11-30 21:37:59,37.30402603,127.1035208
2020-11-30 21:38:00,37.30404214,127.103598
2020-11-30 21:38:01,37.30381202,127.1036004
2020-11-30 21:38:02,37.303583,127.103596
2020-11-30 21:38:03,37.30311692,127.1035225
2020-11-30 21:38:04,37.30288983,127.1035234
2020-11-30 21:38:05,37.30265283,127.1035248
2020-11-30 21:38:06,37.30266088,127.1035998
2020-11-30 21:38:07,37.30242726,127.1035944
2020-11-30 21:38:08,37.30195612,127.1035271
2020-11-30 21:38:09,37.30195372,127.103587
2020-11-30 21:38:10,37.30171772,127.1035851
2020-11-30 21:38:11,37.30125814,127.1035282
2020-11-30 21:38:12,37.30102552,127.1035285
2020-11-30 21:38:13,37.30079357,127.1035282
2020-11-30 21:38:14,37.30078134,127.1035842
2020-11-30 21:38:15,37.30055247,127.103583
2020-11-30 21:38:16,37.30032326,127.1035817
2020-11-30 21:38:17,37.30009437,127.1035825
2020-11-30 21:38:18,37.2998651,127.1035838
2020-11-30 21:38:19,37.29963384,127.1035857
2020-11-30 21:38:20,37.29916316,127.1035183
2020-11-30 21:38:21,37.2991622,127.1035886
2020-11-30 21:38:22,37.29892809,127.1035897
2020-11-30 21:38:23,37.29844943,127.1035185
2020-11-30 21:38:24,37.29822523,127.1035207
2020-11-30 21:38:25,37.29800172,127.1035235
2020-11-30 21:38:26,37.29803023,127.1035897
2020-11-30 21:38:27,37.29756773,127.103529
2020-11-30 21:38:28,37.29736424,127.103532
2020-11-30 21:38:29,37.29740861,127.1035952
2020-11-30 21:38:30,37.29720356,127.1035999
2020-11-30 21:38:31,37.29700141,127.1036042
2020-11-30 21:38:32,37.29653301,127.1035405
2020-11-30 21:38:33,37.29632859,127.1035409
2020-11-30 21:38:34,37.29612232,127.1035392
2020-11-30 21:38:35,37.29618375,127.103604
2020-11-30 21:38:36,37.29598188,127.1036072
2020-11-30 21:38:37,37.29577941,127.1036114
2020-11-30 21:38:38,37.29557328,127.1036154
2020-11-30 21:38:39,37.29536956,127.1036177
2020-11-30 21:38:40,37.29516462,127.1036199
2020-11-30 21:38:41,37.29468113,127.1035502
2020-11-30 21:38:42,37.29448182,127.1035492
2020-11-30 21:38:43,37.29427659,127.1035476
2020-11-30 21:38:44,37.29406984,127.1035473
2020-11-30 21:38:45,37.29413317,127.1036136
2020-11-30 21:38:46,37.2936549,127.1035454
2020-11-30 21:38:47,37.29371804,127.1036124
2020-11-30 21:38:48,37.29324302,127.1035385
2020-11-30 21:38:49,37.29303292,127.1035365
2020-11-30 21:38:50,37.29281612,127.1035343
2020-11-30 21:38:51,37.29259826,127.1035322
2020-11-30 21:38:52,37.29237933,127.1035321
2020-11-30 21:38:53,37.29239358,127.1036189
2020-11-30 21:38:54,37.29217602,127.1036151
2020-11-30 21:38:55,37.29194431,127.1036011
2020-11-30 21:38:56,37.29171402,127.1035908
2020-11-30 21:38:57,37.29127486,127.103518
2020-11-30 21:38:58,37.29124066,127.1035839
2020-11-30 21:38:59,37.29100336,127.1035831
2020-11-30 21:39:00,37.29061169,127.1035096
2020-11-30 21:39:01,37.29039482,127.1035072
2020-11-30 21:39:02,37.29017575,127.1035049
2020-11-30 21:39:03,37.28994496,127.1035025
2020-11-30 21:39:04,37.28971935,127.1035023
2020-11-30 21:39:05,37.28948747,127.1034978
2020-11-30 21:39:06,37.28926157,127.1034967
2020-11-30 21:39:07,37.28919348,127.1035938
2020-11-30 21:39:08,37.28896688,127.1035946
2020-11-30 21:39:09,37.28854391,127.1035019
2020-11-30 21:39:10,37.28829921,127.103504
2020-11-30 21:39:11,37.28828627,127.1036017
2020-11-30 21:39:12,37.28805331,127.1036117
2020-11-30 21:39:13,37.28757857,127.1035094
2020-11-30 21:39:14,37.28758073,127.1036314
2020-11-30 21:39:15,37.28709203,127.1035082
2020-11-30 21:39:16,37.28684929,127.1035076
2020-11-30 21:39:17,37.28684092,127.1036446
2020-11-30 21:39:18,37.28636661,127.1035034
2020-11-30 21:39:19,37.28611803,127.1035008
2020-11-30 21:39:20,37.28586634,127.1035013
2020-11-30 21:39:21,37.28581856,127.103641
2020-11-30 21:39:22,37.28556081,127.103638
2020-11-30 21:39:23,37.28510647,127.1035039
2020-11-30 21:39:24,37.2848537,127.103502
2020-11-30 21:39:25,37.2845996,127.1035011
2020-11-30 21:39:26,37.28455776,127.103642
2020-11-30 21:39:27,37.28410691,127.1034989
2020-11-30 21:39:28,37.28405448,127.103642
2020-11-30 21:39:29,37.28380407,127.1036383
2020-11-30 21:39:30,37.28355195,127.1036354
2020-11-30 21:39:31,37.28330195,127.1036331
2020-11-30 21:39:32,37.28290784,127.1035008
2020-11-30 21:39:33,37.28281838,127.1036345
2020-11-30 21:39:34,37.28243188,127.1035051
2020-11-30 21:39:35,37.28234717,127.1036391
2020-11-30 21:39:36,37.28211685,127.1036406
2020-11-30 21:39:37,37.28188888,127.1036425
2020-11-30 21:39:38,37.28166181,127.1036436
2020-11-30 21:39:39,37.28127282,127.1035178
2020-11-30 21:39:40,37.28119788,127.1036471
2020-11-30 21:39:41,37.28096307,127.1036489
2020-11-30 21:39:42,37.28056454,127.1035187
2020-11-30 21:39:43,37.28048208,127.1036526
2020-11-30 21:39:44,37.28023663,127.1036535
2020-11-30 21:39:45,37.27982079,127.1035193
2020-11-30 21:39:46,37.27974311,127.1036569
2020-11-30 21:39:47,37.27932031,127.1035205
2020-11-30 21:39:48,37.27925391,127.103665
2020-11-30 21:39:49,37.27883284,127.1035226
2020-11-30 21:39:50,37.27878628,127.1036712
2020-11-30 21:39:51,37.27836081,127.1035292
2020-11-30 21:39:52,37.27811193,127.1035313
2020-11-30 21:39:53,37.27787295,127.1035362
2020-11-30 21:39:54,37.27763521,127.1035422
2020-11-30 21:39:55,37.27740179,127.1035489
2020-11-30 21:39:56,37.27717478,127.1035519
2020-11-30 21:39:57,37.27695549,127.1035546
2020-11-30 21:39:58,37.27673336,127.1035577
2020-11-30 21:39:59,37.27651301,127.1035634
2020-11-30 21:40:00,37.27663692,127.1036658
2020-11-30 21:40:01,37.2764314,127.1036667
2020-11-30 21:40:02,37.27588487,127.1035799
2020-11-30 21:40:03,37.27568084,127.1035855
2020-11-30 21:40:04,37.27582873,127.1036711
2020-11-30 21:40:05,37.27526442,127.1035922
2020-11-30 21:40:06,37.27505404,127.1035945
2020-11-30 21:40:07,37.27484866,127.1035964
2020-11-30 21:40:08,37.27498212,127.1036662
2020-11-30 21:40:09,37.27475624,127.1036653
2020-11-30 21:40:10,37.27452608,127.1036629
2020-11-30 21:40:11,37.27428694,127.1036622
2020-11-30 21:40:12,37.27404578,127.103664
2020-11-30 21:40:13,37.27380567,127.103666
2020-11-30 21:40:14,37.27328644,127.1035869
2020-11-30 21:40:15,37.27333002,127.1036663
2020-11-30 21:40:16,37.27281359,127.1035849
2020-11-30 21:40:17,37.27287425,127.1036628
2020-11-30 21:40:18,37.27264887,127.1036634
2020-11-30 21:40:19,37.2724245,127.1036656
2020-11-30 21:40:20,37.27220385,127.1036675
2020-11-30 21:40:21,37.27198717,127.1036675
2020-11-30 21:40:22,37.27144508,127.1035783
2020-11-30 21:40:23,37.27122472,127.1035765
2020-11-30 21:40:24,37.27133541,127.1036794
2020-11-30 21:40:25,37.27111916,127.1036806
2020-11-30 21:40:26,37.27090286,127.1036832
2020-11-30 21:40:27,37.2706881,127.1036855
2020-11-30 21:40:28,37.27047278,127.103687
2020-11-30 21:40:29,37.26995191,127.1035725
2020-11-30 21:40:30,37.27004585,127.1036903
2020-11-30 21:40:31,37.26952072,127.1035767
2020-11-30 21:40:32,37.26930717,127.1035783
2020-11-30 21:40:33,37.26908065,127.1035805
2020-11-30 21:40:34,37.26888098,127.1035824
2020-11-30 21:40:35,37.2690107,127.1037094
2020-11-30 21:40:36,37.26853464,127.1035839
2020-11-30 21:40:37,37.26834274,127.1035837
2020-11-30 21:40:38,37.26835535,127.1037132
2020-11-30 21:40:39,37.2679533,127.1035844
2020-11-30 21:40:40,37.26772329,127.103586
2020-11-30 21:40:41,37.26769981,127.1037119
2020-11-30 21:40:42,37.2672907,127.1035884
2020-11-30 21:40:43,37.2672702,127.1037092
2020-11-30 21:40:44,37.26689149,127.103591
2020-11-30 21:40:45,37.26668699,127.103592
2020-11-30 21:40:46,37.26663054,127.1037105
2020-11-30 21:40:47,37.26625403,127.1035921
2020-11-30 21:40:48,37.26620338,127.1037115
2020-11-30 21:40:49,37.26598888,127.1037121
2020-11-30 21:40:50,37.26577584,127.1037124
2020-11-30 21:40:51,37.26556326,127.103715
2020-11-30 21:40:52,37.2653516,127.1037146
2020-11-30 21:40:53,37.26514003,127.1037179
2020-11-30 21:40:54,37.26481944,127.1035995
2020-11-30 21:40:55,37.26471711,127.1037217
2020-11-30 21:40:56,37.26440425,127.1036067
2020-11-30 21:40:57,37.26419401,127.1036102
2020-11-30 21:40:58,37.26409039,127.1037224
2020-11-30 21:40:59,37.26378151,127.1036204
2020-11-30 21:41:00,37.26366799,127.1037246
2020-11-30 21:41:01,37.26336684,127.1036328
2020-11-30 21:41:02,37.26315027,127.1036389
2020-11-30 21:41:03,37.26302362,127.1037297
2020-11-30 21:41:04,37.2627146,127.1036443
2020-11-30 21:41:05,37.2625902,127.1037323
2020-11-30 21:41:06,37.26237302,127.103732
2020-11-30 21:41:07,37.26215152,127.1037325
2020-11-30 21:41:08,37.261932,127.1037322
2020-11-30 21:41:09,37.26171404,127.1037335
2020-11-30 21:41:10,37.26139869,127.1036393
2020-11-30 21:41:11,37.26128287,127.1037365
2020-11-30 21:41:12,37.2610704,127.1037386
2020-11-30 21:41:13,37.26076072,127.1036475
2020-11-30 21:41:14,37.2606402,127.1037396
2020-11-30 21:41:15,37.26042564,127.1037408
2020-11-30 21:41:16,37.26011363,127.1036548
2020-11-30 21:41:17,37.26000022,127.1037441
2020-11-30 21:41:18,37.25979053,127.1037442
2020-11-30 21:41:19,37.25958265,127.1037418
2020-11-30 21:41:20,37.25937746,127.1037424
2020-11-30 21:41:21,37.25917161,127.1037453
2020-11-30 21:41:22,37.25896484,127.1037525
2020-11-30 21:41:23,37.2587585,127.1037601
2020-11-30 21:41:24,37.25855371,127.1037585
2020-11-30 21:41:25,37.25835046,127.1037504
2020-11-30 21:41:26,37.25814829,127.1037493
2020-11-30 21:41:27,37.25778182,127.1036703
2020-11-30 21:41:28,37.25773777,127.1037491
2020-11-30 21:41:29,37.25753345,127.1037436
2020-11-30 21:41:30,37.25732853,127.1037429
2020-11-30 21:41:31,37.25712248,127.1037434
2020-11-30 21:41:32,37.25691286,127.1037452
2020-11-30 21:41:33,37.25651617,127.1036669
2020-11-30 21:41:34,37.25631313,127.1036649
2020-11-30 21:41:35,37.25628785,127.1037464
2020-11-30 21:41:36,37.25608002,127.1037472
2020-11-30 21:41:37,37.25587056,127.1037508
2020-11-30 21:41:38,37.25550617,127.1036529
2020-11-30 21:41:39,37.2553135,127.1036493
2020-11-30 21:41:40,37.25524708,127.1037527
2020-11-30 21:41:41,37.25490648,127.1036447
2020-11-30 21:41:42,37.25469694,127.1036451
2020-11-30 21:41:43,37.25462462,127.1037619
2020-11-30 21:41:44,37.25441631,127.1037635
2020-11-30 21:41:45,37.25408616,127.1036441
2020-11-30 21:41:46,37.25400359,127.1037655
2020-11-30 21:41:47,37.25367956,127.1036426
2020-11-30 21:41:48,37.25358368,127.1037677
2020-11-30 21:41:49,37.25326553,127.1036423
2020-11-30 21:41:50,37.25304769,127.1036451
2020-11-30 21:41:51,37.2528335,127.1036465
2020-11-30 21:41:52,37.25262108,127.1036483
2020-11-30 21:41:53,37.25240246,127.1036515
2020-11-30 21:41:54,37.2521862,127.1036548
2020-11-30 21:41:55,37.25196846,127.1036607
2020-11-30 21:41:56,37.25186536,127.1037862
2020-11-30 21:41:57,37.25154758,127.1036675
2020-11-30 21:41:58,37.25133561,127.1036687
2020-11-30 21:41:59,37.25112719,127.1036711
2020-11-30 21:42:00,37.25091306,127.1036743
2020-11-30 21:42:01,37.25072353,127.1036778
2020-11-30 21:42:02,37.25051145,127.1036794
2020-11-30 21:42:03,37.25040675,127.1038104
2020-11-30 21:42:04,37.25019716,127.1038117
2020-11-30 21:42:05,37.24998873,127.1038137
2020-11-30 21:42:06,37.24978075,127.1038125
2020-11-30 21:42:07,37.24957463,127.1038139
2020-11-30 21:42:08,37.24927819,127.1036946
2020-11-30 21:42:09,37.24916732,127.1038177
2020-11-30 21:42:10,37.24896359,127.1038193
2020-11-30 21:42:11,37.24875743,127.1038216
2020-11-30 21:42:12,37.24855069,127.1038245
2020-11-30 21:42:13,37.24827649,127.1036951
2020-11-30 21:42:14,37.24814046,127.10383
2020-11-30 21:42:15,37.2478719,127.1036966
2020-11-30 21:42:16,37.24773272,127.1038418
2020-11-30 21:42:17,37.24753595,127.1038435
2020-11-30 21:42:18,37.24733885,127.1038457
2020-11-30 21:42:19,37.24713964,127.1038449
2020-11-30 21:42:20,37.24693774,127.1038449
2020-11-30 21:42:21,37.24673426,127.1038447
2020-11-30 21:42:22,37.24652874,127.1038446
2020-11-30 21:42:23,37.24632297,127.1038455
2020-11-30 21:42:24,37.24600679,127.1037434
2020-11-30 21:42:25,37.24579962,127.1037552
2020-11-30 21:42:26,37.24558839,127.1037718
2020-11-30 21:42:27,37.24537604,127.1037932
2020-11-30 21:42:28,37.24525603,127.1039029
2020-11-30 21:42:29,37.24495507,127.1038432
2020-11-30 21:42:30,37.24482274,127.1039538
2020-11-30 21:42:31,37.24453158,127.1039017
2020-11-30 21:42:32,37.24432842,127.1039361
2020-11-30 21:42:33,37.24412441,127.1039731
2020-11-30 21:42:34,37.24396724,127.1040984
2020-11-30 21:42:35,37.24369411,127.1040565
2020-11-30 21:42:36,37.24354051,127.1041861
2020-11-30 21:42:37,37.2433301,127.1042333
2020-11-30 21:42:38,37.24306875,127.1042011
2020-11-30 21:42:39,37.24291764,127.10434
2020-11-30 21:42:40,37.24271223,127.1043944
2020-11-30 21:42:41,37.24250567,127.1044511
2020-11-30 21:42:42,37.24230047,127.1045066
2020-11-30 21:42:43,37.24209673,127.104562
2020-11-30 21:42:44,37.24180874,127.1045126
2020-11-30 21:42:45,37.24159823,127.104564
2020-11-30 21:42:46,37.24148415,127.104729
2020-11-30 21:42:47,37.2412796,127.1047849
2020-11-30 21:42:48,37.24107376,127.1048416
2020-11-30 21:42:49,37.24076291,127.1047728
2020-11-30 21:42:50,37.2406691,127.1049529
2020-11-30 21:42:51,37.24047012,127.1050073
2020-11-30 21:42:52,37.24014431,127.1049298
2020-11-30 21:42:53,37.23995357,127.1049765
2020-11-30 21:42:54,37.23975947,127.1050249
2020-11-30 21:42:55,37.23956999,127.1050716
2020-11-30 21:42:56,37.23950543,127.1052624
2020-11-30 21:42:57,37.23930278,127.1053098
2020-11-30 21:42:58,37.23909772,127.1053585
2020-11-30 21:42:59,37.23888713,127.1054051
2020-11-30 21:43:00,37.23867385,127.1054526
2020-11-30 21:43:01,37.23845725,127.105502
2020-11-30 21:43:02,37.23823784,127.1055583
2020-11-30 21:43:03,37.23784866,127.1054811
2020-11-30 21:43:04,37.23778243,127.1056781
2020-11-30 21:43:05,37.23742252,127.105587
2020-11-30 21:43:06,37.23719642,127.1056462
2020-11-30 21:43:07,37.2371059,127.105857
2020-11-30 21:43:08,37.23688682,127.1059156
2020-11-30 21:43:09,37.23656025,127.1058068
2020-11-30 21:43:10,37.23634001,127.1058649
2020-11-30 21:43:11,37.23623737,127.1060873
2020-11-30 21:43:12,37.23602283,127.1061443
2020-11-30 21:43:13,37.23580811,127.1062026
2020-11-30 21:43:14,37.23546525,127.1061043
2020-11-30 21:43:15,37.23534838,127.106332
2020-11-30 21:43:16,37.2350028,127.1062298
2020-11-30 21:43:17,37.23476571,127.1062928
2020-11-30 21:43:18,37.23463379,127.1065281
2020-11-30 21:43:19,37.23426192,127.1064356
2020-11-30 21:43:20,37.23414191,127.1066622
2020-11-30 21:43:21,37.2337368,127.1065946
2020-11-30 21:43:22,37.23347649,127.1066662
2020-11-30 21:43:23,37.23338325,127.106864
2020-11-30 21:43:24,37.23312566,127.1069319
2020-11-30 21:43:25,37.23268151,127.1068746
2020-11-30 21:43:26,37.23241777,127.1069228
2020-11-30 21:43:27,37.23215986,127.1069571
2020-11-30 21:43:28,37.23208334,127.1071298
2020-11-30 21:43:29,37.23163017,127.1069757
2020-11-30 21:43:30,37.23156324,127.1071291
2020-11-30 21:43:31,37.23130742,127.1071008
2020-11-30 21:43:32,37.23084095,127.1068837
2020-11-30 21:43:33,37.23079484,127.1070225
2020-11-30 21:43:34,37.2303777,127.1067535
2020-11-30 21:43:35,37.23016451,127.1066663
2020-11-30 21:43:36,37.22995151,127.1065651
2020-11-30 21:43:37,37.229739,127.1064525
2020-11-30 21:43:38,37.22966508,127.106569
2020-11-30 21:43:39,37.22945454,127.1064498
2020-11-30 21:43:40,37.22911214,127.1060432
2020-11-30 21:43:41,37.22904847,127.1061727
2020-11-30 21:43:42,37.22885037,127.1060221
2020-11-30 21:43:43,37.22865219,127.1058666
2020-11-30 21:43:44,37.22845433,127.1057103
2020-11-30 21:43:45,37.22810321,127.1052799
2020-11-30 21:43:46,37.228053,127.1053967
2020-11-30 21:43:47,37.22785256,127.1052416
2020-11-30 21:43:48,37.22765287,127.1050875
2020-11-30 21:43:49,37.22731173,127.1046757
2020-11-30 21:43:50,37.22711197,127.1045243
2020-11-30 21:43:51,37.22705866,127.1046308
2020-11-30 21:43:52,37.22670806,127.104218
2020-11-30 21:43:53,37.22650378,127.1040607
2020-11-30 21:43:54,37.22629484,127.1038965
2020-11-30 21:43:55,37.22608131,127.1037313
2020-11-30 21:43:56,37.22586397,127.1035627
2020-11-30 21:43:57,37.22582514,127.1036726
2020-11-30 21:43:58,37.22542402,127.1032277
2020-11-30 21:43:59,37.22520446,127.1030603
2020-11-30 21:44:00,37.22516011,127.1031714
2020-11-30 21:44:01,37.22493113,127.1029948
2020-11-30 21:44:02,37.22470117,127.1028183
2020-11-30 21:44:03,37.22425985,127.1023525
2020-11-30 21:44:04,37.22402304,127.10218
2020-11-30 21:44:05,37.22378849,127.1020073
2020-11-30 21:44:06,37.22355679,127.1018365
2020-11-30 21:44:07,37.2233215,127.1016655
2020-11-30 21:44:08,37.22308487,127.1014938
2020-11-30 21:44:09,37.22286556,127.1013337
2020-11-30 21:44:10,37.22286974,127.1014419
2020-11-30 21:44:11,37.22242375,127.1010102
2020-11-30 21:44:12,37.22243149,127.1011028
2020-11-30 21:44:13,37.22221658,127.1009362
2020-11-30 21:44:14,37.22200437,127.100768
2020-11-30 21:44:15,37.221792,127.1005995
2020-11-30 21:44:16,37.22157557,127.1004354
2020-11-30 21:44:17,37.22136177,127.1002729
2020-11-30 21:44:18,37.22087554,127.0998867
2020-11-30 21:44:19,37.22094026,127.0999569
2020-11-30 21:44:20,37.22073041,127.0998033
2020-11-30 21:44:21,37.22025442,127.0994385
2020-11-30 21:44:22,37.22031571,127.0995028
2020-11-30 21:44:23,37.2201106,127.099351
2020-11-30 21:44:24,37.21990644,127.0991995
2020-11-30 21:44:25,37.21970133,127.0990467
2020-11-30 21:44:26,37.21949475,127.0988928
2020-11-30 21:44:27,37.21900142,127.0985306
2020-11-30 21:44:28,37.21879301,127.0983845
2020-11-30 21:44:29,37.21886636,127.098437
2020-11-30 21:44:30,37.21865783,127.0982919
2020-11-30 21:44:31,37.21817663,127.0979804
2020-11-30 21:44:32,37.21796191,127.0978508
2020-11-30 21:44:33,37.21774875,127.0977285
2020-11-30 21:44:34,37.21779548,127.0977552
2020-11-30 21:44:35,37.21757904,127.0976286
2020-11-30 21:44:36,37.21736131,127.0975048
2020-11-30 21:44:37,37.21714089,127.0973813
2020-11-30 21:44:38,37.21670729,127.09712
2020-11-30 21:44:39,37.21649615,127.0970057
2020-11-30 21:44:40,37.21627115,127.0968915
2020-11-30 21:44:41,37.21623758,127.0969087
2020-11-30 21:44:42,37.21600519,127.0968302
2020-11-30 21:44:43,37.21558021,127.0965602
2020-11-30 21:44:44,37.21534299,127.0964563
2020-11-30 21:44:45,37.21531494,127.0965198
2020-11-30 21:44:46,37.21507442,127.0964287
2020-11-30 21:44:47,37.21483387,127.096338
2020-11-30 21:44:48,37.21437676,127.0961048
2020-11-30 21:44:49,37.21433463,127.0961632
2020-11-30 21:44:50,37.2140767,127.0960817
2020-11-30 21:44:51,37.2138173,127.0960049
2020-11-30 21:44:52,37.21337823,127.0957964
2020-11-30 21:44:53,37.2131263,127.09573
2020-11-30 21:44:54,37.21303547,127.0957952
2020-11-30 21:44:55,37.21277911,127.0957326
2020-11-30 21:44:56,37.21236279,127.0955581
2020-11-30 21:44:57,37.21210394,127.0955086
2020-11-30 21:44:58,37.21199143,127.0955702
2020-11-30 21:44:59,37.21172615,127.0955222
2020-11-30 21:45:00,37.21129101,127.0953826
2020-11-30 21:45:01,37.21118952,127.0954493
2020-11-30 21:45:02,37.21091805,127.0954253
2020-11-30 21:45:03,37.21064142,127.0954032
2020-11-30 21:45:04,37.21036442,127.0953728
2020-11-30 21:45:05,37.20992058,127.0952234
2020-11-30 21:45:06,37.20981181,127.0953215
2020-11-30 21:45:07,37.20936831,127.095161
2020-11-30 21:45:08,37.2092529,127.0952673
2020-11-30 21:45:09,37.20897142,127.095239
2020-11-30 21:45:10,37.20868796,127.0952192
2020-11-30 21:45:11,37.20825133,127.0950355
2020-11-30 21:45:12,37.208115,127.095164
2020-11-30 21:45:13,37.20782201,127.0951322
2020-11-30 21:45:14,37.20753814,127.095105
2020-11-30 21:45:15,37.20712904,127.094919
2020-11-30 21:45:16,37.20696926,127.0950426
2020-11-30 21:45:17,37.20668799,127.0950116
2020-11-30 21:45:18,37.20629404,127.0948331
2020-11-30 21:45:19,37.20612636,127.0949499
2020-11-30 21:45:20,37.20573333,127.0947769
2020-11-30 21:45:21,37.20545269,127.094748
2020-11-30 21:45:22,37.20517104,127.0947194
2020-11-30 21:45:23,37.20489356,127.0946932
2020-11-30 21:45:24,37.2046213,127.0946687
2020-11-30 21:45:25,37.20435698,127.0946445
2020-11-30 21:45:26,37.20420529,127.0947495
2020-11-30 21:45:27,37.20383198,127.09459
2020-11-30 21:45:28,37.20356316,127.0945611
2020-11-30 21:45:29,37.20329302,127.0945339
2020-11-30 21:45:30,37.20303066,127.0945059
2020-11-30 21:45:31,37.20286072,127.0946005
2020-11-30 21:45:32,37.20248996,127.0944477
2020-11-30 21:45:33,37.20222195,127.0944202
2020-11-30 21:45:34,37.20195757,127.0943936
2020-11-30 21:45:35,37.20179582,127.0944821
2020-11-30 21:45:36,37.20153767,127.0944557
2020-11-30 21:45:37,37.20128329,127.0944316
2020-11-30 21:45:38,37.20103333,127.094409
2020-11-30 21:45:39,37.2007856,127.0943851
2020-11-30 21:45:40,37.20042537,127.094242
2020-11-30 21:45:41,37.20029154,127.0943339
2020-11-30 21:45:42,37.20004646,127.0943022
2020-11-30 21:45:43,37.19969259,127.0941675
2020-11-30 21:45:44,37.19945468,127.0941414
2020-11-30 21:45:45,37.19932004,127.0942245
2020-11-30 21:45:46,37.19908576,127.0942027
2020-11-30 21:45:47,37.19885439,127.0941934
2020-11-30 21:45:48,37.19861913,127.0941747
2020-11-30 21:45:49,37.19838527,127.0941484
2020-11-30 21:45:50,37.19803174,127.0939971
2020-11-30 21:45:51,37.19779231,127.093973
2020-11-30 21:45:52,37.19755203,127.0939489
2020-11-30 21:45:53,37.19743954,127.0940428
2020-11-30 21:45:54,37.19706793,127.0939014
2020-11-30 21:45:55,37.19695929,127.0939953
2020-11-30 21:45:56,37.19658123,127.0938545
2020-11-30 21:45:57,37.19647031,127.0939441
2020-11-30 21:45:58,37.19622548,127.0939177
2020-11-30 21:45:59,37.19597946,127.093896
2020-11-30 21:46:00,37.19559699,127.0937644
2020-11-30 21:46:01,37.19536063,127.0937453
2020-11-30 21:46:02,37.19525104,127.0938327
2020-11-30 21:46:03,37.19501368,127.0938156
2020-11-30 21:46:04,37.19467934,127.0936969
2020-11-30 21:46:05,37.19454176,127.0937877
2020-11-30 21:46:06,37.19430995,127.0937812
2020-11-30 21:46:07,37.19408292,127.093777
2020-11-30 21:46:08,37.19385649,127.0937741
2020-11-30 21:46:09,37.193633,127.0937984
2020-11-30 21:46:10,37.19340928,127.0938252
2020-11-30 21:46:11,37.193338,127.0937087
2020-11-30 21:46:12,37.19296606,127.0938508
2020-11-30 21:46:13,37.19274577,127.0938654
2020-11-30 21:46:14,37.19267769,127.093763
2020-11-30 21:46:15,37.19245995,127.0937856
2020-11-30 21:46:16,37.19224956,127.0938104
2020-11-30 21:46:17,37.19204523,127.0938349
2020-11-30 21:46:18,37.19184454,127.0938612
2020-11-30 21:46:19,37.19165264,127.0938866
2020-11-30 21:46:20,37.19147582,127.0939094
2020-11-30 21:46:21,37.1913009,127.093931
2020-11-30 21:46:22,37.19112767,127.0939528
2020-11-30 21:46:23,37.19084305,127.0940778
2020-11-30 21:46:24,37.19078756,127.0939932
2020-11-30 21:46:25,37.19050762,127.0941178
2020-11-30 21:46:26,37.19033826,127.0941369
2020-11-30 21:46:27,37.19016471,127.0941569
2020-11-30 21:46:28,37.19008375,127.0940705
2020-11-30 21:46:29,37.18989949,127.0940905
2020-11-30 21:46:30,37.1896226,127.0942155
2020-11-30 21:46:31,37.1895293,127.0941317
2020-11-30 21:46:32,37.18934033,127.0941542
2020-11-30 21:46:33,37.18915448,127.0941759
2020-11-30 21:46:34,37.18897169,127.094199
2020-11-30 21:46:35,37.18878726,127.0942228
2020-11-30 21:46:36,37.18860566,127.0942479
2020-11-30 21:46:37,37.18842747,127.0942727
2020-11-30 21:46:38,37.1882487,127.0942978
2020-11-30 21:46:39,37.1879648,127.0944441
2020-11-30 21:46:40,37.18779197,127.0944685
2020-11-30 21:46:41,37.18770172,127.0943789
2020-11-30 21:46:42,37.18752388,127.0944064
2020-11-30 21:46:43,37.18728337,127.094537
2020-11-30 21:46:44,37.18710889,127.0945655
2020-11-30 21:46:45,37.18699787,127.0944956
2020-11-30 21:46:46,37.186757,127.0946281
2020-11-30 21:46:47,37.18657461,127.0946612
2020-11-30 21:46:48,37.18639034,127.0946954
2020-11-30 21:46:49,37.18619791,127.0947307
2020-11-30 21:46:50,37.18600549,127.0947653
2020-11-30 21:46:51,37.18581229,127.0948017
2020-11-30 21:46:52,37.18561767,127.0948383
2020-11-30 21:46:53,37.185422,127.0948763
2020-11-30 21:46:54,37.18529049,127.0948173
2020-11-30 21:46:55,37.18509665,127.0948585
2020-11-30 21:46:56,37.18483735,127.0949981
2020-11-30 21:46:57,37.18464158,127.095042
2020-11-30 21:46:58,37.18444435,127.0950866
2020-11-30 21:46:59,37.18430991,127.0950304
2020-11-30 21:47:00,37.18411265,127.0950768
2020-11-30 21:47:01,37.18391768,127.0951227
2020-11-30 21:47:02,37.18372122,127.0951715
2020-11-30 21:47:03,37.18352752,127.0952168
2020-11-30 21:47:04,37.18333809,127.0952634
2020-11-30 21:47:05,37.18314877,127.0953116
2020-11-30 21:47:06,37.18295868,127.0953605
2020-11-30 21:47:07,37.18276521,127.0954098
2020-11-30 21:47:08,37.18249581,127.095531
2020-11-30 21:47:09,37.18229143,127.095579
2020-11-30 21:47:10,37.18215072,127.0955622
2020-11-30 21:47:11,37.18192994,127.0956169
2020-11-30 21:47:12,37.181698,127.0956742
2020-11-30 21:47:13,37.18139967,127.0957818
2020-11-30 21:47:14,37.18121682,127.0957794
2020-11-30 21:47:15,37.18090507,127.0958718
2020-11-30 21:47:16,37.18065008,127.0959068
2020-11-30 21:47:17,37.18039094,127.0959372
2020-11-30 21:47:18,37.18012654,127.0959626
2020-11-30 21:47:19,37.17992974,127.0959495
2020-11-30 21:47:20,37.17959903,127.0959923
2020-11-30 21:47:21,37.17940102,127.0959755
2020-11-30 21:47:22,37.17905881,127.0960022
2020-11-30 21:47:23,37.17878916,127.096004
2020-11-30 21:47:24,37.17851678,127.0959958
2020-11-30 21:47:25,37.17824658,127.0959801
2020-11-30 21:47:26,37.17804587,127.0959338
2020-11-30 21:47:27,37.17770323,127.095932
2020-11-30 21:47:28,37.17751541,127.0958678
2020-11-30 21:47:29,37.17715981,127.0958777
2020-11-30 21:47:30,37.17689118,127.0958264
2020-11-30 21:47:31,37.17662363,127.0957694
2020-11-30 21:47:32,37.17635312,127.0957113
2020-11-30 21:47:33,37.17608725,127.0956464
2020-11-30 21:47:34,37.17582846,127.0955804
2020-11-30 21:47:35,37.17557815,127.0955118
2020-11-30 21:47:36,37.17533329,127.0954372
2020-11-30 21:47:37,37.17518281,127.0953445
2020-11-30 21:47:38,37.17485389,127.0952819
2020-11-30 21:47:39,37.17462038,127.0952011
2020-11-30 21:47:40,37.17439489,127.0951149
2020-11-30 21:47:41,37.17417401,127.0950244
2020-11-30 21:47:42,37.17395289,127.0949367
2020-11-30 21:47:43,37.17373473,127.0948477
2020-11-30 21:47:44,37.17352244,127.0947582
2020-11-30 21:47:45,37.17331187,127.0946631
2020-11-30 21:47:46,37.17310119,127.0945682
2020-11-30 21:47:47,37.17289283,127.0944748
2020-11-30 21:47:48,37.17268826,127.0943789
2020-11-30 21:47:49,37.17248639,127.0942863
2020-11-30 21:47:50,37.17234528,127.0941643
2020-11-30 21:47:51,37.17213697,127.094063
2020-11-30 21:47:52,37.17192847,127.0939621
2020-11-30 21:47:53,37.17167111,127.0939061
2020-11-30 21:47:54,37.17146553,127.0938092
2020-11-30 21:47:55,37.17125819,127.0937132
2020-11-30 21:47:56,37.1710854,127.0935632
2020-11-30 21:47:57,37.17087477,127.0934634
2020-11-30 21:47:58,37.17063112,127.0934223
2020-11-30 21:47:59,37.17045515,127.0932624
2020-11-30 21:48:00,37.17021701,127.0932272
2020-11-30 21:48:01,37.17001039,127.0931285
2020-11-30 21:48:02,37.16984133,127.0929704
2020-11-30 21:48:03,37.16960088,127.0929382
2020-11-30 21:48:04,37.16939891,127.0928476
2020-11-30 21:48:05,37.16919379,127.0927556
2020-11-30 21:48:06,37.16898658,127.0926621
2020-11-30 21:48:07,37.16882077,127.0924855
2020-11-30 21:48:08,37.16856708,127.0924694
2020-11-30 21:48:09,37.16839637,127.0922821
2020-11-30 21:48:10,37.16818415,127.0921809
2020-11-30 21:48:11,37.16791786,127.0921696
2020-11-30 21:48:12,37.16775103,127.0919709
2020-11-30 21:48:13,37.16752637,127.0918617
2020-11-30 21:48:14,37.16730415,127.0917541
2020-11-30 21:48:15,37.16708093,127.0916459
2020-11-30 21:48:16,37.16685818,127.0915377
2020-11-30 21:48:17,37.16664262,127.0914316
2020-11-30 21:48:18,37.16635319,127.0914408
2020-11-30 21:48:19,37.16613455,127.0913349
2020-11-30 21:48:20,37.16591687,127.0912354
2020-11-30 21:48:21,37.1657855,127.0910182
2020-11-30 21:48:22,37.1655663,127.0909153
2020-11-30 21:48:23,37.16527083,127.0909296
2020-11-30 21:48:24,37.16514871,127.0907167
2020-11-30 21:48:25,37.16493962,127.0906185
2020-11-30 21:48:26,37.16462048,127.0906366
2020-11-30 21:48:27,37.16450452,127.0904131
2020-11-30 21:48:28,37.16428297,127.0903089
2020-11-30 21:48:29,37.16395124,127.0903285
2020-11-30 21:48:30,37.1638336,127.0900994
2020-11-30 21:48:31,37.16349552,127.0901173
2020-11-30 21:48:32,37.16326827,127.0900105
2020-11-30 21:48:33,37.16314191,127.089779
2020-11-30 21:48:34,37.1628025,127.0897969
2020-11-30 21:48:35,37.16256608,127.0896897
2020-11-30 21:48:36,37.16232901,127.0895817
2020-11-30 21:48:37,37.162091,127.089474
2020-11-30 21:48:38,37.16196843,127.0892243
2020-11-30 21:48:39,37.1617201,127.0891087
2020-11-30 21:48:40,37.16147003,127.0889923
2020-11-30 21:48:41,37.16122766,127.088879
2020-11-30 21:48:42,37.16098038,127.0887625
2020-11-30 21:48:43,37.16072711,127.0886449
2020-11-30 21:48:44,37.16047368,127.0885277
2020-11-30 21:48:45,37.16022917,127.0884136
2020-11-30 21:48:46,37.1599874,127.0883015
2020-11-30 21:48:47,37.15973925,127.0881849
2020-11-30 21:48:48,37.15948709,127.0880658
2020-11-30 21:48:49,37.15924341,127.0879525
2020-11-30 21:48:50,37.15900394,127.0878414
2020-11-30 21:48:51,37.15875791,127.0877298
2020-11-30 21:48:52,37.15852014,127.0876194
2020-11-30 21:48:53,37.15821348,127.0876979
2020-11-30 21:48:54,37.15798311,127.0875966
2020-11-30 21:48:55,37.15783421,127.0873073
2020-11-30 21:48:56,37.15753322,127.0873906
2020-11-30 21:48:57,37.15739181,127.0871036
2020-11-30 21:48:58,37.15716756,127.0870001
2020-11-30 21:48:59,37.15687372,127.0870808
2020-11-30 21:49:00,37.15665432,127.0869799
2020-11-30 21:49:01,37.15650064,127.0866932
2020-11-30 21:49:02,37.15628528,127.0865927
2020-11-30 21:49:03,37.15605581,127.0864859
2020-11-30 21:49:04,37.15576854,127.0865708
2020-11-30 21:49:05,37.15554104,127.0864658
2020-11-30 21:49:06,37.15531159,127.0863594
2020-11-30 21:49:07,37.15515231,127.0860684
2020-11-30 21:49:08,37.15483387,127.0861434
2020-11-30 21:49:09,37.15459458,127.0860335
2020-11-30 21:49:10,37.15435415,127.0859218
2020-11-30 21:49:11,37.15411125,127.0858115
2020-11-30 21:49:12,37.15393153,127.0855045
2020-11-30 21:49:13,37.15368674,127.0853915
2020-11-30 21:49:14,37.15344637,127.0852827
2020-11-30 21:49:15,37.15315105,127.0853753
2020-11-30 21:49:16,37.15292057,127.0852701
2020-11-30 21:49:17,37.15278208,127.0849705
2020-11-30 21:49:18,37.15256305,127.0848661
2020-11-30 21:49:19,37.15234542,127.0847628
2020-11-30 21:49:20,37.15212777,127.0846604
2020-11-30 21:49:21,37.15191149,127.0845583
2020-11-30 21:49:22,37.15168265,127.0844528
2020-11-30 21:49:23,37.15135668,127.0845546
2020-11-30 21:49:24,37.15122811,127.0842588
2020-11-30 21:49:25,37.15100267,127.0841656
2020-11-30 21:49:26,37.15077443,127.0840748
2020-11-30 21:49:27,37.15044139,127.0841638
2020-11-30 21:49:28,37.15019956,127.0840704
2020-11-30 21:49:29,37.15006546,127.0838023
2020-11-30 21:49:30,37.14970038,127.0838947
2020-11-30 21:49:31,37.14958545,127.0836508
2020-11-30 21:49:32,37.14933248,127.0835785
2020-11-30 21:49:33,37.14893392,127.0836773
2020-11-30 21:49:34,37.14881404,127.083449
2020-11-30 21:49:35,37.14854859,127.083399
2020-11-30 21:49:36,37.14814398,127.083537
2020-11-30 21:49:37,37.14787569,127.0835036
2020-11-30 21:49:38,37.14775867,127.0832662
2020-11-30 21:49:39,37.14733813,127.0834582
2020-11-30 21:49:40,37.14706427,127.0834521
2020-11-30 21:49:41,37.14694296,127.083206
2020-11-30 21:49:42,37.14651223,127.0834494
2020-11-30 21:49:43,37.14639812,127.0832268
2020-11-30 21:49:44,37.14612952,127.0832532
2020-11-30 21:49:45,37.14586651,127.0832821
2020-11-30 21:49:46,37.14560364,127.083316
2020-11-30 21:49:47,37.1453444,127.0833523
2020-11-30 21:49:48,37.14489526,127.0836393
2020-11-30 21:49:49,37.14462183,127.083703
2020-11-30 21:49:50,37.14453182,127.0835165
2020-11-30 21:49:51,37.14426247,127.0835866
2020-11-30 21:49:52,37.14400375,127.0836674
2020-11-30 21:49:53,37.14374122,127.0837677
2020-11-30 21:49:54,37.14328999,127.0840762
2020-11-30 21:49:55,37.14320732,127.0839753
2020-11-30 21:49:56,37.14277369,127.0842536
2020-11-30 21:49:57,37.1426808,127.0841866
2020-11-30 21:49:58,37.14227456,127.0844137
2020-11-30 21:49:59,37.14216563,127.0843868
2020-11-30 21:50:00,37.14177796,127.0845815
2020-11-30 21:50:01,37.14166971,127.084566
2020-11-30 21:50:02,37.14129553,127.0847456
2020-11-30 21:50:03,37.14118557,127.0847394
2020-11-30 21:50:04,37.14094493,127.0848258
2020-11-30 21:50:05,37.14070164,127.0849132
2020-11-30 21:50:06,37.14035737,127.0850636
2020-11-30 21:50:07,37.1402315,127.0850798
2020-11-30 21:50:08,37.14000251,127.0851599
2020-11-30 21:50:09,37.13976907,127.0852413
2020-11-30 21:50:10,37.13944565,127.0853693
2020-11-30 21:50:11,37.13921881,127.0854455
2020-11-30 21:50:12,37.1389922,127.0855216
2020-11-30 21:50:13,37.1388429,127.085562
2020-11-30 21:50:14,37.13861431,127.0856407
2020-11-30 21:50:15,37.13831919,127.085748
2020-11-30 21:50:16,37.13817003,127.0857924
2020-11-30 21:50:17,37.13794651,127.0858685
2020-11-30 21:50:18,37.13772156,127.0859434
2020-11-30 21:50:19,37.13749557,127.0860189
2020-11-30 21:50:20,37.13726296,127.0860974
2020-11-30 21:50:21,37.13697018,127.0862074
2020-11-30 21:50:22,37.13680932,127.086254
2020-11-30 21:50:23,37.13652343,127.086362
2020-11-30 21:50:24,37.13635854,127.0864166
2020-11-30 21:50:25,37.13613386,127.086502
2020-11-30 21:50:26,37.13590935,127.086591
2020-11-30 21:50:27,37.13568719,127.0866845
2020-11-30 21:50:28,37.13546329,127.086783
2020-11-30 21:50:29,37.13524152,127.0868902
2020-11-30 21:50:30,37.13501853,127.0870104
2020-11-30 21:50:31,37.13479702,127.0871508
2020-11-30 21:50:32,37.13457873,127.0872945
2020-11-30 21:50:33,37.13431928,127.0874391
2020-11-30 21:50:34,37.13414181,127.0875955
2020-11-30 21:50:35,37.13387693,127.0877538
2020-11-30 21:50:36,37.13366454,127.0879238
2020-11-30 21:50:37,37.13345734,127.0881036
2020-11-30 21:50:38,37.13330101,127.0882854
2020-11-30 21:50:39,37.13309809,127.0884749
2020-11-30 21:50:40,37.13283727,127.0886638
2020-11-30 21:50:41,37.13269832,127.0888839
2020-11-30 21:50:42,37.13250175,127.0891027
2020-11-30 21:50:43,37.13224882,127.0892377
2020-11-30 21:50:44,37.13213205,127.0895529
2020-11-30 21:50:45,37.13194985,127.0897874
2020-11-30 21:50:46,37.13177725,127.0900173
2020-11-30 21:50:47,37.13152582,127.09005
2020-11-30 21:50:48,37.13142833,127.0905046
2020-11-30 21:50:49,37.13125574,127.0907473
2020-11-30 21:50:50,37.13108557,127.0909906
2020-11-30 21:50:51,37.13091649,127.091232
2020-11-30 21:50:52,37.13074872,127.0914716
2020-11-30 21:50:53,37.1305773,127.0917175
2020-11-30 21:50:54,37.13040759,127.0919609
2020-11-30 21:50:55,37.13016613,127.0920427
2020-11-30 21:50:56,37.12999926,127.0922893
2020-11-30 21:50:57,37.1299139,127.0926711
2020-11-30 21:50:58,37.12966979,127.0927699
2020-11-30 21:50:59,37.12958935,127.0931313
2020-11-30 21:51:00,37.1293548,127.0932212
2020-11-30 21:51:01,37.12920011,127.093441
2020-11-30 21:51:02,37.1290495,127.0936536
2020-11-30 21:51:03,37.12897915,127.0939918
2020-11-30 21:51:04,37.1288344,127.0941977
2020-11-30 21:51:05,37.12869465,127.0943954
2020-11-30 21:51:06,37.12855563,127.0945918
2020-11-30 21:51:07,37.12834526,127.0946734
2020-11-30 21:51:08,37.12827768,127.0949856
2020-11-30 21:51:09,37.12813897,127.0951828
2020-11-30 21:51:10,37.12799976,127.0953804
2020-11-30 21:51:11,37.12785639,127.0955815
2020-11-30 21:51:12,37.12764135,127.0956788
2020-11-30 21:51:13,37.12756848,127.0959829
2020-11-30 21:51:14,37.12735512,127.0960778
2020-11-30 21:51:15,37.12727058,127.0963964
2020-11-30 21:51:16,37.12706687,127.0964996
2020-11-30 21:51:17,37.1269246,127.0967301
2020-11-30 21:51:18,37.12681138,127.0970356
2020-11-30 21:51:19,37.12665346,127.0972552
2020-11-30 21:51:20,37.12632141,127.0976568
2020-11-30 21:51:21,37.12616371,127.0978922
2020-11-30 21:51:22,37.12615874,127.0979397
2020-11-30 21:51:23,37.12584097,127.0983677
2020-11-30 21:51:24,37.12583297,127.0983898
2020-11-30 21:51:25,37.12550442,127.0988535
2020-11-30 21:51:26,37.12549866,127.0988581
2020-11-30 21:51:27,37.12516566,127.0993388
2020-11-30 21:51:28,37.1249979,127.0995774
2020-11-30 21:51:29,37.12499339,127.0995682
2020-11-30 21:51:30,37.12466737,127.1000441
2020-11-30 21:51:31,37.12465839,127.1000343
2020-11-30 21:51:32,37.12449292,127.1002646
2020-11-30 21:51:33,37.12432631,127.1004973
2020-11-30 21:51:34,37.12416113,127.1007278
2020-11-30 21:51:35,37.12399613,127.1009578
2020-11-30 21:51:36,37.12369327,127.1014259
2020-11-30 21:51:37,37.12352996,127.1016561
2020-11-30 21:51:38,37.12336536,127.1018881
2020-11-30 21:51:39,37.1233277,127.1018967
2020-11-30 21:51:40,37.12315792,127.1021357
2020-11-30 21:51:41,37.12298765,127.1023732
2020-11-30 21:51:42,37.12269312,127.1028365
2020-11-30 21:51:43,37.12252388,127.1030747
2020-11-30 21:51:44,37.12248412,127.1030811
2020-11-30 21:51:45,37.12231772,127.1033146
2020-11-30 21:51:46,37.12215275,127.1035464
2020-11-30 21:51:47,37.12186224,127.1040135
2020-11-30 21:51:48,37.12170245,127.1042416
2020-11-30 21:51:49,37.12154558,127.1044615
2020-11-30 21:51:50,37.12138802,127.1046828
2020-11-30 21:51:51,37.12122566,127.1049127
2020-11-30 21:51:52,37.12118126,127.1049054
2020-11-30 21:51:53,37.12090487,127.1053668
2020-11-30 21:51:54,37.12085786,127.105358
2020-11-30 21:51:55,37.12058098,127.1058209
2020-11-30 21:51:56,37.12041774,127.1060502
2020-11-30 21:51:57,37.12025578,127.1062808
2020-11-30 21:51:58,37.12009421,127.1065143
2020-11-30 21:51:59,37.12002971,127.1065042
2020-11-30 21:52:00,37.11986079,127.1067384
2020-11-30 21:52:01,37.11969382,127.1069725
2020-11-30 21:52:02,37.11952481,127.1072078
2020-11-30 21:52:03,37.11935684,127.1074425
2020-11-30 21:52:04,37.1190889,127.1079399
2020-11-30 21:52:05,37.11892097,127.1081753
2020-11-30 21:52:06,37.11885538,127.1081398
2020-11-30 21:52:07,37.1186876,127.1083705
2020-11-30 21:52:08,37.11852027,127.1085976
2020-11-30 21:52:09,37.11835066,127.1088216
2020-11-30 21:52:10,37.11806744,127.1092966
2020-11-30 21:52:11,37.11788901,127.1095098
2020-11-30 21:52:12,37.11770928,127.109715
2020-11-30 21:52:13,37.11764502,127.1096622
2020-11-30 21:52:14,37.11734489,127.1101159
2020-11-30 21:52:15,37.11729156,127.1100456
2020-11-30 21:52:16,37.11698447,127.1104976
2020-11-30 21:52:17,37.11693825,127.1104079
2020-11-30 21:52:18,37.1166328,127.1108567
2020-11-30 21:52:19,37.11657078,127.1107589
2020-11-30 21:52:20,37.11638753,127.1109207
2020-11-30 21:52:21,37.11620737,127.1110756
2020-11-30 21:52:22,37.11587468,127.1114828
2020-11-30 21:52:23,37.11582013,127.1113877
2020-11-30 21:52:24,37.115477,127.1117834
2020-11-30 21:52:25,37.11541111,127.1116951
2020-11-30 21:52:26,37.11519484,127.1118489
2020-11-30 21:52:27,37.11498003,127.1119912
2020-11-30 21:52:28,37.11461806,127.1123447
2020-11-30 21:52:29,37.1145475,127.1122645
2020-11-30 21:52:30,37.11431951,127.1123961
2020-11-30 21:52:31,37.11393355,127.1127158
2020-11-30 21:52:32,37.11370081,127.1128335
2020-11-30 21:52:33,37.11361347,127.1127784
2020-11-30 21:52:34,37.11337356,127.1128948
2020-11-30 21:52:35,37.11313323,127.1130084
2020-11-30 21:52:36,37.1127518,127.1132813
2020-11-30 21:52:37,37.11251026,127.113388
2020-11-30 21:52:38,37.11243498,127.11334
2020-11-30 21:52:39,37.11203294,127.1135939
2020-11-30 21:52:40,37.11179705,127.1136926
2020-11-30 21:52:41,37.1117405,127.1136617
2020-11-30 21:52:42,37.11150152,127.1137711
2020-11-30 21:52:43,37.11126234,127.1138796
2020-11-30 21:52:44,37.11102475,127.1139874
2020-11-30 21:52:45,37.11061867,127.1141975
2020-11-30 21:52:46,37.11039341,127.1142998
2020-11-30 21:52:47,37.1101717,127.1143959
2020-11-30 21:52:48,37.1099511,127.1144878
2020-11-30 21:52:49,37.10992269,127.1144892
2020-11-30 21:52:50,37.10970963,127.1145843
2020-11-30 21:52:51,37.10950077,127.114676
2020-11-30 21:52:52,37.10911623,127.1148386
2020-11-30 21:52:53,37.10909746,127.1148565
2020-11-30 21:52:54,37.10889646,127.1149486
2020-11-30 21:52:55,37.10869753,127.1150401
2020-11-30 21:52:56,37.1083096,127.1151958
2020-11-30 21:52:57,37.10829182,127.1152235
2020-11-30 21:52:58,37.10808017,127.1153168
2020-11-30 21:52:59,37.10765683,127.1154816
2020-11-30 21:53:00,37.10743201,127.1155799
2020-11-30 21:53:01,37.10720078,127.115682
2020-11-30 21:53:02,37.10718471,127.1157086
2020-11-30 21:53:03,37.10695158,127.1158113
2020-11-30 21:53:04,37.10649689,127.1160026
2020-11-30 21:53:05,37.10648822,127.1160183
2020-11-30 21:53:06,37.10625276,127.1161255
2020-11-30 21:53:07,37.1057776,127.1163286
2020-11-30 21:53:08,37.10553589,127.1164387
2020-11-30 21:53:09,37.10553801,127.1164565
2020-11-30 21:53:10,37.10503876,127.1166682
2020-11-30 21:53:11,37.10505961,127.1166835
2020-11-30 21:53:12,37.1048164,127.1167969
2020-11-30 21:53:13,37.1043052,127.1170017
2020-11-30 21:53:14,37.10432942,127.1170144
2020-11-30 21:53:15,37.10408491,127.1171205
2020-11-30 21:53:16,37.10358283,127.1173228
2020-11-30 21:53:17,37.10334174,127.1174302
2020-11-30 21:53:18,37.10335012,127.1174407
2020-11-30 21:53:19,37.10310423,127.1175517
2020-11-30 21:53:20,37.10285926,127.1176657
2020-11-30 21:53:21,37.10261494,127.1177781
2020-11-30 21:53:22,37.10237339,127.1178887
2020-11-30 21:53:23,37.1021328,127.1179976
2020-11-30 21:53:24,37.10189006,127.1181075
2020-11-30 21:53:25,37.10141107,127.1182928
2020-11-30 21:53:26,37.10116664,127.1184002
2020-11-30 21:53:27,37.10091884,127.118509
2020-11-30 21:53:28,37.10092167,127.1185472
2020-11-30 21:53:29,37.10044366,127.1187188
2020-11-30 21:53:30,37.10044324,127.1187642
2020-11-30 21:53:31,37.09999679,127.1189175
2020-11-30 21:53:32,37.09977666,127.1190163
2020-11-30 21:53:33,37.09976634,127.1190781
2020-11-30 21:53:34,37.09933542,127.1192125
2020-11-30 21:53:35,37.09911435,127.1193125
2020-11-30 21:53:36,37.09889362,127.1194137
2020-11-30 21:53:37,37.09867067,127.119517
2020-11-30 21:53:38,37.09844696,127.1196217
2020-11-30 21:53:39,37.09822306,127.1197275
2020-11-30 21:53:40,37.09799855,127.1198314
2020-11-30 21:53:41,37.09777343,127.1199323
2020-11-30 21:53:42,37.09778061,127.1200126
2020-11-30 21:53:43,37.09755542,127.1201168
2020-11-30 21:53:44,37.09732605,127.1202232
2020-11-30 21:53:45,37.09709459,127.1203305
2020-11-30 21:53:46,37.09686773,127.1204399
2020-11-30 21:53:47,37.0964185,127.1205494
2020-11-30 21:53:48,37.09619192,127.1206512
2020-11-30 21:53:49,37.09596411,127.1207552
2020-11-30 21:53:50,37.09596254,127.1208713
2020-11-30 21:53:51,37.09573862,127.1209772
2020-11-30 21:53:52,37.09551219,127.1210811
2020-11-30 21:53:53,37.09527955,127.121188
2020-11-30 21:53:54,37.09504486,127.1212964
2020-11-30 21:53:55,37.09480947,127.1214021
2020-11-30 21:53:56,37.09457388,127.121509
2020-11-30 21:53:57,37.0943348,127.1216181
2020-11-30 21:53:58,37.09383631,127.1217258
2020-11-30 21:53:59,37.09358488,127.1218376
2020-11-30 21:54:00,37.09332996,127.1219444
2020-11-30 21:54:01,37.09334449,127.1220577
2020-11-30 21:54:02,37.09283653,127.1221707
2020-11-30 21:54:03,37.0928422,127.1222974
2020-11-30 21:54:04,37.0925955,127.1224162
2020-11-30 21:54:05,37.09212986,127.1224998
2020-11-30 21:54:06,37.0921277,127.122641
2020-11-30 21:54:07,37.09169047,127.1226997
2020-11-30 21:54:08,37.09147382,127.1227969
2020-11-30 21:54:09,37.09125929,127.1228944
2020-11-30 21:54:10,37.09125471,127.1230538
2020-11-30 21:54:11,37.09104018,127.1231546
2020-11-30 21:54:12,37.09083378,127.1232541
2020-11-30 21:54:13,37.09062671,127.1233521
2020-11-30 21:54:14,37.09042181,127.1234444
2020-11-30 21:54:15,37.09020965,127.1235372
2020-11-30 21:54:16,37.0897523,127.1235894
2020-11-30 21:54:17,37.08953704,127.1236867
2020-11-30 21:54:18,37.08932471,127.1237822
2020-11-30 21:54:19,37.08936238,127.1239158
2020-11-30 21:54:20,37.08889198,127.1239777
2020-11-30 21:54:21,37.08892646,127.1241106
2020-11-30 21:54:22,37.0884548,127.1241804
2020-11-30 21:54:23,37.08848447,127.1243138
2020-11-30 21:54:24,37.08826116,127.1244167
2020-11-30 21:54:25,37.0877847,127.124487
2020-11-30 21:54:26,37.08781262,127.1246262
2020-11-30 21:54:27,37.08732356,127.1246956
2020-11-30 21:54:28,37.08709107,127.1248013
2020-11-30 21:54:29,37.08685784,127.1249081
2020-11-30 21:54:30,37.08688821,127.1250567
2020-11-30 21:54:31,37.08665282,127.1251645
2020-11-30 21:54:32,37.08614399,127.1252337
2020-11-30 21:54:33,37.0859044,127.1253402
2020-11-30 21:54:34,37.08566634,127.1254454
2020-11-30 21:54:35,37.08543304,127.1255479
2020-11-30 21:54:36,37.08548132,127.1256921
2020-11-30 21:54:37,37.08497358,127.1257578
2020-11-30 21:54:38,37.08474989,127.1258632
2020-11-30 21:54:39,37.08478463,127.1260009
2020-11-30 21:54:40,37.08456171,127.1261012
2020-11-30 21:54:41,37.08434208,127.1261959
2020-11-30 21:54:42,37.08387888,127.1262533
2020-11-30 21:54:43,37.08366808,127.126349
2020-11-30 21:54:44,37.08345623,127.1264505
2020-11-30 21:54:45,37.0834774,127.1265758
2020-11-30 21:54:46,37.08326181,127.1266722
2020-11-30 21:54:47,37.08304469,127.1267619
2020-11-30 21:54:48,37.08283155,127.1268561
2020-11-30 21:54:49,37.08237989,127.1269532
2020-11-30 21:54:50,37.08239957,127.1270376
2020-11-30 21:54:51,37.08218453,127.1271264
2020-11-30 21:54:52,37.08173219,127.127244
2020-11-30 21:54:53,37.08174558,127.1273085
2020-11-30 21:54:54,37.08152426,127.1274016
2020-11-30 21:54:55,37.08107786,127.1275431
2020-11-30 21:54:56,37.08107128,127.1275948
2020-11-30 21:54:57,37.0808438,127.1276927
2020-11-30 21:54:58,37.0806161,127.1277921
2020-11-30 21:54:59,37.08016879,127.1279611
2020-11-30 21:55:00,37.08016252,127.1279906
2020-11-30 21:55:01,37.07993442,127.1280921
2020-11-30 21:55:02,37.07948498,127.1282745
2020-11-30 21:55:03,37.07946609,127.1283015
2020-11-30 21:55:04,37.07923598,127.1284071
2020-11-30 21:55:05,37.07880207,127.1286065
2020-11-30 21:55:06,37.07857435,127.1287243
2020-11-30 21:55:07,37.07834821,127.1288429
2020-11-30 21:55:08,37.0783268,127.1288549
2020-11-30 21:55:09,37.07810486,127.1289753
2020-11-30 21:55:10,37.0778806,127.1290981
2020-11-30 21:55:11,37.07765903,127.1292241
2020-11-30 21:55:12,37.07743894,127.1293494
2020-11-30 21:55:13,37.07721981,127.1294766
2020-11-30 21:55:14,37.07700413,127.1296048
2020-11-30 21:55:15,37.07678578,127.1297382
2020-11-30 21:55:16,37.07656872,127.1298757
2020-11-30 21:55:17,37.07618646,127.1301427
2020-11-30 21:55:18,37.0759912,127.1302768
2020-11-30 21:55:19,37.07580115,127.1304137
2020-11-30 21:55:20,37.07577224,127.1304149
2020-11-30 21:55:21,37.0755864,127.1305447
2020-11-30 21:55:22,37.07524161,127.1308321
2020-11-30 21:55:23,37.07505427,127.1309722
2020-11-30 21:55:24,37.07486719,127.1311149
2020-11-30 21:55:25,37.07468056,127.1312582
2020-11-30 21:55:26,37.07448564,127.1314034
2020-11-30 21:55:27,37.07428284,127.1315543
2020-11-30 21:55:28,37.07407747,127.1317068
2020-11-30 21:55:29,37.07406041,127.1316702
2020-11-30 21:55:30,37.07365264,127.1320175
2020-11-30 21:55:31,37.07343873,127.1321739
2020-11-30 21:55:32,37.07322626,127.1323304
2020-11-30 21:55:33,37.07323371,127.1322971
2020-11-30 21:55:34,37.07280864,127.1326429
2020-11-30 21:55:35,37.07260323,127.1327925
2020-11-30 21:55:36,37.07260748,127.1327595
2020-11-30 21:55:37,37.07241233,127.1328981
2020-11-30 21:55:38,37.07221418,127.1330349
2020-11-30 21:55:39,37.07200925,127.1331722
2020-11-30 21:55:40,37.07179925,127.1333064
2020-11-30 21:55:41,37.07136739,127.1335875
2020-11-30 21:55:42,37.07115759,127.1337028
2020-11-30 21:55:43,37.07094298,127.1338125
2020-11-30 21:55:44,37.07072485,127.1339204
2020-11-30 21:55:45,37.07071671,127.1338579
2020-11-30 21:55:46,37.07049798,127.1339512
2020-11-30 21:55:47,37.0700498,127.1342176
2020-11-30 21:55:48,37.07005861,127.1341234
2020-11-30 21:55:49,37.06957864,127.1344007
2020-11-30 21:55:50,37.069341,127.1344787
2020-11-30 21:55:51,37.06909743,127.1345529
2020-11-30 21:55:52,37.06911691,127.1343987
2020-11-30 21:55:53,37.06887432,127.1344539
2020-11-30 21:55:54,37.06832671,127.13475
2020-11-30 21:55:55,37.06806285,127.1347984
2020-11-30 21:55:56,37.06780002,127.1348459
2020-11-30 21:55:57,37.0678208,127.1346356
2020-11-30 21:55:58,37.06755411,127.1346721
2020-11-30 21:55:59,37.06701883,127.1349554
2020-11-30 21:56:00,37.06702697,127.1347309
2020-11-30 21:56:01,37.06676958,127.1347529
2020-11-30 21:56:02,37.06650388,127.1347728
2020-11-30 21:56:03,37.06598463,127.135054
2020-11-30 21:56:04,37.06598394,127.1348166
2020-11-30 21:56:05,37.06546998,127.1350973
2020-11-30 21:56:06,37.06546171,127.1348652
2020-11-30 21:56:07,37.06519796,127.1348994
2020-11-30 21:56:08,37.06493605,127.134937
2020-11-30 21:56:09,37.06467217,127.1349744
2020-11-30 21:56:10,37.06440415,127.1350131
2020-11-30 21:56:11,37.06413643,127.135048
2020-11-30 21:56:12,37.06387194,127.135081
2020-11-30 21:56:13,37.06360662,127.1351126
2020-11-30 21:56:14,37.06312223,127.1353194
2020-11-30 21:56:15,37.06307966,127.1351784
2020-11-30 21:56:16,37.06260462,127.1353679
2020-11-30 21:56:17,37.06255747,127.1352403
2020-11-30 21:56:18,37.06208962,127.1354196
2020-11-30 21:56:19,37.06183779,127.13544
2020-11-30 21:56:20,37.06178611,127.1353222
2020-11-30 21:56:21,37.06134671,127.1354847
2020-11-30 21:56:22,37.06110461,127.1355068
2020-11-30 21:56:23,37.06105644,127.1353985
2020-11-30 21:56:24,37.06081884,127.1354219
2020-11-30 21:56:25,37.06058208,127.1354438
2020-11-30 21:56:26,37.06034597,127.1354665
2020-11-30 21:56:27,37.05992951,127.1356171
2020-11-30 21:56:28,37.05988871,127.1355044
2020-11-30 21:56:29,37.05947852,127.1356545
2020-11-30 21:56:30,37.05943325,127.1355463
2020-11-30 21:56:31,37.0590443,127.1356878
2020-11-30 21:56:32,37.05883423,127.1357024
2020-11-30 21:56:33,37.05862534,127.1357162
2020-11-30 21:56:34,37.05858082,127.135619
2020-11-30 21:56:35,37.05820947,127.135743
2020-11-30 21:56:36,37.05800301,127.1357582
2020-11-30 21:56:37,37.05779794,127.1357744
2020-11-30 21:56:38,37.05759136,127.1357899
2020-11-30 21:56:39,37.05752234,127.1357153
2020-11-30 21:56:40,37.05731577,127.1357337
2020-11-30 21:56:41,37.05710917,127.1357508
2020-11-30 21:56:42,37.05689899,127.1357677
2020-11-30 21:56:43,37.05651683,127.1358694
2020-11-30 21:56:44,37.05646145,127.135805
2020-11-30 21:56:45,37.05604748,127.1359078
2020-11-30 21:56:46,37.055805,127.1359288
2020-11-30 21:56:47,37.05556042,127.1359486
2020-11-30 21:56:48,37.05531249,127.1359693
2020-11-30 21:56:49,37.05526938,127.1359093
2020-11-30 21:56:50,37.05502428,127.1359286
2020-11-30 21:56:51,37.05455684,127.1360283
2020-11-30 21:56:52,37.05452748,127.1359953
2020-11-30 21:56:53,37.05427001,127.1360316
2020-11-30 21:56:54,37.05401061,127.1360576
2020-11-30 21:56:55,37.0535149,127.1361096
2020-11-30 21:56:56,37.05325559,127.1361297
2020-11-30 21:56:57,37.05299302,127.136153
2020-11-30 21:56:58,37.05272813,127.1361777
2020-11-30 21:56:59,37.05270577,127.1361872
2020-11-30 21:57:00,37.05221153,127.1362261
2020-11-30 21:57:01,37.051958,127.1362475
2020-11-30 21:57:02,37.05193829,127.1362553
2020-11-30 21:57:03,37.05168289,127.1362784
2020-11-30 21:57:04,37.05144118,127.1362989
2020-11-30 21:57:05,37.05120663,127.1363184
2020-11-30 21:57:06,37.05097558,127.1363375
2020-11-30 21:57:07,37.05050995,127.136381
2020-11-30 21:57:08,37.05028213,127.1363994
2020-11-30 21:57:09,37.05005616,127.1364174
2020-11-30 21:57:10,37.0500733,127.13641
2020-11-30 21:57:11,37.0498495,127.1364266
2020-11-30 21:57:12,37.04962382,127.1364437
2020-11-30 21:57:13,37.04940066,127.1364611
2020-11-30 21:57:14,37.04917423,127.1364794
2020-11-30 21:57:15,37.04895197,127.1364981
2020-11-30 21:57:16,37.04873007,127.1365155
2020-11-30 21:57:17,37.04850344,127.1365338
2020-11-30 21:57:18,37.04827465,127.136552
2020-11-30 21:57:19,37.04804183,127.1365696
2020-11-30 21:57:20,37.04780198,127.1365886
2020-11-30 21:57:21,37.04731281,127.1366385
