datetime,distance
2020-11-27 14:44:37,
2020-11-27 14:44:38,
2020-11-27 14:44:39,
2020-11-27 14:44:40,57.16
2020-11-27 14:44:41,58.66
2020-11-27 14:44:42,69.5
2020-11-27 14:44:43,74.02
2020-11-27 14:44:44,
2020-11-27 14:44:45,67.44
2020-11-27 14:44:46,63.64
2020-11-27 14:44:47,
2020-11-27 14:44:48,65.49
2020-11-27 14:44:49,
2020-11-27 14:44:50,
2020-11-27 14:44:51,
2020-11-27 14:44:52,74.02
2020-11-27 14:44:53,67.44
2020-11-27 14:44:54,74.02
2020-11-27 14:44:55,69.5
2020-11-27 14:44:56,
2020-11-27 14:44:57,
2020-11-27 14:44:58,
2020-11-27 14:44:59,88.23
2020-11-27 14:45:00,46.38
2020-11-27 14:45:01,41.12
2020-11-27 14:45:02,39.6
2020-11-27 14:45:03,36.87
2020-11-27 14:45:04,33.91
2020-11-27 14:45:05,31.37
2020-11-27 14:45:06,30.0
2020-11-27 14:45:07,27.58
2020-11-27 14:45:08,25.81
2020-11-27 14:45:09,24.85
2020-11-27 14:45:10,24.24
2020-11-27 14:45:11,22.84
2020-11-27 14:45:12,22.57
2020-11-27 14:45:13,22.32
2020-11-27 14:45:14,22.06
2020-11-27 14:45:15,22.32
2020-11-27 14:45:16,21.57
2020-11-27 14:45:17,21.1
2020-11-27 14:45:18,23.38
2020-11-27 14:45:19,22.84
2020-11-27 14:45:20,22.32
2020-11-27 14:45:21,22.84
2020-11-27 14:45:22,22.32
2020-11-27 14:45:23,22.32
2020-11-27 14:45:24,22.84
2020-11-27 14:45:25,23.11
2020-11-27 14:45:26,22.32
2020-11-27 14:45:27,21.82
2020-11-27 14:45:28,22.57
2020-11-27 14:45:29,21.33
2020-11-27 14:45:30,20.0
2020-11-27 14:45:31,20.65
2020-11-27 14:45:32,22.06
2020-11-27 14:45:33,23.11
2020-11-27 14:45:34,22.06
2020-11-27 14:45:35,23.38
2020-11-27 14:45:36,22.57
2020-11-27 14:45:37,23.38
2020-11-27 14:45:38,23.95
2020-11-27 14:45:39,24.24
2020-11-27 14:45:40,25.49
2020-11-27 14:45:41,25.16
2020-11-27 14:45:42,24.85
2020-11-27 14:45:43,25.49
2020-11-27 14:45:44,25.81
2020-11-27 14:45:45,26.15
2020-11-27 14:45:46,25.16
2020-11-27 14:45:47,24.85
2020-11-27 14:45:48,23.66
2020-11-27 14:45:49,23.66
2020-11-27 14:45:50,
2020-11-27 14:45:51,
2020-11-27 14:45:52,20.87
2020-11-27 14:45:53,21.82
2020-11-27 14:45:54,21.1
2020-11-27 14:45:55,21.82
2020-11-27 14:45:56,23.11
2020-11-27 14:45:57,23.11
2020-11-27 14:45:58,21.57
2020-11-27 14:45:59,23.38
2020-11-27 14:46:00,21.33
2020-11-27 14:46:01,21.82
2020-11-27 14:46:02,22.57
2020-11-27 14:46:03,20.87
2020-11-27 14:46:04,22.32
2020-11-27 14:46:05,23.11
2020-11-27 14:46:06,22.06
2020-11-27 14:46:07,22.06
2020-11-27 14:46:08,22.84
2020-11-27 14:46:09,22.57
2020-11-27 14:46:10,22.57
2020-11-27 14:46:11,21.1
2020-11-27 14:46:12,20.42
2020-11-27 14:46:13,20.87
2020-11-27 14:46:14,21.33
2020-11-27 14:46:15,20.65
2020-11-27 14:46:16,20.42
2020-11-27 14:46:17,20.87
2020-11-27 14:46:18,20.0
2020-11-27 14:46:19,20.65
2020-11-27 14:46:20,20.65
2020-11-27 14:46:21,20.42
2020-11-27 14:46:22,20.87
2020-11-27 14:46:23,21.57
2020-11-27 14:46:24,21.82
2020-11-27 14:46:25,22.57
2020-11-27 14:46:26,23.95
2020-11-27 14:46:27,24.24
2020-11-27 14:46:28,24.54
2020-11-27 14:46:29,25.16
2020-11-27 14:46:30,25.49
2020-11-27 14:46:31,26.49
2020-11-27 14:46:32,26.49
2020-11-27 14:46:33,26.49
2020-11-27 14:46:34,26.15
2020-11-27 14:46:35,25.16
2020-11-27 14:46:36,24.54
2020-11-27 14:46:37,25.81
2020-11-27 14:46:38,24.24
2020-11-27 14:46:39,24.54
2020-11-27 14:46:40,24.24
2020-11-27 14:46:41,24.85
2020-11-27 14:46:42,22.84
2020-11-27 14:46:43,23.11
2020-11-27 14:46:44,22.57
2020-11-27 14:46:45,24.54
2020-11-27 14:46:46,24.85
2020-11-27 14:46:47,23.11
2020-11-27 14:46:48,22.84
2020-11-27 14:46:49,23.38
2020-11-27 14:46:50,24.24
2020-11-27 14:46:51,23.11
2020-11-27 14:46:52,22.84
2020-11-27 14:46:53,22.57
2020-11-27 14:46:54,22.06
2020-11-27 14:46:55,22.32
2020-11-27 14:46:56,23.66
2020-11-27 14:46:57,23.38
2020-11-27 14:46:58,21.82
2020-11-27 14:46:59,22.57
2020-11-27 14:47:00,22.57
2020-11-27 14:47:01,21.33
2020-11-27 14:47:02,20.65
2020-11-27 14:47:03,20.87
2020-11-27 14:47:04,21.57
2020-11-27 14:47:05,23.11
2020-11-27 14:47:06,23.95
2020-11-27 14:47:07,24.85
2020-11-27 14:47:08,26.15
2020-11-27 14:47:09,27.21
2020-11-27 14:47:10,26.85
2020-11-27 14:47:11,26.15
2020-11-27 14:47:12,27.58
2020-11-27 14:47:13,28.34
2020-11-27 14:47:14,27.21
2020-11-27 14:47:15,29.15
2020-11-27 14:47:16,27.96
2020-11-27 14:47:17,27.21
2020-11-27 14:47:18,26.85
2020-11-27 14:47:19,26.49
2020-11-27 14:47:20,26.15
2020-11-27 14:47:21,25.81
2020-11-27 14:47:22,25.49
2020-11-27 14:47:23,24.54
2020-11-27 14:47:24,23.66
2020-11-27 14:47:25,23.95
2020-11-27 14:47:26,22.06
2020-11-27 14:47:27,23.11
2020-11-27 14:47:28,22.32
2020-11-27 14:47:29,22.06
2020-11-27 14:47:30,22.32
2020-11-27 14:47:31,21.57
2020-11-27 14:47:32,22.84
2020-11-27 14:47:33,21.82
2020-11-27 14:47:34,22.06
2020-11-27 14:47:35,22.06
2020-11-27 14:47:36,20.87
2020-11-27 14:47:37,20.42
2020-11-27 14:47:38,20.65
2020-11-27 14:47:39,20.87
2020-11-27 14:47:40,21.33
2020-11-27 14:47:41,21.82
2020-11-27 14:47:42,22.32
2020-11-27 14:47:43,24.24
2020-11-27 14:47:44,24.54
2020-11-27 14:47:45,23.66
2020-11-27 14:47:46,25.16
2020-11-27 14:47:47,25.81
2020-11-27 14:47:48,27.21
2020-11-27 14:47:49,26.49
2020-11-27 14:47:50,27.58
2020-11-27 14:47:51,26.49
2020-11-27 14:47:52,26.85
2020-11-27 14:47:53,25.81
2020-11-27 14:47:54,25.81
2020-11-27 14:47:55,22.06
2020-11-27 14:47:56,22.06
2020-11-27 14:47:57,22.06
2020-11-27 14:47:58,21.57
2020-11-27 14:47:59,22.32
2020-11-27 14:48:00,23.11
2020-11-27 14:48:01,22.84
2020-11-27 14:48:02,23.38
2020-11-27 14:48:03,23.66
2020-11-27 14:48:04,24.24
2020-11-27 14:48:05,23.11
2020-11-27 14:48:06,22.06
2020-11-27 14:48:07,21.57
2020-11-27 14:48:08,17.89
2020-11-27 14:48:09,18.07
2020-11-27 14:48:10,19.38
2020-11-27 14:48:11,18.8
2020-11-27 14:48:12,20.21
2020-11-27 14:48:13,20.65
2020-11-27 14:48:14,22.57
2020-11-27 14:48:15,23.66
2020-11-27 14:48:16,24.85
2020-11-27 14:48:17,25.81
2020-11-27 14:48:18,26.49
2020-11-27 14:48:19,26.15
2020-11-27 14:48:20,26.49
2020-11-27 14:48:21,25.81
2020-11-27 14:48:22,27.58
2020-11-27 14:48:23,27.21
2020-11-27 14:48:24,26.49
2020-11-27 14:48:25,27.96
2020-11-27 14:48:26,26.15
2020-11-27 14:48:27,26.15
2020-11-27 14:48:28,24.24
2020-11-27 14:48:29,24.24
2020-11-27 14:48:30,23.95
2020-11-27 14:48:31,23.38
2020-11-27 14:48:32,24.85
2020-11-27 14:48:33,24.24
2020-11-27 14:48:34,23.95
2020-11-27 14:48:35,23.95
2020-11-27 14:48:36,23.38
2020-11-27 14:48:37,24.85
2020-11-27 14:48:38,24.24
2020-11-27 14:48:39,24.54
2020-11-27 14:48:40,23.66
2020-11-27 14:48:41,23.95
2020-11-27 14:48:42,24.24
2020-11-27 14:48:43,24.54
2020-11-27 14:48:44,23.95
2020-11-27 14:48:45,23.66
2020-11-27 14:48:46,23.38
2020-11-27 14:48:47,23.38
2020-11-27 14:48:48,23.66
2020-11-27 14:48:49,22.84
2020-11-27 14:48:50,23.11
2020-11-27 14:48:51,22.84
2020-11-27 14:48:52,22.84
2020-11-27 14:48:53,23.11
2020-11-27 14:48:54,23.66
2020-11-27 14:48:55,24.24
2020-11-27 14:48:56,25.16
2020-11-27 14:48:57,24.85
2020-11-27 14:48:58,24.24
2020-11-27 14:48:59,22.57
2020-11-27 14:49:00,22.06
2020-11-27 14:49:01,21.57
2020-11-27 14:49:02,20.42
2020-11-27 14:49:03,22.57
2020-11-27 14:49:04,23.11
2020-11-27 14:49:05,22.57
2020-11-27 14:49:06,24.24
2020-11-27 14:49:07,27.21
2020-11-27 14:49:08,25.16
2020-11-27 14:49:09,27.58
2020-11-27 14:49:10,26.85
2020-11-27 14:49:11,27.96
2020-11-27 14:49:12,25.16
2020-11-27 14:49:13,24.85
2020-11-27 14:49:14,23.66
2020-11-27 14:49:15,22.32
2020-11-27 14:49:16,22.32
2020-11-27 14:49:17,20.65
2020-11-27 14:49:18,20.87
2020-11-27 14:49:19,19.79
2020-11-27 14:49:20,20.42
2020-11-27 14:49:21,20.87
2020-11-27 14:49:22,20.65
2020-11-27 14:49:23,20.65
2020-11-27 14:49:24,20.0
2020-11-27 14:49:25,19.38
2020-11-27 14:49:26,18.8
2020-11-27 14:49:27,19.79
2020-11-27 14:49:28,19.79
2020-11-27 14:49:29,19.18
2020-11-27 14:49:30,19.18
2020-11-27 14:49:31,18.43
2020-11-27 14:49:32,18.07
2020-11-27 14:49:33,18.07
2020-11-27 14:49:34,18.43
2020-11-27 14:49:35,18.07
2020-11-27 14:49:36,18.8
2020-11-27 14:49:37,18.99
2020-11-27 14:49:38,20.21
2020-11-27 14:49:39,20.21
2020-11-27 14:49:40,20.21
2020-11-27 14:49:41,20.65
2020-11-27 14:49:42,20.65
2020-11-27 14:49:43,18.99
2020-11-27 14:49:44,18.61
2020-11-27 14:49:45,18.43
2020-11-27 14:49:46,18.99
2020-11-27 14:49:47,19.18
2020-11-27 14:49:48,19.58
2020-11-27 14:49:49,18.61
2020-11-27 14:49:50,18.25
2020-11-27 14:49:51,17.89
2020-11-27 14:49:52,18.43
2020-11-27 14:49:53,17.22
2020-11-27 14:49:54,16.15
2020-11-27 14:49:55,15.45
2020-11-27 14:49:56,15.18
2020-11-27 14:49:57,13.96
2020-11-27 14:49:58,13.63
2020-11-27 14:49:59,13.52
2020-11-27 14:50:00,13.52
2020-11-27 14:50:01,14.67
2020-11-27 14:50:02,14.92
2020-11-27 14:50:03,16.15
2020-11-27 14:50:04,16.59
2020-11-27 14:50:05,17.72
2020-11-27 14:50:06,17.55
2020-11-27 14:50:07,17.06
2020-11-27 14:50:08,17.39
2020-11-27 14:50:09,17.39
2020-11-27 14:50:10,15.86
2020-11-27 14:50:11,14.19
2020-11-27 14:50:12,13.31
2020-11-27 14:50:13,12.32
2020-11-27 14:50:14,12.32
2020-11-27 14:50:15,12.6
2020-11-27 14:50:16,13.0
2020-11-27 14:50:17,13.2
2020-11-27 14:50:18,14.55
2020-11-27 14:50:19,15.45
2020-11-27 14:50:20,17.06
2020-11-27 14:50:21,18.25
2020-11-27 14:50:22,18.07
2020-11-27 14:50:23,19.38
2020-11-27 14:50:24,19.38
2020-11-27 14:50:25,18.99
2020-11-27 14:50:26,18.61
2020-11-27 14:50:27,16.75
2020-11-27 14:50:28,14.55
2020-11-27 14:50:29,13.31
2020-11-27 14:50:30,11.37
2020-11-27 14:50:31,9.41
2020-11-27 14:50:32,8.47
2020-11-27 14:50:33,8.27
2020-11-27 14:50:34,8.57
2020-11-27 14:50:35,9.0
2020-11-27 14:50:36,9.41
2020-11-27 14:50:37,10.39
2020-11-27 14:50:38,11.21
2020-11-27 14:50:39,11.7
2020-11-27 14:50:40,12.14
2020-11-27 14:50:41,12.32
2020-11-27 14:50:42,12.32
2020-11-27 14:50:43,11.37
2020-11-27 14:50:44,11.21
2020-11-27 14:50:45,10.53
2020-11-27 14:50:46,10.39
2020-11-27 14:50:47,9.72
2020-11-27 14:50:48,9.53
2020-11-27 14:50:49,8.52
2020-11-27 14:50:50,6.96
2020-11-27 14:50:51,5.99
2020-11-27 14:50:52,5.52
2020-11-27 14:50:53,5.23
2020-11-27 14:50:54,5.2
2020-11-27 14:50:55,5.36
2020-11-27 14:50:56,6.15
2020-11-27 14:50:57,7.66
2020-11-27 14:50:58,9.78
2020-11-27 14:50:59,12.05
2020-11-27 14:51:00,14.55
2020-11-27 14:51:01,16.59
2020-11-27 14:51:02,17.39
2020-11-27 14:51:03,16.75
2020-11-27 14:51:04,16.44
2020-11-27 14:51:05,16.0
2020-11-27 14:51:06,15.58
2020-11-27 14:51:07,15.58
2020-11-27 14:51:08,15.45
2020-11-27 14:51:09,14.92
2020-11-27 14:51:10,14.92
2020-11-27 14:51:11,15.86
2020-11-27 14:51:12,17.22
2020-11-27 14:51:13,19.18
2020-11-27 14:51:14,20.0
2020-11-27 14:51:15,20.0
2020-11-27 14:51:16,18.61
2020-11-27 14:51:17,18.25
2020-11-27 14:51:18,18.07
2020-11-27 14:51:19,17.89
2020-11-27 14:51:20,17.55
2020-11-27 14:51:21,17.06
2020-11-27 14:51:22,15.72
2020-11-27 14:51:23,14.8
2020-11-27 14:51:24,12.32
2020-11-27 14:51:25,11.53
2020-11-27 14:51:26,10.25
2020-11-27 14:51:27,9.98
2020-11-27 14:51:28,10.46
2020-11-27 14:51:29,11.05
2020-11-27 14:51:30,11.29
2020-11-27 14:51:31,11.21
2020-11-27 14:51:32,9.85
2020-11-27 14:51:33,9.12
2020-11-27 14:51:34,8.73
2020-11-27 14:51:35,8.57
2020-11-27 14:51:36,8.84
2020-11-27 14:51:37,9.12
2020-11-27 14:51:38,9.66
2020-11-27 14:51:39,11.21
2020-11-27 14:51:40,12.7
2020-11-27 14:51:41,13.63
2020-11-27 14:51:42,13.31
2020-11-27 14:51:43,13.96
2020-11-27 14:51:44,13.85
2020-11-27 14:51:45,15.18
2020-11-27 14:51:46,15.72
2020-11-27 14:51:47,15.58
2020-11-27 14:51:48,16.29
2020-11-27 14:51:49,16.9
2020-11-27 14:51:50,16.75
2020-11-27 14:51:51,17.06
2020-11-27 14:51:52,16.29
2020-11-27 14:51:53,15.58
2020-11-27 14:51:54,15.45
2020-11-27 14:51:55,15.18
2020-11-27 14:51:56,15.58
2020-11-27 14:51:57,16.15
2020-11-27 14:51:58,15.86
2020-11-27 14:51:59,16.15
2020-11-27 14:52:00,16.15
2020-11-27 14:52:01,16.29
2020-11-27 14:52:02,16.0
2020-11-27 14:52:03,14.92
2020-11-27 14:52:04,13.85
2020-11-27 14:52:05,13.52
2020-11-27 14:52:06,12.8
2020-11-27 14:52:07,12.05
2020-11-27 14:52:08,11.53
2020-11-27 14:52:09,11.79
2020-11-27 14:52:10,11.21
2020-11-27 14:52:11,9.29
2020-11-27 14:52:12,8.32
2020-11-27 14:52:13,7.32
2020-11-27 14:52:14,6.35
2020-11-27 14:52:15,6.09
2020-11-27 14:52:16,5.49
2020-11-27 14:52:17,4.63
2020-11-27 14:52:18,4.31
2020-11-27 14:52:19,4.43
2020-11-27 14:52:20,4.39
2020-11-27 14:52:21,4.39
2020-11-27 14:52:22,4.47
2020-11-27 14:52:23,4.45
2020-11-27 14:52:24,4.41
2020-11-27 14:52:25,4.39
2020-11-27 14:52:26,4.39
2020-11-27 14:52:27,4.45
2020-11-27 14:52:28,4.47
2020-11-27 14:52:29,4.39
2020-11-27 14:52:30,4.5
2020-11-27 14:52:31,4.54
2020-11-27 14:52:32,4.45
2020-11-27 14:52:33,4.43
2020-11-27 14:52:34,4.5
2020-11-27 14:52:35,4.47
2020-11-27 14:52:36,4.52
2020-11-27 14:52:37,4.88
2020-11-27 14:52:38,5.52
2020-11-27 14:52:39,5.69
2020-11-27 14:52:40,7.53
2020-11-27 14:52:41,8.89
2020-11-27 14:52:42,11.37
2020-11-27 14:52:43,13.85
2020-11-27 14:52:44,15.31
2020-11-27 14:52:45,17.22
2020-11-27 14:52:46,18.8
2020-11-27 14:52:47,19.79
2020-11-27 14:52:48,20.21
2020-11-27 14:52:49,20.42
2020-11-27 14:52:50,19.18
2020-11-27 14:52:51,18.43
2020-11-27 14:52:52,17.06
2020-11-27 14:52:53,15.31
2020-11-27 14:52:54,15.31
2020-11-27 14:52:55,14.67
2020-11-27 14:52:56,14.55
2020-11-27 14:52:57,14.43
2020-11-27 14:52:58,13.96
2020-11-27 14:52:59,13.74
2020-11-27 14:53:00,12.9
2020-11-27 14:53:01,11.96
2020-11-27 14:53:02,11.7
2020-11-27 14:53:03,11.45
2020-11-27 14:53:04,11.53
2020-11-27 14:53:05,12.14
2020-11-27 14:53:06,13.2
2020-11-27 14:53:07,14.43
2020-11-27 14:53:08,16.15
2020-11-27 14:53:09,16.29
2020-11-27 14:53:10,17.39
2020-11-27 14:53:11,17.72
2020-11-27 14:53:12,18.07
2020-11-27 14:53:13,18.61
2020-11-27 14:53:14,18.07
2020-11-27 14:53:15,16.44
2020-11-27 14:53:16,15.86
2020-11-27 14:53:17,15.72
2020-11-27 14:53:18,14.19
2020-11-27 14:53:19,12.7
2020-11-27 14:53:20,9.47
2020-11-27 14:53:21,6.92
2020-11-27 14:53:22,5.17
2020-11-27 14:53:23,4.37
2020-11-27 14:53:24,4.27
2020-11-27 14:53:25,4.52
2020-11-27 14:53:26,4.69
2020-11-27 14:53:27,4.67
2020-11-27 14:53:28,4.52
2020-11-27 14:53:29,4.43
2020-11-27 14:53:30,4.39
2020-11-27 14:53:31,4.27
2020-11-27 14:53:32,4.37
2020-11-27 14:53:33,4.39
2020-11-27 14:53:34,4.39
2020-11-27 14:53:35,4.43
2020-11-27 14:53:36,4.43
2020-11-27 14:53:37,4.45
2020-11-27 14:53:38,4.81
2020-11-27 14:53:39,4.97
2020-11-27 14:53:40,5.07
2020-11-27 14:53:41,5.41
2020-11-27 14:53:42,5.87
2020-11-27 14:53:43,6.22
2020-11-27 14:53:44,6.88
2020-11-27 14:53:45,8.68
2020-11-27 14:53:46,9.85
2020-11-27 14:53:47,10.25
2020-11-27 14:53:48,10.97
2020-11-27 14:53:49,11.79
2020-11-27 14:53:50,12.8
2020-11-27 14:53:51,12.9
2020-11-27 14:53:52,13.96
2020-11-27 14:53:53,14.19
2020-11-27 14:53:54,13.2
2020-11-27 14:53:55,13.1
2020-11-27 14:53:56,13.52
2020-11-27 14:53:57,13.2
2020-11-27 14:53:58,13.74
2020-11-27 14:53:59,13.74
2020-11-27 14:54:00,13.0
2020-11-27 14:54:01,12.41
2020-11-27 14:54:02,11.21
2020-11-27 14:54:03,10.75
2020-11-27 14:54:04,10.67
2020-11-27 14:54:05,10.82
2020-11-27 14:54:06,11.45
2020-11-27 14:54:07,12.51
2020-11-27 14:54:08,13.52
2020-11-27 14:54:09,14.31
2020-11-27 14:54:10,14.55
2020-11-27 14:54:11,13.74
2020-11-27 14:54:12,11.53
2020-11-27 14:54:13,9.53
2020-11-27 14:54:14,9.29
2020-11-27 14:54:15,8.84
2020-11-27 14:54:16,8.62
2020-11-27 14:54:17,8.89
2020-11-27 14:54:18,8.62
2020-11-27 14:54:19,8.52
2020-11-27 14:54:20,8.37
2020-11-27 14:54:21,8.12
2020-11-27 14:54:22,6.96
2020-11-27 14:54:23,5.9
2020-11-27 14:54:24,5.28
2020-11-27 14:54:25,5.07
2020-11-27 14:54:26,5.28
2020-11-27 14:54:27,6.28
2020-11-27 14:54:28,7.53
2020-11-27 14:54:29,9.41
2020-11-27 14:54:30,11.29
2020-11-27 14:54:31,13.85
2020-11-27 14:54:32,14.55
2020-11-27 14:54:33,16.75
2020-11-27 14:54:34,16.59
2020-11-27 14:54:35,17.55
2020-11-27 14:54:36,17.22
2020-11-27 14:54:37,17.39
2020-11-27 14:54:38,18.25
2020-11-27 14:54:39,17.89
2020-11-27 14:54:40,16.15
2020-11-27 14:54:41,14.08
2020-11-27 14:54:42,11.79
2020-11-27 14:54:43,10.6
2020-11-27 14:54:44,8.27
2020-11-27 14:54:45,6.35
2020-11-27 14:54:46,4.83
2020-11-27 14:54:47,4.47
2020-11-27 14:54:48,4.43
2020-11-27 14:54:49,4.9
2020-11-27 14:54:50,5.93
2020-11-27 14:54:51,6.66
2020-11-27 14:54:52,7.16
2020-11-27 14:54:53,8.27
2020-11-27 14:54:54,7.44
2020-11-27 14:54:55,6.66
2020-11-27 14:54:56,5.78
2020-11-27 14:54:57,5.3
2020-11-27 14:54:58,4.86
2020-11-27 14:54:59,4.69
2020-11-27 14:55:00,4.5
2020-11-27 14:55:01,4.54
2020-11-27 14:55:02,4.54
2020-11-27 14:55:03,4.5
2020-11-27 14:55:04,4.47
2020-11-27 14:55:05,4.9
2020-11-27 14:55:06,6.63
2020-11-27 14:55:07,9.47
2020-11-27 14:55:08,13.63
2020-11-27 14:55:09,16.75
2020-11-27 14:55:10,19.79
2020-11-27 14:55:11,22.06
2020-11-27 14:55:12,23.95
2020-11-27 14:55:13,23.38
2020-11-27 14:55:14,21.1
2020-11-27 14:55:15,20.65
2020-11-27 14:55:16,20.0
2020-11-27 14:55:17,17.22
2020-11-27 14:55:18,16.75
2020-11-27 14:55:19,15.18
2020-11-27 14:55:20,13.74
2020-11-27 14:55:21,13.74
2020-11-27 14:55:22,12.41
2020-11-27 14:55:23,12.41
2020-11-27 14:55:24,12.7
2020-11-27 14:55:25,12.8
2020-11-27 14:55:26,13.2
2020-11-27 14:55:27,11.7
2020-11-27 14:55:28,10.6
2020-11-27 14:55:29,9.53
2020-11-27 14:55:30,9.17
2020-11-27 14:55:31,9.17
2020-11-27 14:55:32,9.29
2020-11-27 14:55:33,9.85
2020-11-27 14:55:34,11.45
2020-11-27 14:55:35,11.87
2020-11-27 14:55:36,13.63
2020-11-27 14:55:37,14.19
2020-11-27 14:55:38,15.31
2020-11-27 14:55:39,15.18
2020-11-27 14:55:40,15.45
2020-11-27 14:55:41,15.58
2020-11-27 14:55:42,15.72
2020-11-27 14:55:43,15.45
2020-11-27 14:55:44,15.72
2020-11-27 14:55:45,15.58
2020-11-27 14:55:46,15.86
2020-11-27 14:55:47,14.19
2020-11-27 14:55:48,14.08
2020-11-27 14:55:49,13.1
2020-11-27 14:55:50,12.6
2020-11-27 14:55:51,12.9
2020-11-27 14:55:52,13.41
2020-11-27 14:55:53,13.31
2020-11-27 14:55:54,14.08
2020-11-27 14:55:55,14.19
2020-11-27 14:55:56,14.92
2020-11-27 14:55:57,15.05
2020-11-27 14:55:58,14.55
2020-11-27 14:55:59,14.08
2020-11-27 14:56:00,12.51
2020-11-27 14:56:01,11.79
2020-11-27 14:56:02,11.13
2020-11-27 14:56:03,10.97
2020-11-27 14:56:04,10.53
2020-11-27 14:56:05,9.91
2020-11-27 14:56:06,9.98
2020-11-27 14:56:07,9.98
2020-11-27 14:56:08,10.39
2020-11-27 14:56:09,10.97
2020-11-27 14:56:10,11.62
2020-11-27 14:56:11,13.2
2020-11-27 14:56:12,14.08
2020-11-27 14:56:13,15.86
2020-11-27 14:56:14,15.72
2020-11-27 14:56:15,13.85
2020-11-27 14:56:16,12.32
2020-11-27 14:56:17,11.62
2020-11-27 14:56:18,10.75
2020-11-27 14:56:19,10.67
2020-11-27 14:56:20,10.32
2020-11-27 14:56:21,9.66
2020-11-27 14:56:22,9.78
2020-11-27 14:56:23,10.82
2020-11-27 14:56:24,11.87
2020-11-27 14:56:25,12.8
2020-11-27 14:56:26,13.2
2020-11-27 14:56:27,14.19
2020-11-27 14:56:28,15.05
2020-11-27 14:56:29,14.92
2020-11-27 14:56:30,14.55
2020-11-27 14:56:31,13.96
2020-11-27 14:56:32,11.53
2020-11-27 14:56:33,10.11
2020-11-27 14:56:34,9.53
2020-11-27 14:56:35,9.12
2020-11-27 14:56:36,9.23
2020-11-27 14:56:37,8.57
2020-11-27 14:56:38,8.27
2020-11-27 14:56:39,8.12
2020-11-27 14:56:40,7.08
2020-11-27 14:56:41,5.87
2020-11-27 14:56:42,5.36
2020-11-27 14:56:43,5.3
2020-11-27 14:56:44,5.47
2020-11-27 14:56:45,6.05
2020-11-27 14:56:46,6.96
2020-11-27 14:56:47,9.12
2020-11-27 14:56:48,13.1
2020-11-27 14:56:49,15.72
2020-11-27 14:56:50,18.8
2020-11-27 14:56:51,21.1
2020-11-27 14:56:52,22.06
2020-11-27 14:56:53,22.06
2020-11-27 14:56:54,20.21
2020-11-27 14:56:55,19.79
2020-11-27 14:56:56,18.8
2020-11-27 14:56:57,19.58
2020-11-27 14:56:58,18.61
2020-11-27 14:56:59,17.55
2020-11-27 14:57:00,17.06
2020-11-27 14:57:01,16.15
2020-11-27 14:57:02,15.31
2020-11-27 14:57:03,15.05
2020-11-27 14:57:04,14.8
2020-11-27 14:57:05,14.8
2020-11-27 14:57:06,13.52
2020-11-27 14:57:07,12.41
2020-11-27 14:57:08,11.29
2020-11-27 14:57:09,8.78
2020-11-27 14:57:10,6.38
2020-11-27 14:57:11,3.84
2020-11-27 14:57:12,2.77
2020-11-27 14:57:13,2.92
2020-11-27 14:57:14,3.07
2020-11-27 14:57:15,3.06
2020-11-27 14:57:16,3.06
2020-11-27 14:57:17,3.1
2020-11-27 14:57:18,3.08
2020-11-27 14:57:19,3.08
2020-11-27 14:57:20,3.06
2020-11-27 14:57:21,3.04
2020-11-27 14:57:22,3.23
2020-11-27 14:57:23,4.45
2020-11-27 14:57:24,6.96
2020-11-27 14:57:25,8.73
2020-11-27 14:57:26,9.66
2020-11-27 14:57:27,11.7
2020-11-27 14:57:28,13.74
2020-11-27 14:57:29,17.06
2020-11-27 14:57:30,18.25
2020-11-27 14:57:31,19.58
2020-11-27 14:57:32,19.18
2020-11-27 14:57:33,18.25
2020-11-27 14:57:34,17.22
2020-11-27 14:57:35,16.9
2020-11-27 14:57:36,16.75
2020-11-27 14:57:37,15.58
2020-11-27 14:57:38,14.8
2020-11-27 14:57:39,14.31
2020-11-27 14:57:40,13.63
2020-11-27 14:57:41,12.32
2020-11-27 14:57:42,10.18
2020-11-27 14:57:43,9.23
2020-11-27 14:57:44,8.95
2020-11-27 14:57:45,9.06
2020-11-27 14:57:46,9.47
2020-11-27 14:57:47,10.04
2020-11-27 14:57:48,10.46
2020-11-27 14:57:49,11.05
2020-11-27 14:57:50,11.37
2020-11-27 14:57:51,11.37
2020-11-27 14:57:52,11.21
2020-11-27 14:57:53,10.82
2020-11-27 14:57:54,10.97
2020-11-27 14:57:55,11.13
2020-11-27 14:57:56,12.05
2020-11-27 14:57:57,13.96
2020-11-27 14:57:58,14.08
2020-11-27 14:57:59,14.92
2020-11-27 14:58:00,14.55
2020-11-27 14:58:01,13.63
2020-11-27 14:58:02,12.7
2020-11-27 14:58:03,11.13
2020-11-27 14:58:04,10.53
2020-11-27 14:58:05,10.25
2020-11-27 14:58:06,10.53
2020-11-27 14:58:07,11.13
2020-11-27 14:58:08,11.29
2020-11-27 14:58:09,12.14
2020-11-27 14:58:10,12.9
2020-11-27 14:58:11,11.62
2020-11-27 14:58:12,10.39
2020-11-27 14:58:13,9.06
2020-11-27 14:58:14,8.47
2020-11-27 14:58:15,8.52
2020-11-27 14:58:16,9.17
2020-11-27 14:58:17,11.13
2020-11-27 14:58:18,13.41
2020-11-27 14:58:19,14.8
2020-11-27 14:58:20,16.29
2020-11-27 14:58:21,15.86
2020-11-27 14:58:22,16.44
2020-11-27 14:58:23,17.55
2020-11-27 14:58:24,17.72
2020-11-27 14:58:25,16.59
2020-11-27 14:58:26,15.58
2020-11-27 14:58:27,15.31
2020-11-27 14:58:28,14.55
2020-11-27 14:58:29,13.63
2020-11-27 14:58:30,13.74
2020-11-27 14:58:31,14.08
2020-11-27 14:58:32,13.1
2020-11-27 14:58:33,10.67
2020-11-27 14:58:34,9.85
2020-11-27 14:58:35,9.12
2020-11-27 14:58:36,7.88
2020-11-27 14:58:37,6.7
2020-11-27 14:58:38,5.72
2020-11-27 14:58:39,5.41
2020-11-27 14:58:40,5.05
2020-11-27 14:58:41,5.23
2020-11-27 14:58:42,5.9
2020-11-27 14:58:43,6.66
2020-11-27 14:58:44,7.28
2020-11-27 14:58:45,9.06
2020-11-27 14:58:46,10.75
2020-11-27 14:58:47,11.96
2020-11-27 14:58:48,13.63
2020-11-27 14:58:49,14.92
2020-11-27 14:58:50,16.0
2020-11-27 14:58:51,17.06
2020-11-27 14:58:52,16.9
2020-11-27 14:58:53,18.43
2020-11-27 14:58:54,18.25
2020-11-27 14:58:55,18.8
2020-11-27 14:58:56,19.38
2020-11-27 14:58:57,19.58
2020-11-27 14:58:58,19.38
2020-11-27 14:58:59,18.25
2020-11-27 14:59:00,17.55
2020-11-27 14:59:01,16.75
2020-11-27 14:59:02,16.44
2020-11-27 14:59:03,15.86
2020-11-27 14:59:04,14.8
2020-11-27 14:59:05,14.08
2020-11-27 14:59:06,13.1
2020-11-27 14:59:07,10.97
2020-11-27 14:59:08,10.11
2020-11-27 14:59:09,9.23
2020-11-27 14:59:10,8.95
2020-11-27 14:59:11,9.91
2020-11-27 14:59:12,9.98
2020-11-27 14:59:13,9.53
2020-11-27 14:59:14,9.29
2020-11-27 14:59:15,8.84
2020-11-27 14:59:16,8.68
2020-11-27 14:59:17,8.47
2020-11-27 14:59:18,8.02
2020-11-27 14:59:19,6.55
2020-11-27 14:59:20,5.84
2020-11-27 14:59:21,6.05
2020-11-27 14:59:22,6.22
2020-11-27 14:59:23,6.48
2020-11-27 14:59:24,6.38
2020-11-27 14:59:25,6.48
2020-11-27 14:59:26,6.63
2020-11-27 14:59:27,7.53
2020-11-27 14:59:28,8.02
2020-11-27 14:59:29,9.23
2020-11-27 14:59:30,11.21
2020-11-27 14:59:31,13.0
2020-11-27 14:59:32,14.08
2020-11-27 14:59:33,14.55
2020-11-27 14:59:34,14.92
2020-11-27 14:59:35,15.45
2020-11-27 14:59:36,15.31
2020-11-27 14:59:37,15.86
2020-11-27 14:59:38,15.45
2020-11-27 14:59:39,15.45
2020-11-27 14:59:40,15.58
2020-11-27 14:59:41,14.08
2020-11-27 14:59:42,11.62
2020-11-27 14:59:43,10.04
2020-11-27 14:59:44,8.89
2020-11-27 14:59:45,8.57
2020-11-27 14:59:46,8.73
2020-11-27 14:59:47,8.73
2020-11-27 14:59:48,9.0
2020-11-27 14:59:49,9.59
2020-11-27 14:59:50,11.13
2020-11-27 14:59:51,13.0
2020-11-27 14:59:52,14.92
2020-11-27 14:59:53,15.86
2020-11-27 14:59:54,15.58
2020-11-27 14:59:55,15.45
2020-11-27 14:59:56,14.55
2020-11-27 14:59:57,13.96
2020-11-27 14:59:58,8.73
2020-11-27 14:59:59,13.52
2020-11-27 15:00:00,13.63
2020-11-27 15:00:01,13.52
2020-11-27 15:00:02,13.63
2020-11-27 15:00:03,14.31
2020-11-27 15:00:04,15.05
2020-11-27 15:00:05,15.72
2020-11-27 15:00:06,16.9
2020-11-27 15:00:07,15.86
2020-11-27 15:00:08,14.55
2020-11-27 15:00:09,13.1
2020-11-27 15:00:10,11.13
2020-11-27 15:00:11,10.18
2020-11-27 15:00:12,9.12
2020-11-27 15:00:13,8.84
2020-11-27 15:00:14,9.35
2020-11-27 15:00:15,10.04
2020-11-27 15:00:16,9.91
2020-11-27 15:00:17,10.18
2020-11-27 15:00:18,10.39
2020-11-27 15:00:19,11.21
2020-11-27 15:00:20,12.05
2020-11-27 15:00:21,12.9
2020-11-27 15:00:22,13.2
2020-11-27 15:00:23,13.1
2020-11-27 15:00:24,14.55
2020-11-27 15:00:25,15.31
2020-11-27 15:00:26,15.86
2020-11-27 15:00:27,17.22
2020-11-27 15:00:28,16.59
2020-11-27 15:00:29,15.45
2020-11-27 15:00:30,14.8
2020-11-27 15:00:31,14.08
2020-11-27 15:00:32,13.85
2020-11-27 15:00:33,13.2
2020-11-27 15:00:34,13.74
2020-11-27 15:00:35,13.74
2020-11-27 15:00:36,13.41
2020-11-27 15:00:37,10.6
2020-11-27 15:00:38,9.66
2020-11-27 15:00:39,7.98
2020-11-27 15:00:40,7.16
2020-11-27 15:00:41,5.58
2020-11-27 15:00:42,5.12
2020-11-27 15:00:43,5.41
2020-11-27 15:00:44,5.61
2020-11-27 15:00:45,5.78
2020-11-27 15:00:46,5.58
2020-11-27 15:00:47,5.12
2020-11-27 15:00:48,4.93
2020-11-27 15:00:49,4.86
2020-11-27 15:00:50,4.79
2020-11-27 15:00:51,4.63
2020-11-27 15:00:52,4.63
2020-11-27 15:00:53,4.58
2020-11-27 15:00:54,4.72
2020-11-27 15:00:55,4.79
2020-11-27 15:00:56,4.69
2020-11-27 15:00:57,4.67
2020-11-27 15:00:58,4.69
2020-11-27 15:00:59,4.67
2020-11-27 15:01:00,4.58
2020-11-27 15:01:01,4.69
2020-11-27 15:01:02,4.52
2020-11-27 15:01:03,4.63
2020-11-27 15:01:04,5.1
2020-11-27 15:01:05,6.38
2020-11-27 15:01:06,8.68
2020-11-27 15:01:07,9.91
2020-11-27 15:01:08,12.41
2020-11-27 15:01:09,13.85
2020-11-27 15:01:10,16.0
2020-11-27 15:01:11,17.06
2020-11-27 15:01:12,17.55
2020-11-27 15:01:13,17.55
2020-11-27 15:01:14,17.39
2020-11-27 15:01:15,16.0
2020-11-27 15:01:16,15.45
2020-11-27 15:01:17,15.31
2020-11-27 15:01:18,14.43
2020-11-27 15:01:19,13.85
2020-11-27 15:01:20,12.6
2020-11-27 15:01:21,11.7
2020-11-27 15:01:22,11.37
2020-11-27 15:01:23,10.82
2020-11-27 15:01:24,10.39
2020-11-27 15:01:25,10.11
2020-11-27 15:01:26,9.98
2020-11-27 15:01:27,10.04
2020-11-27 15:01:28,10.11
2020-11-27 15:01:29,9.35
2020-11-27 15:01:30,8.68
2020-11-27 15:01:31,8.73
2020-11-27 15:01:32,8.57
2020-11-27 15:01:33,8.68
2020-11-27 15:01:34,8.95
2020-11-27 15:01:35,9.17
2020-11-27 15:01:36,9.53
2020-11-27 15:01:37,10.82
2020-11-27 15:01:38,11.96
2020-11-27 15:01:39,12.6
2020-11-27 15:01:40,13.41
2020-11-27 15:01:41,13.63
2020-11-27 15:01:42,13.1
2020-11-27 15:01:43,11.37
2020-11-27 15:01:44,10.97
2020-11-27 15:01:45,10.67
2020-11-27 15:01:46,10.75
2020-11-27 15:01:47,10.6
2020-11-27 15:01:48,11.13
2020-11-27 15:01:49,11.05
2020-11-27 15:01:50,10.82
2020-11-27 15:01:51,10.39
2020-11-27 15:01:52,10.04
2020-11-27 15:01:53,8.84
2020-11-27 15:01:54,8.27
2020-11-27 15:01:55,7.75
2020-11-27 15:01:56,7.7
2020-11-27 15:01:57,8.32
2020-11-27 15:01:58,8.95
2020-11-27 15:01:59,9.59
2020-11-27 15:02:00,10.75
2020-11-27 15:02:01,10.39
2020-11-27 15:02:02,8.73
2020-11-27 15:02:03,5.38
2020-11-27 15:02:04,4.39
2020-11-27 15:02:05,3.98
2020-11-27 15:02:06,4.17
2020-11-27 15:02:07,4.17
2020-11-27 15:02:08,4.17
2020-11-27 15:02:09,4.43
2020-11-27 15:02:10,4.25
2020-11-27 15:02:11,4.15
2020-11-27 15:02:12,4.07
2020-11-27 15:02:13,4.17
2020-11-27 15:02:14,4.39
2020-11-27 15:02:15,4.19
2020-11-27 15:02:16,4.02
2020-11-27 15:02:17,4.19
2020-11-27 15:02:18,4.31
2020-11-27 15:02:19,4.21
2020-11-27 15:02:20,4.27
2020-11-27 15:02:21,4.54
2020-11-27 15:02:22,4.86
2020-11-27 15:02:23,6.38
2020-11-27 15:02:24,9.47
2020-11-27 15:02:25,11.05
2020-11-27 15:02:26,12.6
2020-11-27 15:02:27,15.72
2020-11-27 15:02:28,16.44
2020-11-27 15:02:29,16.0
2020-11-27 15:02:30,16.59
2020-11-27 15:02:31,16.0
2020-11-27 15:02:32,15.86
2020-11-27 15:02:33,14.92
2020-11-27 15:02:34,14.55
2020-11-27 15:02:35,14.92
2020-11-27 15:02:36,15.05
2020-11-27 15:02:37,14.43
2020-11-27 15:02:38,13.63
2020-11-27 15:02:39,13.85
2020-11-27 15:02:40,13.52
2020-11-27 15:02:41,13.31
2020-11-27 15:02:42,13.96
2020-11-27 15:02:43,13.41
2020-11-27 15:02:44,13.63
2020-11-27 15:02:45,14.31
2020-11-27 15:02:46,12.51
2020-11-27 15:02:47,11.87
2020-11-27 15:02:48,10.32
2020-11-27 15:02:49,9.66
2020-11-27 15:02:50,9.59
2020-11-27 15:02:51,9.53
2020-11-27 15:02:52,9.66
2020-11-27 15:02:53,10.25
2020-11-27 15:02:54,11.13
2020-11-27 15:02:55,12.7
2020-11-27 15:02:56,14.08
2020-11-27 15:02:57,14.31
2020-11-27 15:02:58,14.31
2020-11-27 15:02:59,13.85
2020-11-27 15:03:00,14.19
2020-11-27 15:03:01,14.92
2020-11-27 15:03:02,14.55
2020-11-27 15:03:03,15.58
2020-11-27 15:03:04,14.67
2020-11-27 15:03:05,14.19
2020-11-27 15:03:06,13.63
2020-11-27 15:03:07,13.52
2020-11-27 15:03:08,14.08
2020-11-27 15:03:09,13.74
2020-11-27 15:03:10,14.08
2020-11-27 15:03:11,13.74
2020-11-27 15:03:12,13.63
2020-11-27 15:03:13,13.31
2020-11-27 15:03:14,12.9
2020-11-27 15:03:15,13.74
2020-11-27 15:03:16,12.8
2020-11-27 15:03:17,13.2
2020-11-27 15:03:18,13.63
2020-11-27 15:03:19,13.63
2020-11-27 15:03:20,12.7
2020-11-27 15:03:21,12.23
2020-11-27 15:03:22,11.21
2020-11-27 15:03:23,10.53
2020-11-27 15:03:24,10.32
2020-11-27 15:03:25,10.39
2020-11-27 15:03:26,10.97
2020-11-27 15:03:27,11.45
2020-11-27 15:03:28,13.31
2020-11-27 15:03:29,14.31
2020-11-27 15:03:30,12.32
2020-11-27 15:03:31,11.53
2020-11-27 15:03:32,10.67
2020-11-27 15:03:33,10.11
2020-11-27 15:03:34,18.99
2020-11-27 15:03:35,20.42
2020-11-27 15:03:36,20.42
2020-11-27 15:03:37,22.06
2020-11-27 15:03:38,19.58
2020-11-27 15:03:39,17.72
2020-11-27 15:03:40,16.59
2020-11-27 15:03:41,14.92
2020-11-27 15:03:42,13.85
2020-11-27 15:03:43,13.74
2020-11-27 15:03:44,13.31
2020-11-27 15:03:45,12.6
2020-11-27 15:03:46,12.6
2020-11-27 15:03:47,12.51
2020-11-27 15:03:48,11.96
2020-11-27 15:03:49,12.8
2020-11-27 15:03:50,12.23
2020-11-27 15:03:51,10.32
2020-11-27 15:03:52,9.98
2020-11-27 15:03:53,9.35
2020-11-27 15:03:54,9.47
2020-11-27 15:03:55,9.47
2020-11-27 15:03:56,10.04
2020-11-27 15:03:57,10.53
2020-11-27 15:03:58,11.7
2020-11-27 15:03:59,13.41
2020-11-27 15:04:00,14.43
2020-11-27 15:04:01,14.31
2020-11-27 15:04:02,14.8
2020-11-27 15:04:03,15.05
2020-11-27 15:04:04,15.31
2020-11-27 15:04:05,15.45
2020-11-27 15:04:06,15.05
2020-11-27 15:04:07,15.31
2020-11-27 15:04:08,15.86
2020-11-27 15:04:09,17.39
2020-11-27 15:04:10,17.55
2020-11-27 15:04:11,16.59
2020-11-27 15:04:12,16.44
2020-11-27 15:04:13,17.55
2020-11-27 15:04:14,17.06
2020-11-27 15:04:15,17.89
2020-11-27 15:04:16,18.61
2020-11-27 15:04:17,18.99
2020-11-27 15:04:18,18.61
2020-11-27 15:04:19,18.8
2020-11-27 15:04:20,19.79
2020-11-27 15:04:21,19.79
2020-11-27 15:04:22,18.61
2020-11-27 15:04:23,17.72
2020-11-27 15:04:24,17.55
2020-11-27 15:04:25,16.0
2020-11-27 15:04:26,15.05
2020-11-27 15:04:27,14.43
2020-11-27 15:04:28,13.31
2020-11-27 15:04:29,13.41
2020-11-27 15:04:30,13.31
2020-11-27 15:04:31,13.52
2020-11-27 15:04:32,13.96
2020-11-27 15:04:33,14.43
2020-11-27 15:04:34,15.58
2020-11-27 15:04:35,15.72
2020-11-27 15:04:36,15.18
2020-11-27 15:04:37,15.05
2020-11-27 15:04:38,15.58
2020-11-27 15:04:39,15.45
2020-11-27 15:04:40,16.0
2020-11-27 15:04:41,16.29
2020-11-27 15:04:42,16.44
2020-11-27 15:04:43,16.44
2020-11-27 15:04:44,17.22
2020-11-27 15:04:45,18.07
2020-11-27 15:04:46,18.43
2020-11-27 15:04:47,18.43
2020-11-27 15:04:48,16.75
2020-11-27 15:04:49,19.79
2020-11-27 15:04:50,20.21
2020-11-27 15:04:51,20.65
2020-11-27 15:04:52,20.42
2020-11-27 15:04:53,21.1
2020-11-27 15:04:54,21.1
2020-11-27 15:04:55,20.87
2020-11-27 15:04:56,21.33
2020-11-27 15:04:57,20.87
2020-11-27 15:04:58,20.42
2020-11-27 15:04:59,20.21
2020-11-27 15:05:00,18.99
2020-11-27 15:05:01,18.07
2020-11-27 15:05:02,18.61
2020-11-27 15:05:03,18.8
2020-11-27 15:05:04,17.55
2020-11-27 15:05:05,17.72
2020-11-27 15:05:06,17.06
2020-11-27 15:05:07,16.29
2020-11-27 15:05:08,16.44
2020-11-27 15:05:09,16.0
2020-11-27 15:05:10,14.92
2020-11-27 15:05:11,14.67
2020-11-27 15:05:12,14.08
2020-11-27 15:05:13,14.8
2020-11-27 15:05:14,15.86
2020-11-27 15:05:15,17.72
2020-11-27 15:05:16,18.99
2020-11-27 15:05:17,20.42
2020-11-27 15:05:18,20.87
2020-11-27 15:05:19,22.06
2020-11-27 15:05:20,24.54
2020-11-27 15:05:21,23.95
2020-11-27 15:05:22,24.54
2020-11-27 15:05:23,25.16
2020-11-27 15:05:24,24.54
2020-11-27 15:05:25,23.66
2020-11-27 15:05:26,23.38
2020-11-27 15:05:27,21.82
2020-11-27 15:05:28,20.87
2020-11-27 15:05:29,20.0
2020-11-27 15:05:30,19.79
2020-11-27 15:05:31,19.79
2020-11-27 15:05:32,19.79
2020-11-27 15:05:33,20.21
2020-11-27 15:05:34,20.87
2020-11-27 15:05:35,21.1
2020-11-27 15:05:36,21.82
2020-11-27 15:05:37,21.1
2020-11-27 15:05:38,22.06
2020-11-27 15:05:39,23.38
2020-11-27 15:05:40,24.85
2020-11-27 15:05:41,25.16
2020-11-27 15:05:42,25.16
2020-11-27 15:05:43,26.49
2020-11-27 15:05:44,26.49
2020-11-27 15:05:45,27.58
2020-11-27 15:05:46,26.85
2020-11-27 15:05:47,23.95
2020-11-27 15:05:48,22.84
2020-11-27 15:05:49,22.57
2020-11-27 15:05:50,21.82
2020-11-27 15:05:51,16.9
2020-11-27 15:05:52,14.31
2020-11-27 15:05:53,13.85
2020-11-27 15:05:54,13.2
2020-11-27 15:05:55,11.79
2020-11-27 15:05:56,9.53
2020-11-27 15:05:57,7.79
2020-11-27 15:05:58,6.15
2020-11-27 15:05:59,4.83
2020-11-27 15:06:00,4.25
2020-11-27 15:06:01,4.0
2020-11-27 15:06:02,4.02
2020-11-27 15:06:03,3.93
2020-11-27 15:06:04,4.0
2020-11-27 15:06:05,4.11
2020-11-27 15:06:06,5.25
2020-11-27 15:06:07,7.44
2020-11-27 15:06:08,10.6
2020-11-27 15:06:09,12.8
2020-11-27 15:06:10,15.58
2020-11-27 15:06:11,18.07
2020-11-27 15:06:12,18.99
2020-11-27 15:06:13,20.21
2020-11-27 15:06:14,23.11
2020-11-27 15:06:15,25.81
2020-11-27 15:06:16,26.85
2020-11-27 15:06:17,27.96
2020-11-27 15:06:18,28.34
2020-11-27 15:06:19,26.85
2020-11-27 15:06:20,25.16
2020-11-27 15:06:21,22.32
2020-11-27 15:06:22,21.57
2020-11-27 15:06:23,19.18
2020-11-27 15:06:24,17.55
2020-11-27 15:06:25,16.59
2020-11-27 15:06:26,15.45
2020-11-27 15:06:27,16.0
2020-11-27 15:06:28,14.31
2020-11-27 15:06:29,15.05
2020-11-27 15:06:30,13.63
2020-11-27 15:06:31,13.31
2020-11-27 15:06:32,12.7
2020-11-27 15:06:33,12.9
2020-11-27 15:06:34,12.6
2020-11-27 15:06:35,13.0
2020-11-27 15:06:36,13.0
2020-11-27 15:06:37,11.79
2020-11-27 15:06:38,11.62
2020-11-27 15:06:39,11.53
2020-11-27 15:06:40,12.32
2020-11-27 15:06:41,13.2
2020-11-27 15:06:42,13.52
2020-11-27 15:06:43,12.8
2020-11-27 15:06:44,11.45
2020-11-27 15:06:45,10.75
2020-11-27 15:06:46,9.91
2020-11-27 15:06:47,8.95
2020-11-27 15:06:48,8.12
2020-11-27 15:06:49,7.84
2020-11-27 15:06:50,7.88
2020-11-27 15:06:51,8.12
2020-11-27 15:06:52,7.93
2020-11-27 15:06:53,7.98
2020-11-27 15:06:54,9.06
2020-11-27 15:06:55,11.45
2020-11-27 15:06:56,12.9
2020-11-27 15:06:57,14.43
2020-11-27 15:06:58,15.86
2020-11-27 15:06:59,16.75
2020-11-27 15:07:00,17.55
2020-11-27 15:07:01,17.72
2020-11-27 15:07:02,17.06
2020-11-27 15:07:03,15.58
2020-11-27 15:07:04,14.67
2020-11-27 15:07:05,12.51
2020-11-27 15:07:06,10.32
2020-11-27 15:07:07,9.47
2020-11-27 15:07:08,9.41
2020-11-27 15:07:09,9.85
2020-11-27 15:07:10,9.47
2020-11-27 15:07:11,8.89
2020-11-27 15:07:12,8.47
2020-11-27 15:07:13,8.52
2020-11-27 15:07:14,8.78
2020-11-27 15:07:15,8.89
2020-11-27 15:07:16,9.0
2020-11-27 15:07:17,9.06
2020-11-27 15:07:18,10.18
2020-11-27 15:07:19,10.97
2020-11-27 15:07:20,11.62
2020-11-27 15:07:21,12.7
2020-11-27 15:07:22,13.74
2020-11-27 15:07:23,15.05
2020-11-27 15:07:24,15.86
2020-11-27 15:07:25,17.06
2020-11-27 15:07:26,17.55
2020-11-27 15:07:27,18.07
2020-11-27 15:07:28,19.38
2020-11-27 15:07:29,19.58
2020-11-27 15:07:30,20.42
2020-11-27 15:07:31,20.87
2020-11-27 15:07:32,22.84
2020-11-27 15:07:33,22.84
2020-11-27 15:07:34,21.57
2020-11-27 15:07:35,20.0
2020-11-27 15:07:36,19.18
2020-11-27 15:07:37,20.42
2020-11-27 15:07:38,18.61
2020-11-27 15:07:39,19.38
2020-11-27 15:07:40,19.18
2020-11-27 15:07:41,17.06
2020-11-27 15:07:42,15.86
2020-11-27 15:07:43,14.92
2020-11-27 15:07:44,15.05
2020-11-27 15:07:45,15.05
2020-11-27 15:07:46,15.18
2020-11-27 15:07:47,15.45
2020-11-27 15:07:48,17.22
2020-11-27 15:07:49,18.07
2020-11-27 15:07:50,18.8
2020-11-27 15:07:51,18.8
2020-11-27 15:07:52,19.58
2020-11-27 15:07:53,20.42
2020-11-27 15:07:54,19.58
2020-11-27 15:07:55,20.0
2020-11-27 15:07:56,20.0
2020-11-27 15:07:57,21.1
2020-11-27 15:07:58,21.82
2020-11-27 15:07:59,21.1
2020-11-27 15:08:00,19.79
2020-11-27 15:08:01,20.42
2020-11-27 15:08:02,18.43
2020-11-27 15:08:03,17.55
2020-11-27 15:08:04,16.15
2020-11-27 15:08:05,15.58
2020-11-27 15:08:06,15.58
2020-11-27 15:08:07,16.59
2020-11-27 15:08:08,57.16
2020-11-27 15:08:09,57.16
2020-11-27 15:08:10,63.64
2020-11-27 15:08:11,60.24
2020-11-27 15:08:12,61.89
2020-11-27 15:08:13,53.08
2020-11-27 15:08:14,54.38
2020-11-27 15:08:15,57.16
2020-11-27 15:08:16,71.69
2020-11-27 15:08:17,74.02
2020-11-27 15:08:18,76.49
2020-11-27 15:08:19,74.02
2020-11-27 15:08:20,67.44
2020-11-27 15:08:21,67.44
2020-11-27 15:08:22,58.66
2020-11-27 15:08:23,53.08
2020-11-27 15:08:24,58.66
2020-11-27 15:08:25,57.16
2020-11-27 15:08:26,55.74
2020-11-27 15:08:27,54.38
2020-11-27 15:08:28,58.66
2020-11-27 15:08:29,47.38
2020-11-27 15:08:30,44.49
2020-11-27 15:08:31,43.6
2020-11-27 15:08:32,38.19
2020-11-27 15:08:33,37.52
2020-11-27 15:08:34,37.52
2020-11-27 15:08:35,32.34
2020-11-27 15:08:36,31.37
2020-11-27 15:08:37,29.15
2020-11-27 15:08:38,27.21
2020-11-27 15:08:39,27.58
2020-11-27 15:08:40,27.21
2020-11-27 15:08:41,26.49
2020-11-27 15:08:42,27.58
2020-11-27 15:08:43,27.58
2020-11-27 15:08:44,28.34
2020-11-27 15:08:45,30.0
2020-11-27 15:08:46,27.96
2020-11-27 15:08:47,30.9
2020-11-27 15:08:48,29.57
2020-11-27 15:08:49,30.9
2020-11-27 15:08:50,31.85
2020-11-27 15:08:51,30.45
2020-11-27 15:08:52,30.0
2020-11-27 15:08:53,30.45
2020-11-27 15:08:54,30.45
2020-11-27 15:08:55,30.45
2020-11-27 15:08:56,30.0
2020-11-27 15:08:57,30.45
2020-11-27 15:08:58,29.57
2020-11-27 15:08:59,28.34
2020-11-27 15:09:00,26.15
2020-11-27 15:09:01,24.54
2020-11-27 15:09:02,24.85
2020-11-27 15:09:03,22.84
2020-11-27 15:09:04,23.38
2020-11-27 15:09:05,22.32
2020-11-27 15:09:06,21.57
2020-11-27 15:09:07,21.33
2020-11-27 15:09:08,21.1
2020-11-27 15:09:09,21.1
2020-11-27 15:09:10,20.21
2020-11-27 15:09:11,20.65
2020-11-27 15:09:12,20.42
2020-11-27 15:09:13,19.38
2020-11-27 15:09:14,19.79
2020-11-27 15:09:15,18.8
2020-11-27 15:09:16,19.38
2020-11-27 15:09:17,19.58
2020-11-27 15:09:18,20.65
2020-11-27 15:09:19,22.57
2020-11-27 15:09:20,23.11
2020-11-27 15:09:21,24.24
2020-11-27 15:09:22,25.16
2020-11-27 15:09:23,26.15
2020-11-27 15:09:24,27.96
2020-11-27 15:09:25,27.21
2020-11-27 15:09:26,27.58
2020-11-27 15:09:27,28.74
2020-11-27 15:09:28,29.15
2020-11-27 15:09:29,29.15
2020-11-27 15:09:30,28.74
2020-11-27 15:09:31,29.57
2020-11-27 15:09:32,25.49
2020-11-27 15:09:33,24.85
2020-11-27 15:09:34,23.66
2020-11-27 15:09:35,23.66
2020-11-27 15:09:36,23.11
2020-11-27 15:09:37,23.38
2020-11-27 15:09:38,23.95
2020-11-27 15:09:39,25.16
2020-11-27 15:09:40,25.16
2020-11-27 15:09:41,25.81
2020-11-27 15:09:42,25.81
2020-11-27 15:09:43,26.15
2020-11-27 15:09:44,27.58
2020-11-27 15:09:45,29.57
2020-11-27 15:09:46,30.45
2020-11-27 15:09:47,63.64
2020-11-27 15:09:48,55.74
2020-11-27 15:09:49,54.38
2020-11-27 15:09:50,57.16
2020-11-27 15:09:51,63.64
2020-11-27 15:09:52,61.89
2020-11-27 15:09:53,58.66
2020-11-27 15:09:54,57.16
2020-11-27 15:09:55,
2020-11-27 15:09:56,27.58
2020-11-27 15:09:57,28.74
2020-11-27 15:09:58,41.12
2020-11-27 15:09:59,65.49
2020-11-27 15:10:00,24.85
2020-11-27 15:10:01,22.84
2020-11-27 15:10:02,21.33
2020-11-27 15:10:03,19.38
2020-11-27 15:10:04,18.61
2020-11-27 15:10:05,18.25
2020-11-27 15:10:06,18.43
2020-11-27 15:10:07,19.38
2020-11-27 15:10:08,19.79
2020-11-27 15:10:09,19.79
2020-11-27 15:10:10,20.65
2020-11-27 15:10:11,21.57
2020-11-27 15:10:12,21.33
2020-11-27 15:10:13,21.1
2020-11-27 15:10:14,23.95
2020-11-27 15:10:15,24.54
2020-11-27 15:10:16,23.66
2020-11-27 15:10:17,24.54
2020-11-27 15:10:18,25.16
2020-11-27 15:10:19,25.49
2020-11-27 15:10:20,25.81
2020-11-27 15:10:21,25.49
2020-11-27 15:10:22,26.49
2020-11-27 15:10:23,26.49
2020-11-27 15:10:24,27.21
2020-11-27 15:10:25,26.85
2020-11-27 15:10:26,27.21
2020-11-27 15:10:27,28.34
2020-11-27 15:10:28,29.15
2020-11-27 15:10:29,29.57
2020-11-27 15:10:30,29.57
2020-11-27 15:10:31,30.45
2020-11-27 15:10:32,29.15
2020-11-27 15:10:33,27.96
2020-11-27 15:10:34,27.58
2020-11-27 15:10:35,26.49
2020-11-27 15:10:36,25.16
2020-11-27 15:10:37,25.81
2020-11-27 15:10:38,26.15
2020-11-27 15:10:39,25.81
2020-11-27 15:10:40,26.85
2020-11-27 15:10:41,26.15
2020-11-27 15:10:42,27.58
2020-11-27 15:10:43,26.85
2020-11-27 15:10:44,27.58
2020-11-27 15:10:45,27.58
2020-11-27 15:10:46,29.15
2020-11-27 15:10:47,28.34
2020-11-27 15:10:48,28.34
2020-11-27 15:10:49,29.15
2020-11-27 15:10:50,29.57
2020-11-27 15:10:51,30.45
2020-11-27 15:10:52,31.37
2020-11-27 15:10:53,32.85
2020-11-27 15:10:54,32.34
2020-11-27 15:10:55,30.0
2020-11-27 15:10:56,30.9
2020-11-27 15:10:57,29.15
2020-11-27 15:10:58,28.74
2020-11-27 15:10:59,27.58
2020-11-27 15:11:00,27.21
2020-11-27 15:11:01,25.16
2020-11-27 15:11:02,26.85
2020-11-27 15:11:03,25.16
2020-11-27 15:11:04,24.85
2020-11-27 15:11:05,24.24
2020-11-27 15:11:06,25.16
2020-11-27 15:11:07,25.49
2020-11-27 15:11:08,24.54
2020-11-27 15:11:09,26.15
2020-11-27 15:11:10,24.24
2020-11-27 15:11:11,25.16
2020-11-27 15:11:12,25.49
2020-11-27 15:11:13,25.49
2020-11-27 15:11:14,24.24
2020-11-27 15:11:15,22.57
2020-11-27 15:11:16,22.84
2020-11-27 15:11:17,23.38
2020-11-27 15:11:18,23.38
2020-11-27 15:11:19,23.95
2020-11-27 15:11:20,24.85
2020-11-27 15:11:21,24.54
2020-11-27 15:11:22,26.49
2020-11-27 15:11:23,24.85
2020-11-27 15:11:24,11.7
2020-11-27 15:11:25,11.45
2020-11-27 15:11:26,26.15
2020-11-27 15:11:27,26.15
2020-11-27 15:11:28,24.85
2020-11-27 15:11:29,25.49
2020-11-27 15:11:30,23.95
2020-11-27 15:11:31,23.95
2020-11-27 15:11:32,24.24
2020-11-27 15:11:33,24.24
2020-11-27 15:11:34,24.54
2020-11-27 15:11:35,24.85
2020-11-27 15:11:36,23.38
2020-11-27 15:11:37,23.95
2020-11-27 15:11:38,22.84
2020-11-27 15:11:39,23.38
2020-11-27 15:11:40,23.38
2020-11-27 15:11:41,22.32
2020-11-27 15:11:42,21.57
2020-11-27 15:11:43,22.32
2020-11-27 15:11:44,22.06
2020-11-27 15:11:45,21.82
2020-11-27 15:11:46,22.32
2020-11-27 15:11:47,22.57
2020-11-27 15:11:48,22.32
2020-11-27 15:11:49,23.38
2020-11-27 15:11:50,23.95
2020-11-27 15:11:51,24.54
2020-11-27 15:11:52,25.81
2020-11-27 15:11:53,26.15
2020-11-27 15:11:54,26.85
2020-11-27 15:11:55,
2020-11-27 15:11:56,27.96
2020-11-27 15:11:57,27.58
2020-11-27 15:11:58,27.96
2020-11-27 15:11:59,26.15
2020-11-27 15:12:00,26.85
2020-11-27 15:12:01,27.21
2020-11-27 15:12:02,28.74
2020-11-27 15:12:03,28.34
2020-11-27 15:12:04,26.85
2020-11-27 15:12:05,26.49
2020-11-27 15:12:06,27.96
2020-11-27 15:12:07,26.85
2020-11-27 15:12:08,49.52
2020-11-27 15:12:09,30.0
2020-11-27 15:12:10,32.85
2020-11-27 15:12:11,30.9
2020-11-27 15:12:12,31.37
2020-11-27 15:12:13,22.06
2020-11-27 15:12:14,32.85
2020-11-27 15:12:15,34.47
2020-11-27 15:12:16,33.37
2020-11-27 15:12:17,95.51
2020-11-27 15:12:18,35.63
2020-11-27 15:12:19,31.85
2020-11-27 15:12:20,31.85
2020-11-27 15:12:21,30.9
2020-11-27 15:12:22,30.9
2020-11-27 15:12:23,28.74
2020-11-27 15:12:24,28.74
2020-11-27 15:12:25,28.34
2020-11-27 15:12:26,27.96
2020-11-27 15:12:27,27.96
2020-11-27 15:12:28,27.96
2020-11-27 15:12:29,27.96
2020-11-27 15:12:30,26.15
2020-11-27 15:12:31,26.15
2020-11-27 15:12:32,25.81
2020-11-27 15:12:33,26.85
2020-11-27 15:12:34,25.81
2020-11-27 15:12:35,25.16
2020-11-27 15:12:36,25.81
2020-11-27 15:12:37,25.49
2020-11-27 15:12:38,30.9
2020-11-27 15:12:39,27.96
2020-11-27 15:12:40,27.96
2020-11-27 15:12:41,27.58
2020-11-27 15:12:42,30.0
2020-11-27 15:12:43,30.45
2020-11-27 15:12:44,29.57
2020-11-27 15:12:45,30.45
2020-11-27 15:12:46,30.0
2020-11-27 15:12:47,30.45
2020-11-27 15:12:48,30.9
2020-11-27 15:12:49,29.57
2020-11-27 15:12:50,28.34
2020-11-27 15:12:51,28.34
2020-11-27 15:12:52,28.34
2020-11-27 15:12:53,27.21
2020-11-27 15:12:54,25.49
2020-11-27 15:12:55,26.85
2020-11-27 15:12:56,25.16
2020-11-27 15:12:57,26.49
2020-11-27 15:12:58,26.15
2020-11-27 15:12:59,26.49
2020-11-27 15:13:00,26.15
2020-11-27 15:13:01,24.54
2020-11-27 15:13:02,23.95
2020-11-27 15:13:03,24.54
2020-11-27 15:13:04,23.38
2020-11-27 15:13:05,23.11
2020-11-27 15:13:06,21.33
2020-11-27 15:13:07,22.32
2020-11-27 15:13:08,21.57
2020-11-27 15:13:09,22.57
2020-11-27 15:13:10,23.11
2020-11-27 15:13:11,22.06
2020-11-27 15:13:12,18.07
2020-11-27 15:13:13,22.06
2020-11-27 15:13:14,20.87
2020-11-27 15:13:15,23.11
2020-11-27 15:13:16,21.57
2020-11-27 15:13:17,21.1
2020-11-27 15:13:18,20.65
2020-11-27 15:13:19,21.1
2020-11-27 15:13:20,21.1
2020-11-27 15:13:21,21.57
2020-11-27 15:13:22,21.33
2020-11-27 15:13:23,22.57
2020-11-27 15:13:24,22.84
2020-11-27 15:13:25,21.82
2020-11-27 15:13:26,22.84
2020-11-27 15:13:27,22.32
2020-11-27 15:13:28,23.11
2020-11-27 15:13:29,23.38
2020-11-27 15:13:30,24.24
2020-11-27 15:13:31,24.54
2020-11-27 15:13:32,23.66
2020-11-27 15:13:33,23.95
2020-11-27 15:13:34,25.49
2020-11-27 15:13:35,26.49
2020-11-27 15:13:36,25.16
2020-11-27 15:13:37,26.15
2020-11-27 15:13:38,30.0
2020-11-27 15:13:39,30.45
2020-11-27 15:13:40,30.45
2020-11-27 15:13:41,31.37
2020-11-27 15:13:42,30.9
2020-11-27 15:13:43,32.34
2020-11-27 15:13:44,33.91
2020-11-27 15:13:45,35.04
2020-11-27 15:13:46,35.63
2020-11-27 15:13:47,67.44
2020-11-27 15:13:48,35.63
2020-11-27 15:13:49,33.37
2020-11-27 15:13:50,30.9
2020-11-27 15:13:51,30.9
2020-11-27 15:13:52,28.34
2020-11-27 15:13:53,26.49
2020-11-27 15:13:54,24.85
2020-11-27 15:13:55,24.54
2020-11-27 15:13:56,23.95
2020-11-27 15:13:57,24.54
2020-11-27 15:13:58,23.66
2020-11-27 15:13:59,23.66
2020-11-27 15:14:00,23.66
2020-11-27 15:14:01,23.66
2020-11-27 15:14:02,27.21
2020-11-27 15:14:03,27.58
2020-11-27 15:14:04,28.74
2020-11-27 15:14:05,42.74
2020-11-27 15:14:06,30.45
2020-11-27 15:14:07,30.0
2020-11-27 15:14:08,30.45
2020-11-27 15:14:09,29.15
2020-11-27 15:14:10,30.9
2020-11-27 15:14:11,31.85
2020-11-27 15:14:12,33.37
2020-11-27 15:14:13,31.85
2020-11-27 15:14:14,33.37
2020-11-27 15:14:15,32.34
2020-11-27 15:14:16,31.85
2020-11-27 15:14:17,29.57
2020-11-27 15:14:18,30.9
2020-11-27 15:14:19,30.9
2020-11-27 15:14:20,30.0
2020-11-27 15:14:21,29.57
2020-11-27 15:14:22,28.74
2020-11-27 15:14:23,28.34
2020-11-27 15:14:24,28.34
2020-11-27 15:14:25,27.96
2020-11-27 15:14:26,27.96
2020-11-27 15:14:27,27.58
2020-11-27 15:14:28,26.15
2020-11-27 15:14:29,25.16
2020-11-27 15:14:30,24.24
2020-11-27 15:14:31,23.95
2020-11-27 15:14:32,23.66
2020-11-27 15:14:33,23.38
2020-11-27 15:14:34,22.32
2020-11-27 15:14:35,20.42
2020-11-27 15:14:36,18.8
2020-11-27 15:14:37,18.07
2020-11-27 15:14:38,17.72
2020-11-27 15:14:39,17.39
2020-11-27 15:14:40,18.61
2020-11-27 15:14:41,19.18
2020-11-27 15:14:42,19.38
2020-11-27 15:14:43,19.38
2020-11-27 15:14:44,19.18
2020-11-27 15:14:45,19.18
2020-11-27 15:14:46,17.89
2020-11-27 15:14:47,17.39
2020-11-27 15:14:48,16.29
2020-11-27 15:14:49,15.05
2020-11-27 15:14:50,13.96
2020-11-27 15:14:51,13.41
2020-11-27 15:14:52,13.41
2020-11-27 15:14:53,14.8
2020-11-27 15:14:54,15.18
2020-11-27 15:14:55,15.72
2020-11-27 15:14:56,16.29
2020-11-27 15:14:57,15.72
2020-11-27 15:14:58,15.31
2020-11-27 15:14:59,14.67
2020-11-27 15:15:00,14.55
2020-11-27 15:15:01,14.8
2020-11-27 15:15:02,14.8
2020-11-27 15:15:03,15.45
2020-11-27 15:15:04,16.75
2020-11-27 15:15:05,17.39
2020-11-27 15:15:06,17.55
2020-11-27 15:15:07,18.25
2020-11-27 15:15:08,18.43
2020-11-27 15:15:09,17.55
2020-11-27 15:15:10,15.58
2020-11-27 15:15:11,13.74
2020-11-27 15:15:12,12.9
2020-11-27 15:15:13,13.0
2020-11-27 15:15:14,11.79
2020-11-27 15:15:15,10.6
2020-11-27 15:15:16,9.59
2020-11-27 15:15:17,9.47
2020-11-27 15:15:18,9.47
2020-11-27 15:15:19,10.11
2020-11-27 15:15:20,11.29
2020-11-27 15:15:21,13.2
2020-11-27 15:15:22,14.19
2020-11-27 15:15:23,15.86
2020-11-27 15:15:24,16.75
2020-11-27 15:15:25,17.22
2020-11-27 15:15:26,17.55
2020-11-27 15:15:27,17.89
2020-11-27 15:15:28,18.8
2020-11-27 15:15:29,18.25
2020-11-27 15:15:30,18.61
2020-11-27 15:15:31,18.07
2020-11-27 15:15:32,17.06
2020-11-27 15:15:33,16.59
2020-11-27 15:15:34,16.75
2020-11-27 15:15:35,17.22
2020-11-27 15:15:36,18.99
2020-11-27 15:15:37,21.1
2020-11-27 15:15:38,23.38
2020-11-27 15:15:39,26.15
2020-11-27 15:15:40,28.34
2020-11-27 15:15:41,30.9
2020-11-27 15:15:42,31.37
2020-11-27 15:15:43,35.63
2020-11-27 15:15:44,36.24
2020-11-27 15:15:45,38.89
2020-11-27 15:15:46,41.12
2020-11-27 15:15:47,39.6
2020-11-27 15:15:48,39.6
2020-11-27 15:15:49,38.19
2020-11-27 15:15:50,36.87
2020-11-27 15:15:51,31.37
2020-11-27 15:15:52,29.15
2020-11-27 15:15:53,25.81
2020-11-27 15:15:54,24.24
2020-11-27 15:15:55,21.1
2020-11-27 15:15:56,19.18
2020-11-27 15:15:57,19.38
2020-11-27 15:15:58,18.07
2020-11-27 15:15:59,17.72
2020-11-27 15:16:00,18.07
2020-11-27 15:16:01,17.72
2020-11-27 15:16:02,18.8
2020-11-27 15:16:03,18.61
2020-11-27 15:16:04,18.8
2020-11-27 15:16:05,20.0
2020-11-27 15:16:06,21.1
2020-11-27 15:16:07,22.84
2020-11-27 15:16:08,22.57
2020-11-27 15:16:09,23.95
2020-11-27 15:16:10,22.32
2020-11-27 15:16:11,19.79
2020-11-27 15:16:12,18.8
2020-11-27 15:16:13,16.9
2020-11-27 15:16:14,16.15
2020-11-27 15:16:15,16.15
2020-11-27 15:16:16,16.29
2020-11-27 15:16:17,17.55
2020-11-27 15:16:18,18.99
2020-11-27 15:16:19,19.58
2020-11-27 15:16:20,19.58
2020-11-27 15:16:21,20.87
2020-11-27 15:16:22,21.1
2020-11-27 15:16:23,21.82
2020-11-27 15:16:24,21.1
2020-11-27 15:16:25,22.06
2020-11-27 15:16:26,23.95
2020-11-27 15:16:27,25.16
2020-11-27 15:16:28,26.85
2020-11-27 15:16:29,27.96
2020-11-27 15:16:30,27.96
2020-11-27 15:16:31,30.0
2020-11-27 15:16:32,30.9
2020-11-27 15:16:33,32.34
2020-11-27 15:16:34,29.57
2020-11-27 15:16:35,30.9
2020-11-27 15:16:36,28.34
2020-11-27 15:16:37,28.34
2020-11-27 15:16:38,27.96
2020-11-27 15:16:39,26.49
2020-11-27 15:16:40,24.85
2020-11-27 15:16:41,25.16
2020-11-27 15:16:42,24.85
2020-11-27 15:16:43,22.84
2020-11-27 15:16:44,22.06
2020-11-27 15:16:45,21.57
2020-11-27 15:16:46,22.06
2020-11-27 15:16:47,22.57
2020-11-27 15:16:48,21.82
2020-11-27 15:16:49,21.82
2020-11-27 15:16:50,22.32
2020-11-27 15:16:51,20.87
2020-11-27 15:16:52,20.87
2020-11-27 15:16:53,21.33
2020-11-27 15:16:54,21.1
2020-11-27 15:16:55,22.06
2020-11-27 15:16:56,22.32
2020-11-27 15:16:57,22.57
2020-11-27 15:16:58,22.84
2020-11-27 15:16:59,23.11
2020-11-27 15:17:00,24.85
2020-11-27 15:17:01,24.54
2020-11-27 15:17:02,24.24
2020-11-27 15:17:03,24.54
2020-11-27 15:17:04,24.54
2020-11-27 15:17:05,23.66
2020-11-27 15:17:06,24.24
2020-11-27 15:17:07,23.95
2020-11-27 15:17:08,22.84
2020-11-27 15:17:09,23.95
2020-11-27 15:17:10,25.81
2020-11-27 15:17:11,25.49
2020-11-27 15:17:12,26.49
2020-11-27 15:17:13,27.21
2020-11-27 15:17:14,28.34
2020-11-27 15:17:15,27.96
2020-11-27 15:17:16,28.74
2020-11-27 15:17:17,28.34
2020-11-27 15:17:18,30.45
2020-11-27 15:17:19,29.15
2020-11-27 15:17:20,30.0
2020-11-27 15:17:21,42.74
2020-11-27 15:17:22,29.15
2020-11-27 15:17:23,28.74
2020-11-27 15:17:24,27.96
2020-11-27 15:17:25,29.15
2020-11-27 15:17:26,27.96
2020-11-27 15:17:27,27.58
2020-11-27 15:17:28,28.34
2020-11-27 15:17:29,26.49
2020-11-27 15:17:30,24.85
2020-11-27 15:17:31,25.16
2020-11-27 15:17:32,24.24
2020-11-27 15:17:33,23.38
2020-11-27 15:17:34,20.42
2020-11-27 15:17:35,19.38
2020-11-27 15:17:36,18.43
2020-11-27 15:17:37,16.44
2020-11-27 15:17:38,15.45
2020-11-27 15:17:39,15.58
2020-11-27 15:17:40,15.86
2020-11-27 15:17:41,17.72
2020-11-27 15:17:42,18.07
2020-11-27 15:17:43,20.0
2020-11-27 15:17:44,19.79
2020-11-27 15:17:45,22.57
2020-11-27 15:17:46,22.84
2020-11-27 15:17:47,22.06
2020-11-27 15:17:48,22.32
2020-11-27 15:17:49,20.0
2020-11-27 15:17:50,19.79
2020-11-27 15:17:51,19.58
2020-11-27 15:17:52,18.43
2020-11-27 15:17:53,16.44
2020-11-27 15:17:54,16.15
2020-11-27 15:17:55,15.31
2020-11-27 15:17:56,14.67
2020-11-27 15:17:57,13.74
2020-11-27 15:17:58,13.0
2020-11-27 15:17:59,12.14
2020-11-27 15:18:00,12.51
2020-11-27 15:18:01,13.1
2020-11-27 15:18:02,14.67
2020-11-27 15:18:03,15.18
2020-11-27 15:18:04,16.0
2020-11-27 15:18:05,16.44
2020-11-27 15:18:06,16.44
2020-11-27 15:18:07,18.25
2020-11-27 15:18:08,17.89
2020-11-27 15:18:09,18.61
2020-11-27 15:18:10,18.99
2020-11-27 15:18:11,20.65
2020-11-27 15:18:12,20.42
2020-11-27 15:18:13,20.21
2020-11-27 15:18:14,20.21
2020-11-27 15:18:15,21.1
2020-11-27 15:18:16,19.58
2020-11-27 15:18:17,16.59
2020-11-27 15:18:18,14.8
2020-11-27 15:18:19,14.08
2020-11-27 15:18:20,13.63
2020-11-27 15:18:21,13.74
2020-11-27 15:18:22,13.96
2020-11-27 15:18:23,15.72
2020-11-27 15:18:24,16.15
2020-11-27 15:18:25,17.22
2020-11-27 15:18:26,18.07
2020-11-27 15:18:27,18.25
2020-11-27 15:18:28,18.61
2020-11-27 15:18:29,18.43
2020-11-27 15:18:30,17.72
2020-11-27 15:18:31,17.55
2020-11-27 15:18:32,18.8
2020-11-27 15:18:33,17.72
2020-11-27 15:18:34,17.72
2020-11-27 15:18:35,16.59
2020-11-27 15:18:36,15.58
2020-11-27 15:18:37,15.45
2020-11-27 15:18:38,15.45
2020-11-27 15:18:39,15.86
2020-11-27 15:18:40,16.15
2020-11-27 15:18:41,15.86
2020-11-27 15:18:42,16.59
2020-11-27 15:18:43,17.22
2020-11-27 15:18:44,18.07
2020-11-27 15:18:45,18.99
2020-11-27 15:18:46,19.38
2020-11-27 15:18:47,19.79
2020-11-27 15:18:48,19.58
2020-11-27 15:18:49,19.58
2020-11-27 15:18:50,19.58
2020-11-27 15:18:51,19.38
2020-11-27 15:18:52,20.0
2020-11-27 15:18:53,20.87
2020-11-27 15:18:54,21.1
2020-11-27 15:18:55,19.38
2020-11-27 15:18:56,19.18
2020-11-27 15:18:57,20.0
2020-11-27 15:18:58,20.21
2020-11-27 15:18:59,19.79
2020-11-27 15:19:00,19.79
2020-11-27 15:19:01,19.79
2020-11-27 15:19:02,20.0
2020-11-27 15:19:03,19.79
2020-11-27 15:19:04,20.21
2020-11-27 15:19:05,20.65
2020-11-27 15:19:06,23.38
2020-11-27 15:19:07,54.38
2020-11-27 15:19:08,51.84
2020-11-27 15:19:09,25.49
2020-11-27 15:19:10,25.16
2020-11-27 15:19:11,25.81
2020-11-27 15:19:12,24.85
2020-11-27 15:19:13,24.24
2020-11-27 15:19:14,25.16
2020-11-27 15:19:15,23.66
2020-11-27 15:19:16,25.16
2020-11-27 15:19:17,23.66
2020-11-27 15:19:18,21.82
2020-11-27 15:19:19,22.84
2020-11-27 15:19:20,23.11
2020-11-27 15:19:21,25.81
2020-11-27 15:19:22,26.49
2020-11-27 15:19:23,44.49
2020-11-27 15:19:24,41.12
2020-11-27 15:19:25,37.52
2020-11-27 15:19:26,34.47
2020-11-27 15:19:27,32.34
2020-11-27 15:19:28,29.15
2020-11-27 15:19:29,27.21
2020-11-27 15:19:30,28.34
2020-11-27 15:19:31,26.85
2020-11-27 15:19:32,27.21
2020-11-27 15:19:33,25.49
2020-11-27 15:19:34,25.16
2020-11-27 15:19:35,24.85
2020-11-27 15:19:36,24.54
2020-11-27 15:19:37,24.85
2020-11-27 15:19:38,24.85
2020-11-27 15:19:39,25.49
2020-11-27 15:19:40,24.54
2020-11-27 15:19:41,24.85
2020-11-27 15:19:42,25.81
2020-11-27 15:19:43,26.15
2020-11-27 15:19:44,25.81
2020-11-27 15:19:45,26.85
2020-11-27 15:19:46,27.21
2020-11-27 15:19:47,27.96
2020-11-27 15:19:48,27.96
2020-11-27 15:19:49,27.21
2020-11-27 15:19:50,27.21
2020-11-27 15:19:51,26.49
2020-11-27 15:19:52,26.49
2020-11-27 15:19:53,25.81
2020-11-27 15:19:54,26.85
2020-11-27 15:19:55,25.81
2020-11-27 15:19:56,24.85
2020-11-27 15:19:57,24.54
2020-11-27 15:19:58,25.81
2020-11-27 15:19:59,24.85
2020-11-27 15:20:00,24.24
2020-11-27 15:20:01,23.38
2020-11-27 15:20:02,24.54
2020-11-27 15:20:03,24.54
2020-11-27 15:20:04,24.54
2020-11-27 15:20:05,25.16
2020-11-27 15:20:06,27.21
2020-11-27 15:20:07,28.34
2020-11-27 15:20:08,28.74
2020-11-27 15:20:09,30.0
2020-11-27 15:20:10,30.9
2020-11-27 15:20:11,29.15
2020-11-27 15:20:12,28.34
2020-11-27 15:20:13,28.34
2020-11-27 15:20:14,27.96
2020-11-27 15:20:15,26.49
2020-11-27 15:20:16,26.49
2020-11-27 15:20:17,26.85
2020-11-27 15:20:18,28.74
2020-11-27 15:20:19,28.34
2020-11-27 15:20:20,26.49
2020-11-27 15:20:21,26.85
2020-11-27 15:20:22,26.15
2020-11-27 15:20:23,24.24
2020-11-27 15:20:24,24.85
2020-11-27 15:20:25,26.49
2020-11-27 15:20:26,24.85
2020-11-27 15:20:27,24.85
2020-11-27 15:20:28,26.49
2020-11-27 15:20:29,26.15
2020-11-27 15:20:30,25.49
2020-11-27 15:20:31,25.49
2020-11-27 15:20:32,25.16
2020-11-27 15:20:33,27.21
2020-11-27 15:20:34,27.21
2020-11-27 15:20:35,27.96
2020-11-27 15:20:36,27.21
2020-11-27 15:20:37,27.21
2020-11-27 15:20:38,26.49
2020-11-27 15:20:39,27.96
2020-11-27 15:20:40,28.34
2020-11-27 15:20:41,26.85
2020-11-27 15:20:42,25.81
2020-11-27 15:20:43,25.49
2020-11-27 15:20:44,23.66
2020-11-27 15:20:45,22.84
2020-11-27 15:20:46,22.57
2020-11-27 15:20:47,22.84
2020-11-27 15:20:48,22.57
2020-11-27 15:20:49,25.49
2020-11-27 15:20:50,24.54
2020-11-27 15:20:51,25.16
2020-11-27 15:20:52,26.49
2020-11-27 15:20:53,27.21
2020-11-27 15:20:54,26.49
2020-11-27 15:20:55,25.81
2020-11-27 15:20:56,27.58
2020-11-27 15:20:57,26.15
2020-11-27 15:20:58,27.21
2020-11-27 15:20:59,25.81
2020-11-27 15:21:00,26.15
2020-11-27 15:21:01,25.16
2020-11-27 15:21:02,25.16
2020-11-27 15:21:03,24.85
2020-11-27 15:21:04,25.81
2020-11-27 15:21:05,26.49
2020-11-27 15:21:06,26.15
2020-11-27 15:21:07,26.49
2020-11-27 15:21:08,28.34
2020-11-27 15:21:09,27.96
2020-11-27 15:21:10,27.96
2020-11-27 15:21:11,26.85
2020-11-27 15:21:12,26.49
2020-11-27 15:21:13,26.49
2020-11-27 15:21:14,27.58
2020-11-27 15:21:15,26.49
2020-11-27 15:21:16,31.85
2020-11-27 15:21:17,30.9
2020-11-27 15:21:18,27.96
2020-11-27 15:21:19,28.74
2020-11-27 15:21:20,27.58
2020-11-27 15:21:21,27.96
2020-11-27 15:21:22,26.85
2020-11-27 15:21:23,27.96
2020-11-27 15:21:24,27.58
2020-11-27 15:21:25,27.58
2020-11-27 15:21:26,27.96
2020-11-27 15:21:27,27.96
2020-11-27 15:21:28,27.58
2020-11-27 15:21:29,27.96
2020-11-27 15:21:30,27.58
2020-11-27 15:21:31,26.49
2020-11-27 15:21:32,26.85
2020-11-27 15:21:33,26.15
2020-11-27 15:21:34,24.85
2020-11-27 15:21:35,25.16
2020-11-27 15:21:36,24.85
2020-11-27 15:21:37,24.24
2020-11-27 15:21:38,24.24
2020-11-27 15:21:39,24.54
2020-11-27 15:21:40,24.54
2020-11-27 15:21:41,26.85
2020-11-27 15:21:42,26.85
2020-11-27 15:21:43,26.15
2020-11-27 15:21:44,26.15
2020-11-27 15:21:45,26.85
2020-11-27 15:21:46,26.85
2020-11-27 15:21:47,27.21
2020-11-27 15:21:48,26.49
2020-11-27 15:21:49,24.85
2020-11-27 15:21:50,23.95
2020-11-27 15:21:51,24.24
2020-11-27 15:21:52,23.95
2020-11-27 15:21:53,25.81
2020-11-27 15:21:54,25.49
2020-11-27 15:21:55,25.49
2020-11-27 15:21:56,25.16
2020-11-27 15:21:57,25.49
2020-11-27 15:21:58,26.49
2020-11-27 15:21:59,26.85
2020-11-27 15:22:00,25.81
2020-11-27 15:22:01,27.58
2020-11-27 15:22:02,27.58
2020-11-27 15:22:03,27.96
2020-11-27 15:22:04,26.85
2020-11-27 15:22:05,26.85
2020-11-27 15:22:06,28.74
2020-11-27 15:22:07,30.0
2020-11-27 15:22:08,33.37
2020-11-27 15:22:09,34.47
2020-11-27 15:22:10,30.9
2020-11-27 15:22:11,30.45
2020-11-27 15:22:12,30.0
2020-11-27 15:22:13,29.15
2020-11-27 15:22:14,27.58
2020-11-27 15:22:15,25.16
2020-11-27 15:22:16,25.81
2020-11-27 15:22:17,25.16
2020-11-27 15:22:18,26.15
2020-11-27 15:22:19,25.81
2020-11-27 15:22:20,26.15
2020-11-27 15:22:21,26.85
2020-11-27 15:22:22,27.58
2020-11-27 15:22:23,27.21
2020-11-27 15:22:24,29.57
2020-11-27 15:22:25,28.74
2020-11-27 15:22:26,29.15
2020-11-27 15:22:27,
2020-11-27 15:22:28,
2020-11-27 15:22:29,27.58
2020-11-27 15:22:30,27.96
2020-11-27 15:22:31,27.21
2020-11-27 15:22:32,28.74
2020-11-27 15:22:33,27.96
2020-11-27 15:22:34,28.34
2020-11-27 15:22:35,27.58
2020-11-27 15:22:36,27.21
2020-11-27 15:22:37,29.15
2020-11-27 15:22:38,27.96
2020-11-27 15:22:39,29.15
2020-11-27 15:22:40,28.34
2020-11-27 15:22:41,26.85
2020-11-27 15:22:42,27.21
2020-11-27 15:22:43,26.85
2020-11-27 15:22:44,27.58
2020-11-27 15:22:45,27.58
2020-11-27 15:22:46,26.85
2020-11-27 15:22:47,26.85
2020-11-27 15:22:48,27.58
2020-11-27 15:22:49,26.85
2020-11-27 15:22:50,27.21
2020-11-27 15:22:51,26.15
2020-11-27 15:22:52,25.16
2020-11-27 15:22:53,25.16
2020-11-27 15:22:54,25.49
2020-11-27 15:22:55,25.81
2020-11-27 15:22:56,24.85
2020-11-27 15:22:57,25.81
2020-11-27 15:22:58,24.24
2020-11-27 15:22:59,23.95
2020-11-27 15:23:00,24.54
2020-11-27 15:23:01,23.95
2020-11-27 15:23:02,24.24
2020-11-27 15:23:03,24.24
2020-11-27 15:23:04,23.66
2020-11-27 15:23:05,23.11
2020-11-27 15:23:06,23.95
2020-11-27 15:23:07,23.11
2020-11-27 15:23:08,23.66
2020-11-27 15:23:09,23.66
2020-11-27 15:23:10,24.24
2020-11-27 15:23:11,25.16
2020-11-27 15:23:12,25.49
2020-11-27 15:23:13,25.16
2020-11-27 15:23:14,25.49
2020-11-27 15:23:15,25.49
2020-11-27 15:23:16,25.81
2020-11-27 15:23:17,25.16
2020-11-27 15:23:18,24.24
2020-11-27 15:23:19,24.24
2020-11-27 15:23:20,25.16
2020-11-27 15:23:21,24.24
2020-11-27 15:23:22,23.66
2020-11-27 15:23:23,23.95
2020-11-27 15:23:24,23.38
2020-11-27 15:23:25,21.57
2020-11-27 15:23:26,23.95
2020-11-27 15:23:27,23.66
2020-11-27 15:23:28,23.38
2020-11-27 15:23:29,23.11
2020-11-27 15:23:30,20.65
2020-11-27 15:23:31,21.1
2020-11-27 15:23:32,22.84
2020-11-27 15:23:33,22.57
2020-11-27 15:23:34,21.57
2020-11-27 15:23:35,21.82
2020-11-27 15:23:36,22.06
2020-11-27 15:23:37,23.11
2020-11-27 15:23:38,22.06
2020-11-27 15:23:39,22.32
2020-11-27 15:23:40,22.06
2020-11-27 15:23:41,21.82
2020-11-27 15:23:42,20.42
2020-11-27 15:23:43,20.65
2020-11-27 15:23:44,21.33
2020-11-27 15:23:45,20.21
2020-11-27 15:23:46,20.0
2020-11-27 15:23:47,20.42
2020-11-27 15:23:48,21.82
2020-11-27 15:23:49,21.82
2020-11-27 15:23:50,22.06
2020-11-27 15:23:51,22.06
2020-11-27 15:23:52,22.32
2020-11-27 15:23:53,23.11
2020-11-27 15:23:54,23.38
2020-11-27 15:23:55,22.84
2020-11-27 15:23:56,23.66
2020-11-27 15:23:57,23.66
2020-11-27 15:23:58,23.66
2020-11-27 15:23:59,23.66
2020-11-27 15:24:00,24.54
2020-11-27 15:24:01,25.16
2020-11-27 15:24:02,25.49
2020-11-27 15:24:03,26.49
2020-11-27 15:24:04,26.85
2020-11-27 15:24:05,27.96
2020-11-27 15:24:06,26.85
2020-11-27 15:24:07,27.96
2020-11-27 15:24:08,27.96
2020-11-27 15:24:09,27.96
2020-11-27 15:24:10,27.96
2020-11-27 15:24:11,26.49
2020-11-27 15:24:12,27.21
2020-11-27 15:24:13,27.96
2020-11-27 15:24:14,26.85
2020-11-27 15:24:15,25.16
2020-11-27 15:24:16,24.85
2020-11-27 15:24:17,8.57
2020-11-27 15:24:18,9.59
2020-11-27 15:24:19,9.47
2020-11-27 15:24:20,10.32
2020-11-27 15:24:21,11.45
2020-11-27 15:24:22,12.41
2020-11-27 15:24:23,14.67
2020-11-27 15:24:24,15.45
2020-11-27 15:24:25,16.59
2020-11-27 15:24:26,16.75
2020-11-27 15:24:27,15.45
2020-11-27 15:24:28,15.45
2020-11-27 15:24:29,22.06
2020-11-27 15:24:30,20.87
2020-11-27 15:24:31,20.0
2020-11-27 15:24:32,17.89
2020-11-27 15:24:33,18.99
2020-11-27 15:24:34,18.25
2020-11-27 15:24:35,18.07
2020-11-27 15:24:36,17.06
2020-11-27 15:24:37,17.72
2020-11-27 15:24:38,18.61
2020-11-27 15:24:39,18.61
2020-11-27 15:24:40,19.38
2020-11-27 15:24:41,21.33
2020-11-27 15:24:42,23.38
2020-11-27 15:24:43,22.84
2020-11-27 15:24:44,21.57
2020-11-27 15:24:45,22.06
2020-11-27 15:24:46,22.84
2020-11-27 15:24:47,22.57
2020-11-27 15:24:48,22.84
2020-11-27 15:24:49,24.54
2020-11-27 15:24:50,25.49
2020-11-27 15:24:51,25.16
2020-11-27 15:24:52,24.85
2020-11-27 15:24:53,25.16
2020-11-27 15:24:54,25.49
2020-11-27 15:24:55,25.49
2020-11-27 15:24:56,25.81
2020-11-27 15:24:57,26.49
2020-11-27 15:24:58,26.15
2020-11-27 15:24:59,26.85
2020-11-27 15:25:00,25.81
2020-11-27 15:25:01,26.15
2020-11-27 15:25:02,26.15
2020-11-27 15:25:03,24.85
2020-11-27 15:25:04,22.57
2020-11-27 15:25:05,22.32
2020-11-27 15:25:06,21.33
2020-11-27 15:25:07,19.58
2020-11-27 15:25:08,20.0
2020-11-27 15:25:09,20.21
2020-11-27 15:25:10,21.82
2020-11-27 15:25:11,23.11
2020-11-27 15:25:12,24.24
2020-11-27 15:25:13,24.54
2020-11-27 15:25:14,23.38
2020-11-27 15:25:15,23.66
2020-11-27 15:25:16,24.54
2020-11-27 15:25:17,22.84
2020-11-27 15:25:18,22.32
2020-11-27 15:25:19,22.06
2020-11-27 15:25:20,21.33
2020-11-27 15:25:21,20.87
2020-11-27 15:25:22,20.87
2020-11-27 15:25:23,20.87
2020-11-27 15:25:24,21.57
2020-11-27 15:25:25,20.0
2020-11-27 15:25:26,20.0
2020-11-27 15:25:27,20.42
2020-11-27 15:25:28,20.42
2020-11-27 15:25:29,21.57
2020-11-27 15:25:30,21.33
2020-11-27 15:25:31,21.1
2020-11-27 15:25:32,22.84
2020-11-27 15:25:33,22.32
2020-11-27 15:25:34,22.84
2020-11-27 15:25:35,23.38
2020-11-27 15:25:36,22.84
2020-11-27 15:25:37,24.85
2020-11-27 15:25:38,23.38
2020-11-27 15:25:39,
2020-11-27 15:25:40,
2020-11-27 15:25:41,
2020-11-27 15:25:42,
2020-11-27 15:25:43,
2020-11-27 15:25:44,
2020-11-27 15:25:45,
2020-11-27 15:25:46,76.49
2020-11-27 15:25:47,84.98
2020-11-27 15:25:48,
2020-11-27 15:25:49,
2020-11-27 15:25:50,
2020-11-27 15:25:51,
2020-11-27 15:25:52,
2020-11-27 15:25:53,
2020-11-27 15:25:54,
2020-11-27 15:25:55,
2020-11-27 15:25:56,
2020-11-27 15:25:57,
2020-11-27 15:25:58,
2020-11-27 15:25:59,
2020-11-27 15:26:00,
2020-11-27 15:26:01,
2020-11-27 15:26:02,
2020-11-27 15:26:03,
2020-11-27 15:26:04,
2020-11-27 15:26:05,
2020-11-27 15:26:06,
2020-11-27 15:26:07,
2020-11-27 15:26:08,
2020-11-27 15:26:09,
2020-11-27 15:26:10,61.89
2020-11-27 15:26:11,55.74
2020-11-27 15:26:12,57.16
2020-11-27 15:26:13,46.38
2020-11-27 15:26:14,44.49
2020-11-27 15:26:15,51.84
2020-11-27 15:26:16,48.43
2020-11-27 15:26:17,43.6
2020-11-27 15:26:18,38.89
2020-11-27 15:26:19,39.6
2020-11-27 15:26:20,46.38
