rtime,speed,ldws,lkas
2020-11-27 15:43:05,83,1,1
2020-11-27 15:43:06,85,1,1
2020-11-27 15:43:07,87,1,1
2020-11-27 15:43:08,89,1,1
2020-11-27 15:43:09,90,1,1
2020-11-27 15:43:10,91,1,1
2020-11-27 15:43:11,89,1,1
2020-11-27 15:43:12,89,1,1
2020-11-27 15:43:13,88,1,1
2020-11-27 15:43:14,88,1,1
2020-11-27 15:43:15,87,1,1
2020-11-27 15:43:16,87,1,1
2020-11-27 15:43:17,87,1,1
2020-11-27 15:43:18,87,1,1
2020-11-27 15:43:19,87,1,1
2020-11-27 15:43:20,87,1,1
2020-11-27 15:43:21,87,1,1
2020-11-27 15:43:22,88,1,1
2020-11-27 15:43:23,89,1,1
2020-11-27 15:43:24,89,1,1
2020-11-27 15:43:25,89,1,1
2020-11-27 15:43:26,90,1,1
2020-11-27 15:43:27,90,1,1
2020-11-27 15:43:28,91,1,1
2020-11-27 15:43:29,91,1,1
2020-11-27 15:43:30,92,1,1
2020-11-27 15:43:31,93,1,1
2020-11-27 15:43:32,94,1,1
2020-11-27 15:43:33,7,1,1
2020-11-27 15:43:34,97,1,1
2020-11-27 15:43:35,97,1,1
2020-11-27 15:43:36,99,1,1
2020-11-27 15:43:37,100,1,1
2020-11-27 15:43:38,101,1,1
2020-11-27 15:43:39,102,1,1
2020-11-27 15:43:40,103,1,1
2020-11-27 15:43:41,104,1,1
2020-11-27 15:43:42,105,1,1
2020-11-27 15:43:43,106,1,1
2020-11-27 15:43:44,106,1,1
2020-11-27 15:43:45,107,1,1
2020-11-27 15:43:46,107,1,1
2020-11-27 15:43:47,107,1,1
2020-11-27 15:43:48,107,1,1
2020-11-27 15:43:49,106,1,1
2020-11-27 15:43:50,106,1,1
2020-11-27 15:43:51,105,1,1
2020-11-27 15:43:52,105,1,1
2020-11-27 15:43:53,104,1,1
2020-11-27 15:43:54,103,1,1
2020-11-27 15:43:55,102,1,1
2020-11-27 15:43:56,100,1,1
2020-11-27 15:43:57,98,1,1
2020-11-27 15:43:58,96,1,1
2020-11-27 15:43:59,95,1,1
2020-11-27 15:44:00,94,1,1
2020-11-27 15:44:01,94,1,1
2020-11-27 15:44:02,94,1,1
2020-11-27 15:44:03,94,1,1
2020-11-27 15:44:04,94,1,1
2020-11-27 15:44:05,95,1,1
2020-11-27 15:44:06,97,1,1
2020-11-27 15:44:07,99,1,1
2020-11-27 15:44:08,101,1,1
2020-11-27 15:44:09,101,1,1
2020-11-27 15:44:10,101,1,1
2020-11-27 15:44:11,102,1,1
2020-11-27 15:44:12,103,1,1
2020-11-27 15:44:13,103,1,1
2020-11-27 15:44:14,104,1,1
2020-11-27 15:44:15,105,1,1
2020-11-27 15:44:16,105,1,1
2020-11-27 15:44:17,105,1,1
2020-11-27 15:44:18,105,1,1
2020-11-27 15:44:19,105,1,1
2020-11-27 15:44:20,105,1,1
2020-11-27 15:44:21,106,1,1
2020-11-27 15:44:22,106,1,1
2020-11-27 15:44:23,106,1,1
2020-11-27 15:44:24,106,1,1
2020-11-27 15:44:25,106,1,1
2020-11-27 15:44:26,106,1,1
2020-11-27 15:44:27,106,1,1
2020-11-27 15:44:28,107,1,1
2020-11-27 15:44:29,106,1,1
2020-11-27 15:44:30,106,1,1
2020-11-27 15:44:31,104,1,1
2020-11-27 15:44:32,101,1,1
2020-11-27 15:44:33,96,1,1
2020-11-27 15:44:34,94,1,1
2020-11-27 15:44:35,90,1,1
2020-11-27 15:44:36,89,1,1
2020-11-27 15:44:37,89,1,1
2020-11-27 15:44:38,88,1,1
2020-11-27 15:44:39,88,1,1
2020-11-27 15:44:40,88,1,1
2020-11-27 15:44:41,87,1,1
2020-11-27 15:44:42,86,1,1
2020-11-27 15:44:43,86,1,1
2020-11-27 15:44:44,86,1,1
2020-11-27 15:44:45,86,1,1
2020-11-27 15:44:46,87,1,1
2020-11-27 15:44:47,87,1,1
2020-11-27 15:44:48,88,1,1
2020-11-27 15:44:49,89,1,1
2020-11-27 15:44:50,90,1,1
2020-11-27 15:44:51,90,1,1
2020-11-27 15:44:52,91,1,1
2020-11-27 15:44:53,92,1,1
2020-11-27 15:44:54,92,1,1
2020-11-27 15:44:55,93,1,1
2020-11-27 15:44:56,93,1,1
2020-11-27 15:44:57,94,1,1
2020-11-27 15:44:58,95,1,1
2020-11-27 15:44:59,95,1,1
2020-11-27 15:45:00,95,1,1
2020-11-27 15:45:01,96,1,1
2020-11-27 15:45:02,96,1,1
2020-11-27 15:45:03,97,1,1
2020-11-27 15:45:04,97,1,1
2020-11-27 15:45:05,98,1,1
2020-11-27 15:45:06,98,1,1
2020-11-27 15:45:07,99,1,1
2020-11-27 15:45:08,100,1,1
2020-11-27 15:45:09,100,1,1
2020-11-27 15:45:10,101,1,1
2020-11-27 15:45:11,101,1,1
2020-11-27 15:45:12,101,1,1
2020-11-27 15:45:13,100,1,1
2020-11-27 15:45:14,100,1,1
2020-11-27 15:45:15,98,1,1
2020-11-27 15:45:16,97,1,1
2020-11-27 15:45:17,97,1,1
2020-11-27 15:45:18,96,1,1
2020-11-27 15:45:19,96,1,1
2020-11-27 15:45:20,96,1,1
2020-11-27 15:45:21,95,1,1
2020-11-27 15:45:22,94,1,1
2020-11-27 15:45:23,94,1,1
2020-11-27 15:45:24,95,1,1
2020-11-27 15:45:25,95,1,1
2020-11-27 15:45:26,95,1,1
2020-11-27 15:45:27,95,1,1
2020-11-27 15:45:28,94,1,1
2020-11-27 15:45:29,93,1,1
2020-11-27 15:45:30,90,1,1
2020-11-27 15:45:31,88,1,1
2020-11-27 15:45:32,86,1,1
2020-11-27 15:45:33,85,1,1
2020-11-27 15:45:34,84,1,1
2020-11-27 15:45:35,83,1,1
2020-11-27 15:45:36,83,1,1
2020-11-27 15:45:37,82,1,1
2020-11-27 15:45:38,83,1,1
2020-11-27 15:45:39,83,1,1
2020-11-27 15:45:40,85,1,1
2020-11-27 15:45:41,86,1,1
2020-11-27 15:45:42,87,1,1
2020-11-27 15:45:43,88,1,1
2020-11-27 15:45:44,89,1,1
2020-11-27 15:45:45,89,1,1
2020-11-27 15:45:46,90,1,1
2020-11-27 15:45:47,90,1,1
2020-11-27 15:45:48,91,1,1
2020-11-27 15:45:49,91,1,1
2020-11-27 15:45:50,92,1,1
2020-11-27 15:45:51,92,1,1
2020-11-27 15:45:52,93,1,1
2020-11-27 15:45:53,93,1,1
2020-11-27 15:45:54,94,1,1
2020-11-27 15:45:55,94,1,1
2020-11-27 15:45:56,95,1,1
2020-11-27 15:45:57,95,1,1
2020-11-27 15:45:58,96,1,1
2020-11-27 15:45:59,96,1,1
2020-11-27 15:46:00,97,1,1
2020-11-27 15:46:01,98,1,1
2020-11-27 15:46:02,98,1,1
2020-11-27 15:46:03,98,1,1
2020-11-27 15:46:04,99,1,1
2020-11-27 15:46:05,99,1,1
2020-11-27 15:46:06,99,1,1
2020-11-27 15:46:07,99,1,1
2020-11-27 15:46:08,98,1,1
2020-11-27 15:46:09,98,1,1
2020-11-27 15:46:10,97,1,1
2020-11-27 15:46:11,95,1,1
2020-11-27 15:46:12,93,1,1
2020-11-27 15:46:13,88,1,1
2020-11-27 15:46:14,83,1,1
2020-11-27 15:46:15,78,1,1
2020-11-27 15:46:16,74,1,1
2020-11-27 15:46:17,71,1,1
2020-11-27 15:46:18,68,1,1
2020-11-27 15:46:19,68,1,1
2020-11-27 15:46:20,67,1,1
2020-11-27 15:46:21,67,1,1
2020-11-27 15:46:22,68,1,1
2020-11-27 15:46:23,67,1,1
2020-11-27 15:46:24,67,1,1
2020-11-27 15:46:25,66,1,1
2020-11-27 15:46:26,64,1,1
2020-11-27 15:46:27,61,1,1
2020-11-27 15:46:28,55,1,1
2020-11-27 15:46:29,52,1,1
2020-11-27 15:46:30,48,1,1
2020-11-27 15:46:31,45,1,1
2020-11-27 15:46:32,44,1,1
2020-11-27 15:46:33,43,1,1
2020-11-27 15:46:34,43,1,1
2020-11-27 15:46:35,44,1,1
2020-11-27 15:46:36,45,1,1
2020-11-27 15:46:37,46,1,1
2020-11-27 15:46:38,48,1,1
2020-11-27 15:46:39,50,1,1
2020-11-27 15:46:40,51,1,1
2020-11-27 15:46:41,53,1,1
2020-11-27 15:46:42,54,1,1
2020-11-27 15:46:43,55,1,1
2020-11-27 15:46:44,56,1,1
2020-11-27 15:46:45,57,1,1
2020-11-27 15:46:46,58,1,1
2020-11-27 15:46:47,59,1,1
2020-11-27 15:46:48,60,1,1
2020-11-27 15:46:49,61,1,1
2020-11-27 15:46:50,61,1,1
2020-11-27 15:46:51,60,1,1
2020-11-27 15:46:52,59,1,1
2020-11-27 15:46:53,58,1,1
2020-11-27 15:46:54,58,1,1
2020-11-27 15:46:55,58,1,1
2020-11-27 15:46:56,58,1,1
2020-11-27 15:46:57,57,1,1
2020-11-27 15:46:58,57,1,1
2020-11-27 15:46:59,57,1,1
2020-11-27 15:47:00,56,1,1
2020-11-27 15:47:01,56,1,1
2020-11-27 15:47:02,56,1,1
2020-11-27 15:47:03,56,1,1
2020-11-27 15:47:04,56,1,1
2020-11-27 15:47:05,56,1,1
2020-11-27 15:47:06,56,1,1
2020-11-27 15:47:07,56,1,1
2020-11-27 15:47:08,56,1,1
2020-11-27 15:47:09,56,1,1
2020-11-27 15:47:10,56,1,1
2020-11-27 15:47:11,56,1,1
2020-11-27 15:47:12,56,1,1
2020-11-27 15:47:13,56,1,1
2020-11-27 15:47:14,55,1,1
2020-11-27 15:47:15,54,1,1
2020-11-27 15:47:16,52,1,1
2020-11-27 15:47:17,51,1,1
2020-11-27 15:47:18,49,1,1
2020-11-27 15:47:19,39,1,1
2020-11-27 15:47:20,33,1,1
2020-11-27 15:47:21,26,1,1
2020-11-27 15:47:22,23,1,1
2020-11-27 15:47:23,22,1,1
2020-11-27 15:47:24,18,1,1
2020-11-27 15:47:25,15,1,1
2020-11-27 15:47:26,12,1,1
2020-11-27 15:47:27,11,1,1
2020-11-27 15:47:28,10,1,1
2020-11-27 15:47:29,9,1,1
2020-11-27 15:47:30,9,1,1
2020-11-27 15:47:31,12,1,1
2020-11-27 15:47:32,14,1,1
2020-11-27 15:47:33,15,1,1
2020-11-27 15:47:34,17,1,1
2020-11-27 15:47:35,16,1,1
2020-11-27 15:47:36,15,1,1
2020-11-27 15:47:37,15,1,1
2020-11-27 15:47:38,15,1,1
2020-11-27 15:47:39,19,1,1
2020-11-27 15:47:40,20,1,1
2020-11-27 15:47:41,20,1,1
2020-11-27 15:47:42,19,1,1
2020-11-27 15:47:43,19,1,1
2020-11-27 15:47:44,19,1,1
2020-11-27 15:47:45,21,1,1
2020-11-27 15:47:46,24,1,1
2020-11-27 15:47:47,27,1,1
2020-11-27 15:47:48,28,1,1
2020-11-27 15:47:49,28,1,1
2020-11-27 15:47:50,27,1,1
2020-11-27 15:47:51,26,1,1
2020-11-27 15:47:52,26,1,1
2020-11-27 15:47:53,25,1,1
2020-11-27 15:47:54,24,1,1
2020-11-27 15:47:55,22,1,1
2020-11-27 15:47:56,10,1,1
2020-11-27 15:47:57,5,1,1
2020-11-27 15:47:58,1,1,1
2020-11-27 15:47:59,0,1,1
2020-11-27 15:48:00,0,1,1
2020-11-27 15:48:01,0,1,1
2020-11-27 15:48:02,0,1,1
2020-11-27 15:48:03,0,1,1
2020-11-27 15:48:04,0,1,1
2020-11-27 15:48:05,0,1,1
2020-11-27 15:48:06,0,1,1
2020-11-27 15:48:07,0,1,1
2020-11-27 15:48:08,0,1,1
2020-11-27 15:48:09,0,1,1
2020-11-27 15:48:10,0,1,1
2020-11-27 15:48:11,0,1,1
2020-11-27 15:48:12,0,1,1
2020-11-27 15:48:13,9,1,1
2020-11-27 15:48:14,3,1,1
2020-11-27 15:48:15,8,1,1
2020-11-27 15:48:16,14,1,1
2020-11-27 15:48:17,16,1,1
2020-11-27 15:48:18,17,1,1
2020-11-27 15:48:19,10,1,1
2020-11-27 15:48:20,12,1,1
2020-11-27 15:48:21,9,1,1
2020-11-27 15:48:22,8,1,1
2020-11-27 15:48:23,8,1,1
2020-11-27 15:48:24,9,1,1
2020-11-27 15:48:25,10,1,1
2020-11-27 15:48:26,17,1,1
2020-11-27 15:48:27,20,1,1
2020-11-27 15:48:28,23,1,1
2020-11-27 15:48:29,24,1,1
2020-11-27 15:48:30,26,1,1
2020-11-27 15:48:31,28,1,1
2020-11-27 15:48:32,29,1,1
2020-11-27 15:48:33,31,1,1
2020-11-27 15:48:34,32,1,1
2020-11-27 15:48:35,33,1,1
2020-11-27 15:48:36,35,1,1
2020-11-27 15:48:37,37,1,1
2020-11-27 15:48:38,40,1,1
2020-11-27 15:48:39,41,1,1
2020-11-27 15:48:40,43,1,1
2020-11-27 15:48:41,45,1,1
2020-11-27 15:48:42,46,1,1
2020-11-27 15:48:43,49,1,1
2020-11-27 15:48:44,50,1,1
2020-11-27 15:48:45,50,1,1
2020-11-27 15:48:46,52,1,1
2020-11-27 15:48:47,52,1,1
2020-11-27 15:48:48,53,1,1
2020-11-27 15:48:49,53,1,1
2020-11-27 15:48:50,52,1,1
2020-11-27 15:48:51,50,1,1
2020-11-27 15:48:52,49,1,1
2020-11-27 15:48:53,49,1,1
2020-11-27 15:48:54,49,1,1
2020-11-27 15:48:55,49,1,1
2020-11-27 15:48:56,49,1,1
2020-11-27 15:48:57,49,1,1
2020-11-27 15:48:58,49,1,1
2020-11-27 15:48:59,49,1,1
2020-11-27 15:49:00,48,1,1
2020-11-27 15:49:01,47,1,1
2020-11-27 15:49:02,45,1,1
2020-11-27 15:49:03,40,1,1
2020-11-27 15:49:04,39,1,1
2020-11-27 15:49:05,37,1,1
2020-11-27 15:49:06,35,1,1
2020-11-27 15:49:07,34,1,1
2020-11-27 15:49:08,31,1,1
2020-11-27 15:49:09,28,1,1
2020-11-27 15:49:10,27,1,1
2020-11-27 15:49:11,24,1,1
2020-11-27 15:49:12,28,1,1
2020-11-27 15:49:13,23,1,1
2020-11-27 15:49:14,23,1,1
2020-11-27 15:49:15,23,1,1
2020-11-27 15:49:16,24,1,1
2020-11-27 15:49:17,25,1,1
2020-11-27 15:49:18,26,1,1
2020-11-27 15:49:19,26,1,1
2020-11-27 15:49:20,26,1,1
2020-11-27 15:49:21,26,1,1
2020-11-27 15:49:22,27,1,1
2020-11-27 15:49:23,30,1,1
2020-11-27 15:49:24,33,1,1
2020-11-27 15:49:25,35,1,1
2020-11-27 15:49:26,37,1,1
2020-11-27 15:49:27,38,1,1
2020-11-27 15:49:28,38,1,1
2020-11-27 15:49:29,38,1,1
2020-11-27 15:49:30,38,1,1
2020-11-27 15:49:31,37,1,1
2020-11-27 15:49:32,36,1,1
2020-11-27 15:49:33,34,1,0
2020-11-27 15:49:34,33,1,1
2020-11-27 15:49:35,32,1,1
2020-11-27 15:49:36,30,1,0
2020-11-27 15:49:37,28,1,1
2020-11-27 15:49:38,27,1,0
2020-11-27 15:49:39,25,1,1
2020-11-27 15:49:40,25,1,1
2020-11-27 15:49:41,27,1,1
2020-11-27 15:49:42,30,1,1
2020-11-27 15:49:43,33,1,1
2020-11-27 15:49:44,36,1,1
2020-11-27 15:49:45,37,1,1
2020-11-27 15:49:46,37,1,1
2020-11-27 15:49:47,37,1,1
2020-11-27 15:49:48,36,1,1
2020-11-27 15:49:49,35,1,1
2020-11-27 15:49:50,34,1,1
2020-11-27 15:49:51,32,1,1
2020-11-27 15:49:52,32,1,1
2020-11-27 15:49:53,32,1,1
2020-11-27 15:49:54,32,1,1
2020-11-27 15:49:55,32,1,1
2020-11-27 15:49:56,32,1,1
2020-11-27 15:49:57,34,1,1
2020-11-27 15:49:58,35,1,1
2020-11-27 15:49:59,37,1,1
2020-11-27 15:50:00,38,1,1
2020-11-27 15:50:01,40,1,1
2020-11-27 15:50:02,42,1,1
2020-11-27 15:50:03,43,1,1
2020-11-27 15:50:04,44,1,1
2020-11-27 15:50:05,45,1,1
2020-11-27 15:50:06,46,1,1
2020-11-27 15:50:07,46,1,1
2020-11-27 15:50:08,46,1,1
2020-11-27 15:50:09,45,1,1
2020-11-27 15:50:10,45,1,1
2020-11-27 15:50:11,46,1,1
2020-11-27 15:50:12,47,1,1
2020-11-27 15:50:13,49,1,1
2020-11-27 15:50:14,49,1,1
2020-11-27 15:50:15,49,1,1
2020-11-27 15:50:16,49,1,1
2020-11-27 15:50:17,48,1,1
2020-11-27 15:50:18,47,1,1
2020-11-27 15:50:19,46,1,1
2020-11-27 15:50:20,45,1,1
2020-11-27 15:50:21,43,1,1
2020-11-27 15:50:22,42,1,1
2020-11-27 15:50:23,41,1,1
2020-11-27 15:50:24,40,1,1
2020-11-27 15:50:25,40,1,1
2020-11-27 15:50:26,41,1,1
2020-11-27 15:50:27,41,1,1
2020-11-27 15:50:28,41,1,1
2020-11-27 15:50:29,40,1,1
2020-11-27 15:50:30,39,1,1
2020-11-27 15:50:31,37,1,1
2020-11-27 15:50:32,36,1,1
2020-11-27 15:50:33,32,1,1
2020-11-27 15:50:34,30,1,1
2020-11-27 15:50:35,28,1,1
2020-11-27 15:50:36,26,1,1
2020-11-27 15:50:37,26,1,1
2020-11-27 15:50:38,26,1,1
2020-11-27 15:50:39,27,1,1
2020-11-27 15:50:40,27,1,1
2020-11-27 15:50:41,27,1,1
2020-11-27 15:50:42,27,1,1
2020-11-27 15:50:43,26,1,1
2020-11-27 15:50:44,25,1,1
2020-11-27 15:50:45,24,1,1
2020-11-27 15:50:46,21,1,1
2020-11-27 15:50:47,13,1,1
2020-11-27 15:50:48,5,1,1
2020-11-27 15:50:49,3,1,1
2020-11-27 15:50:50,1,1,1
2020-11-27 15:50:51,0,1,1
2020-11-27 15:50:52,0,1,1
2020-11-27 15:50:53,0,1,1
2020-11-27 15:50:54,1,1,1
2020-11-27 15:50:55,4,1,1
2020-11-27 15:50:56,10,1,1
2020-11-27 15:50:57,12,1,1
2020-11-27 15:50:58,14,1,1
2020-11-27 15:50:59,18,1,1
2020-11-27 15:51:00,20,1,1
2020-11-27 15:51:01,25,1,1
2020-11-27 15:51:02,26,1,1
2020-11-27 15:51:03,27,1,1
2020-11-27 15:51:04,26,1,1
2020-11-27 15:51:05,25,1,1
2020-11-27 15:51:06,25,1,1
2020-11-27 15:51:07,26,1,1
2020-11-27 15:51:08,27,1,1
2020-11-27 15:51:09,26,1,1
2020-11-27 15:51:10,24,1,1
2020-11-27 15:51:11,18,1,1
2020-11-27 15:51:12,13,1,1
2020-11-27 15:51:13,9,1,0
2020-11-27 15:51:14,6,1,0
2020-11-27 15:51:15,4,1,0
2020-11-27 15:51:16,2,1,1
2020-11-27 15:51:17,3,1,1
2020-11-27 15:51:18,4,1,1
2020-11-27 15:51:19,5,1,1
2020-11-27 15:51:20,10,1,1
2020-11-27 15:51:21,16,1,1
2020-11-27 15:51:22,19,1,1
2020-11-27 15:51:23,22,1,1
2020-11-27 15:51:24,25,1,1
2020-11-27 15:51:25,26,1,1
2020-11-27 15:51:26,29,1,1
2020-11-27 15:51:27,30,1,1
2020-11-27 15:51:28,30,1,1
2020-11-27 15:51:29,30,1,1
2020-11-27 15:51:30,29,1,1
2020-11-27 15:51:31,29,1,1
2020-11-27 15:51:32,30,1,1
2020-11-27 15:51:33,30,1,1
2020-11-27 15:51:34,32,1,1
2020-11-27 15:51:35,34,1,1
2020-11-27 15:51:36,38,1,1
2020-11-27 15:51:37,41,1,1
2020-11-27 15:51:38,42,1,1
2020-11-27 15:51:39,43,1,1
2020-11-27 15:51:40,43,1,1
2020-11-27 15:51:41,44,1,1
2020-11-27 15:51:42,46,1,1
2020-11-27 15:51:43,47,1,1
2020-11-27 15:51:44,48,1,1
2020-11-27 15:51:45,49,1,1
2020-11-27 15:51:46,49,1,1
2020-11-27 15:51:47,50,1,1
2020-11-27 15:51:48,50,1,1
2020-11-27 15:51:49,49,1,1
2020-11-27 15:51:50,49,1,1
2020-11-27 15:51:51,49,1,1
2020-11-27 15:51:52,49,1,1
2020-11-27 15:51:53,49,1,1
2020-11-27 15:51:54,48,1,1
2020-11-27 15:51:55,47,1,1
2020-11-27 15:51:56,46,1,1
2020-11-27 15:51:57,43,1,1
2020-11-27 15:51:58,41,1,1
2020-11-27 15:51:59,39,1,1
2020-11-27 15:52:00,39,1,1
2020-11-27 15:52:01,39,1,1
2020-11-27 15:52:02,39,1,1
2020-11-27 15:52:03,39,1,1
2020-11-27 15:52:04,39,1,1
2020-11-27 15:52:05,39,1,1
2020-11-27 15:52:06,40,1,1
2020-11-27 15:52:07,40,1,1
2020-11-27 15:52:08,38,1,1
2020-11-27 15:52:09,35,1,1
2020-11-27 15:52:10,31,1,1
2020-11-27 15:52:11,27,1,1
2020-11-27 15:52:12,26,1,1
2020-11-27 15:52:13,26,1,1
2020-11-27 15:52:14,27,1,1
2020-11-27 15:52:15,28,1,1
2020-11-27 15:52:16,30,1,1
2020-11-27 15:52:17,29,1,1
2020-11-27 15:52:18,26,1,1
2020-11-27 15:52:19,22,1,1
2020-11-27 15:52:20,19,1,1
2020-11-27 15:52:21,16,1,1
2020-11-27 15:52:22,15,1,1
2020-11-27 15:52:23,14,1,1
2020-11-27 15:52:24,14,1,1
2020-11-27 15:52:25,14,1,1
2020-11-27 15:52:26,14,1,1
2020-11-27 15:52:27,14,1,1
2020-11-27 15:52:28,13,1,1
2020-11-27 15:52:29,17,1,1
2020-11-27 15:52:30,22,1,1
2020-11-27 15:52:31,28,1,1
2020-11-27 15:52:32,29,1,1
2020-11-27 15:52:33,29,1,1
2020-11-27 15:52:34,29,1,1
2020-11-27 15:52:35,28,1,1
2020-11-27 15:52:36,27,1,1
2020-11-27 15:52:37,27,1,1
2020-11-27 15:52:38,27,1,1
2020-11-27 15:52:39,28,1,1
2020-11-27 15:52:40,29,1,1
2020-11-27 15:52:41,30,1,1
2020-11-27 15:52:42,26,1,1
2020-11-27 15:52:43,16,1,1
2020-11-27 15:52:44,7,1,1
2020-11-27 15:52:45,2,1,1
2020-11-27 15:52:46,0,1,1
2020-11-27 15:52:47,0,1,1
2020-11-27 15:52:48,0,1,1
2020-11-27 15:52:49,0,1,1
2020-11-27 15:52:50,0,1,1
2020-11-27 15:52:51,0,1,1
2020-11-27 15:52:52,0,1,1
2020-11-27 15:52:53,7,1,1
2020-11-27 15:52:54,11,1,1
2020-11-27 15:52:55,16,1,1
2020-11-27 15:52:56,21,1,1
2020-11-27 15:52:57,25,1,1
2020-11-27 15:52:58,30,1,1
2020-11-27 15:52:59,32,1,1
2020-11-27 15:53:00,34,1,1
2020-11-27 15:53:01,37,1,1
2020-11-27 15:53:02,38,1,1
2020-11-27 15:53:03,39,1,1
2020-11-27 15:53:04,37,1,1
2020-11-27 15:53:05,36,1,1
2020-11-27 15:53:06,34,1,1
2020-11-27 15:53:07,33,1,1
2020-11-27 15:53:08,32,1,1
2020-11-27 15:53:09,31,1,1
2020-11-27 15:53:10,30,1,1
2020-11-27 15:53:11,29,1,1
2020-11-27 15:53:12,28,1,1
2020-11-27 15:53:13,27,1,1
2020-11-27 15:53:14,26,1,1
2020-11-27 15:53:15,26,1,1
2020-11-27 15:53:16,29,1,1
2020-11-27 15:53:17,31,1,1
2020-11-27 15:53:18,30,1,1
2020-11-27 15:53:19,26,1,1
2020-11-27 15:53:20,17,1,1
2020-11-27 15:53:21,4,1,0
2020-11-27 15:53:22,0,1,0
2020-11-27 15:53:23,0,1,0
2020-11-27 15:53:24,0,1,0
2020-11-27 15:53:25,0,1,0
2020-11-27 15:53:26,0,1,0
2020-11-27 15:53:27,0,1,0
2020-11-27 15:53:28,0,1,0
2020-11-27 15:53:29,0,1,0
2020-11-27 15:53:30,1,1,1
2020-11-27 15:53:31,13,1,1
2020-11-27 15:53:32,18,1,1
2020-11-27 15:53:33,23,1,1
2020-11-27 15:53:34,26,1,1
2020-11-27 15:53:35,28,1,1
2020-11-27 15:53:36,29,1,1
2020-11-27 15:53:37,29,1,1
2020-11-27 15:53:38,27,1,1
2020-11-27 15:53:39,26,1,1
2020-11-27 15:53:40,25,1,1
2020-11-27 15:53:41,24,1,1
2020-11-27 15:53:42,25,1,1
2020-11-27 15:53:43,28,1,1
2020-11-27 15:53:44,30,1,1
2020-11-27 15:53:45,30,1,1
2020-11-27 15:53:46,29,1,1
2020-11-27 15:53:47,28,1,1
2020-11-27 15:53:48,27,1,1
2020-11-27 15:53:49,27,1,1
2020-11-27 15:53:50,27,1,1
2020-11-27 15:53:51,27,1,1
2020-11-27 15:53:52,27,1,1
2020-11-27 15:53:53,28,1,1
2020-11-27 15:53:54,30,1,1
2020-11-27 15:53:55,33,1,1
2020-11-27 15:53:56,38,1,1
2020-11-27 15:53:57,41,1,1
2020-11-27 15:53:58,42,1,1
2020-11-27 15:53:59,43,1,1
2020-11-27 15:54:00,43,1,1
2020-11-27 15:54:01,42,1,1
2020-11-27 15:54:02,38,1,1
2020-11-27 15:54:03,30,1,1
2020-11-27 15:54:04,26,1,1
2020-11-27 15:54:05,23,1,1
2020-11-27 15:54:06,22,1,1
2020-11-27 15:54:07,23,1,1
2020-11-27 15:54:08,24,1,1
2020-11-27 15:54:09,25,1,1
2020-11-27 15:54:10,25,1,1
2020-11-27 15:54:11,23,1,1
2020-11-27 15:54:12,21,1,1
2020-11-27 15:54:13,19,1,1
2020-11-27 15:54:14,20,1,1
2020-11-27 15:54:15,20,1,1
2020-11-27 15:54:16,23,1,1
2020-11-27 15:54:17,26,1,1
2020-11-27 15:54:18,30,1,1
2020-11-27 15:54:19,35,1,1
2020-11-27 15:54:20,38,1,1
2020-11-27 15:54:21,40,1,1
2020-11-27 15:54:22,41,1,1
2020-11-27 15:54:23,41,1,1
2020-11-27 15:54:24,41,1,1
2020-11-27 15:54:25,43,1,1
2020-11-27 15:54:26,47,1,1
2020-11-27 15:54:27,48,1,1
2020-11-27 15:54:28,50,1,1
2020-11-27 15:54:29,52,1,1
2020-11-27 15:54:30,3,1,1
2020-11-27 15:54:31,54,1,1
2020-11-27 15:54:32,55,1,1
2020-11-27 15:54:33,56,1,1
2020-11-27 15:54:34,55,1,1
2020-11-27 15:54:35,51,1,1
2020-11-27 15:54:36,43,1,1
2020-11-27 15:54:37,36,1,1
2020-11-27 15:54:38,29,1,1
2020-11-27 15:54:39,25,1,1
2020-11-27 15:54:40,23,1,1
2020-11-27 15:54:41,21,1,1
2020-11-27 15:54:42,21,1,1
2020-11-27 15:54:43,22,1,1
2020-11-27 15:54:44,23,1,1
2020-11-27 15:54:45,23,1,1
2020-11-27 15:54:46,28,1,1
2020-11-27 15:54:47,31,1,1
2020-11-27 15:54:48,36,1,1
2020-11-27 15:54:49,37,1,1
2020-11-27 15:54:50,38,1,1
2020-11-27 15:54:51,39,1,1
2020-11-27 15:54:52,39,1,1
2020-11-27 15:54:53,40,1,1
2020-11-27 15:54:54,41,1,1
2020-11-27 15:54:55,41,1,1
2020-11-27 15:54:56,42,1,1
2020-11-27 15:54:57,43,1,1
2020-11-27 15:54:58,42,1,1
2020-11-27 15:54:59,41,1,1
2020-11-27 15:55:00,38,1,1
2020-11-27 15:55:01,31,1,1
2020-11-27 15:55:02,27,1,1
2020-11-27 15:55:03,23,1,1
2020-11-27 15:55:04,22,1,1
2020-11-27 15:55:05,22,1,1
2020-11-27 15:55:06,22,1,1
2020-11-27 15:55:07,21,1,1
2020-11-27 15:55:08,17,1,1
2020-11-27 15:55:09,16,1,1
2020-11-27 15:55:10,16,1,1
2020-11-27 15:55:11,19,1,1
2020-11-27 15:55:12,25,1,1
2020-11-27 15:55:13,30,1,1
2020-11-27 15:55:14,31,1,1
2020-11-27 15:55:15,32,1,1
2020-11-27 15:55:16,31,1,1
2020-11-27 15:55:17,30,1,1
2020-11-27 15:55:18,30,1,1
2020-11-27 15:55:19,30,1,1
2020-11-27 15:55:20,32,1,1
2020-11-27 15:55:21,33,1,1
2020-11-27 15:55:22,32,1,1
2020-11-27 15:55:23,31,1,1
2020-11-27 15:55:24,28,1,1
2020-11-27 15:55:25,24,1,1
2020-11-27 15:55:26,21,1,1
2020-11-27 15:55:27,19,1,1
2020-11-27 15:55:28,18,1,1
2020-11-27 15:55:29,19,1,1
2020-11-27 15:55:30,19,1,1
2020-11-27 15:55:31,20,1,1
2020-11-27 15:55:32,20,1,1
2020-11-27 15:55:33,20,1,1
2020-11-27 15:55:34,21,1,1
2020-11-27 15:55:35,23,1,1
2020-11-27 15:55:36,29,1,1
2020-11-27 15:55:37,32,1,1
2020-11-27 15:55:38,35,1,1
2020-11-27 15:55:39,38,1,1
2020-11-27 15:55:40,42,1,1
2020-11-27 15:55:41,44,1,1
2020-11-27 15:55:42,46,1,1
2020-11-27 15:55:43,47,1,1
2020-11-27 15:55:44,48,1,1
2020-11-27 15:55:45,50,1,1
2020-11-27 15:55:46,51,1,1
2020-11-27 15:55:47,50,1,1
2020-11-27 15:55:48,48,1,1
2020-11-27 15:55:49,47,1,1
2020-11-27 15:55:50,46,1,1
2020-11-27 15:55:51,45,1,1
2020-11-27 15:55:52,44,1,0
2020-11-27 15:55:53,45,1,1
2020-11-27 15:55:54,47,1,1
2020-11-27 15:55:55,49,1,1
2020-11-27 15:55:56,50,1,1
2020-11-27 15:55:57,50,1,1
2020-11-27 15:55:58,50,1,1
2020-11-27 15:55:59,50,1,1
2020-11-27 15:56:00,51,1,1
2020-11-27 15:56:01,55,1,1
2020-11-27 15:56:02,58,1,1
2020-11-27 15:56:03,60,1,1
2020-11-27 15:56:04,60,1,1
2020-11-27 15:56:05,60,1,1
2020-11-27 15:56:06,59,1,1
2020-11-27 15:56:07,58,1,1
2020-11-27 15:56:08,58,1,1
2020-11-27 15:56:09,59,1,1
2020-11-27 15:56:10,61,1,1
2020-11-27 15:56:11,63,1,1
2020-11-27 15:56:12,65,1,1
2020-11-27 15:56:13,67,1,1
2020-11-27 15:56:14,68,1,1
2020-11-27 15:56:15,69,1,1
2020-11-27 15:56:16,70,1,1
2020-11-27 15:56:17,70,1,1
2020-11-27 15:56:18,72,1,1
2020-11-27 15:56:19,72,1,1
2020-11-27 15:56:20,73,1,1
2020-11-27 15:56:21,73,1,1
2020-11-27 15:56:22,73,1,1
2020-11-27 15:56:23,73,1,1
2020-11-27 15:56:24,73,1,1
2020-11-27 15:56:25,73,1,1
2020-11-27 15:56:26,73,1,1
2020-11-27 15:56:27,74,1,1
2020-11-27 15:56:28,74,1,1
2020-11-27 15:56:29,74,1,1
2020-11-27 15:56:30,75,1,1
2020-11-27 15:56:31,76,1,1
2020-11-27 15:56:32,77,1,1
2020-11-27 15:56:33,78,1,1
2020-11-27 15:56:34,80,1,1
2020-11-27 15:56:35,80,1,1
2020-11-27 15:56:36,82,1,1
2020-11-27 15:56:37,83,1,1
2020-11-27 15:56:38,85,1,1
2020-11-27 15:56:39,86,1,1
2020-11-27 15:56:40,88,1,1
2020-11-27 15:56:41,91,1,1
2020-11-27 15:56:42,92,1,1
2020-11-27 15:56:43,94,1,1
2020-11-27 15:56:44,95,1,1
2020-11-27 15:56:45,97,1,1
2020-11-27 15:56:46,98,1,1
2020-11-27 15:56:47,99,1,1
2020-11-27 15:56:48,101,1,1
2020-11-27 15:56:49,102,1,1
2020-11-27 15:56:50,103,1,1
2020-11-27 15:56:51,104,1,1
2020-11-27 15:56:52,105,1,1
2020-11-27 15:56:53,106,1,1
2020-11-27 15:56:54,106,1,1
2020-11-27 15:56:55,106,1,1
2020-11-27 15:56:56,106,1,1
2020-11-27 15:56:57,106,1,1
2020-11-27 15:56:58,105,1,1
2020-11-27 15:56:59,103,1,1
2020-11-27 15:57:00,98,1,1
2020-11-27 15:57:01,88,1,1
2020-11-27 15:57:02,82,1,1
2020-11-27 15:57:03,78,1,1
2020-11-27 15:57:04,66,1,1
2020-11-27 15:57:05,62,1,1
2020-11-27 15:57:06,58,1,1
2020-11-27 15:57:07,55,1,1
2020-11-27 15:57:08,54,1,1
2020-11-27 15:57:09,52,1,1
2020-11-27 15:57:10,46,1,1
2020-11-27 15:57:11,40,1,1
2020-11-27 15:57:12,31,1,1
2020-11-27 15:57:13,25,1,1
2020-11-27 15:57:14,20,1,1
2020-11-27 15:57:15,17,1,1
2020-11-27 15:57:16,14,1,1
2020-11-27 15:57:17,13,1,1
2020-11-27 15:57:18,12,1,1
2020-11-27 15:57:19,12,1,1
2020-11-27 15:57:20,13,1,1
2020-11-27 15:57:21,19,1,1
2020-11-27 15:57:22,23,1,1
2020-11-27 15:57:23,27,1,1
2020-11-27 15:57:24,31,1,1
2020-11-27 15:57:25,33,1,1
2020-11-27 15:57:26,36,1,1
2020-11-27 15:57:27,37,1,1
2020-11-27 15:57:28,37,1,1
2020-11-27 15:57:29,37,1,1
2020-11-27 15:57:30,37,1,1
2020-11-27 15:57:31,34,1,1
2020-11-27 15:57:32,31,1,1
2020-11-27 15:57:33,38,1,1
2020-11-27 15:57:34,27,1,1
2020-11-27 15:57:35,25,1,1
2020-11-27 15:57:36,22,1,1
2020-11-27 15:57:37,21,1,1
2020-11-27 15:57:38,20,1,1
2020-11-27 15:57:39,20,1,1
2020-11-27 15:57:40,23,1,1
2020-11-27 15:57:41,28,1,1
2020-11-27 15:57:42,32,1,1
2020-11-27 15:57:43,34,1,1
2020-11-27 15:57:44,35,1,1
2020-11-27 15:57:45,37,1,1
2020-11-27 15:57:46,40,1,1
2020-11-27 15:57:47,41,1,1
2020-11-27 15:57:48,41,1,1
2020-11-27 15:57:49,41,1,1
2020-11-27 15:57:50,40,1,1
2020-11-27 15:57:51,40,1,1
2020-11-27 15:57:52,39,1,1
2020-11-27 15:57:53,38,1,1
2020-11-27 15:57:54,33,1,1
2020-11-27 15:57:55,29,1,1
2020-11-27 15:57:56,24,1,1
2020-11-27 15:57:57,21,1,1
2020-11-27 15:57:58,19,1,1
2020-11-27 15:57:59,17,1,1
2020-11-27 15:58:00,17,1,1
2020-11-27 15:58:01,17,1,1
2020-11-27 15:58:02,17,1,1
2020-11-27 15:58:03,18,1,1
2020-11-27 15:58:04,19,1,1
2020-11-27 15:58:05,20,1,1
2020-11-27 15:58:06,21,1,1
2020-11-27 15:58:07,21,1,1
2020-11-27 15:58:08,21,1,1
2020-11-27 15:58:09,22,1,1
2020-11-27 15:58:10,22,1,1
2020-11-27 15:58:11,22,1,1
2020-11-27 15:58:12,21,1,1
2020-11-27 15:58:13,20,1,1
2020-11-27 15:58:14,20,1,1
2020-11-27 15:58:15,20,1,1
2020-11-27 15:58:16,19,1,1
2020-11-27 15:58:17,17,1,1
2020-11-27 15:58:18,17,1,1
2020-11-27 15:58:19,18,1,1
2020-11-27 15:58:20,20,1,1
2020-11-27 15:58:21,26,1,1
2020-11-27 15:58:22,29,1,1
2020-11-27 15:58:23,30,1,1
2020-11-27 15:58:24,30,1,1
2020-11-27 15:58:25,30,1,1
2020-11-27 15:58:26,30,1,1
2020-11-27 15:58:27,30,1,1
2020-11-27 15:58:28,31,1,1
2020-11-27 15:58:29,32,1,1
2020-11-27 15:58:30,32,1,1
2020-11-27 15:58:31,32,1,1
2020-11-27 15:58:32,32,1,1
2020-11-27 15:58:33,31,1,1
2020-11-27 15:58:34,31,1,1
2020-11-27 15:58:35,30,1,1
2020-11-27 15:58:36,29,1,1
2020-11-27 15:58:37,29,1,1
2020-11-27 15:58:38,29,1,1
2020-11-27 15:58:39,29,1,1
2020-11-27 15:58:40,29,1,1
2020-11-27 15:58:41,29,1,1
2020-11-27 15:58:42,29,1,1
2020-11-27 15:58:43,29,1,1
2020-11-27 15:58:44,29,1,1
2020-11-27 15:58:45,30,1,1
2020-11-27 15:58:46,31,1,1
2020-11-27 15:58:47,31,1,1
2020-11-27 15:58:48,30,1,1
2020-11-27 15:58:49,29,1,1
2020-11-27 15:58:50,27,1,1
2020-11-27 15:58:51,26,1,1
2020-11-27 15:58:52,25,1,1
2020-11-27 15:58:53,24,1,1
2020-11-27 15:58:54,23,1,1
2020-11-27 15:58:55,21,1,1
2020-11-27 15:58:56,20,1,1
2020-11-27 15:58:57,19,1,1
2020-11-27 15:58:58,20,1,1
2020-11-27 15:58:59,23,1,1
2020-11-27 15:59:00,26,1,1
2020-11-27 15:59:01,29,1,1
2020-11-27 15:59:02,32,1,1
2020-11-27 15:59:03,32,1,1
2020-11-27 15:59:04,33,1,1
2020-11-27 15:59:05,33,1,1
2020-11-27 15:59:06,32,1,1
2020-11-27 15:59:07,31,1,1
2020-11-27 15:59:08,30,1,1
2020-11-27 15:59:09,29,1,1
2020-11-27 15:59:10,29,1,1
2020-11-27 15:59:11,29,1,1
2020-11-27 15:59:12,30,1,1
2020-11-27 15:59:13,31,1,1
2020-11-27 15:59:14,32,1,1
2020-11-27 15:59:15,34,1,1
2020-11-27 15:59:16,36,1,1
2020-11-27 15:59:17,36,1,1
2020-11-27 15:59:18,36,1,1
2020-11-27 15:59:19,35,1,1
2020-11-27 15:59:20,35,1,1
2020-11-27 15:59:21,35,1,1
2020-11-27 15:59:22,34,1,1
2020-11-27 15:59:23,34,1,1
2020-11-27 15:59:24,31,1,1
2020-11-27 15:59:25,28,1,1
2020-11-27 15:59:26,25,1,1
2020-11-27 15:59:27,23,1,1
2020-11-27 15:59:28,23,1,1
2020-11-27 15:59:29,22,1,1
2020-11-27 15:59:30,22,1,1
2020-11-27 15:59:31,22,1,1
2020-11-27 15:59:32,21,1,1
2020-11-27 15:59:33,17,1,1
2020-11-27 15:59:34,12,1,1
2020-11-27 15:59:35,10,1,1
2020-11-27 15:59:36,7,1,0
2020-11-27 15:59:37,6,1,0
2020-11-27 15:59:38,6,1,1
2020-11-27 15:59:39,8,1,1
2020-11-27 15:59:40,10,1,1
2020-11-27 15:59:41,18,1,0
2020-11-27 15:59:42,22,1,0
2020-11-27 15:59:43,26,1,1
2020-11-27 15:59:44,28,1,1
2020-11-27 15:59:45,29,1,1
2020-11-27 15:59:46,32,1,1
2020-11-27 15:59:47,33,1,1
2020-11-27 15:59:48,34,1,1
2020-11-27 15:59:49,34,1,1
2020-11-27 15:59:50,34,1,1
2020-11-27 15:59:51,32,1,1
2020-11-27 15:59:52,31,1,1
2020-11-27 15:59:53,30,1,1
2020-11-27 15:59:54,28,1,1
2020-11-27 15:59:55,27,1,1
2020-11-27 15:59:56,25,1,1
2020-11-27 15:59:57,24,1,1
2020-11-27 15:59:58,22,1,1
2020-11-27 15:59:59,21,1,1
2020-11-27 16:00:00,21,1,1
2020-11-27 16:00:01,21,1,1
2020-11-27 16:00:02,21,1,1
2020-11-27 16:00:03,20,1,1
2020-11-27 16:00:04,19,1,1
2020-11-27 16:00:05,19,1,1
2020-11-27 16:00:06,19,1,1
2020-11-27 16:00:07,19,1,1
2020-11-27 16:00:08,19,1,1
2020-11-27 16:00:09,19,1,1
2020-11-27 16:00:10,20,1,1
2020-11-27 16:00:11,23,1,1
2020-11-27 16:00:12,28,1,1
2020-11-27 16:00:13,30,1,0
2020-11-27 16:00:14,31,1,1
2020-11-27 16:00:15,31,1,1
2020-11-27 16:00:16,31,1,1
2020-11-27 16:00:17,30,1,1
2020-11-27 16:00:18,30,1,1
2020-11-27 16:00:19,30,1,1
2020-11-27 16:00:20,29,1,1
2020-11-27 16:00:21,29,1,1
2020-11-27 16:00:22,28,1,1
2020-11-27 16:00:23,27,1,1
2020-11-27 16:00:24,27,1,1
2020-11-27 16:00:25,27,1,1
2020-11-27 16:00:26,29,1,1
2020-11-27 16:00:27,30,1,1
2020-11-27 16:00:28,32,1,1
2020-11-27 16:00:29,34,1,1
2020-11-27 16:00:30,36,1,1
2020-11-27 16:00:31,39,1,1
2020-11-27 16:00:32,40,1,1
2020-11-27 16:00:33,41,1,1
2020-11-27 16:00:34,41,1,1
2020-11-27 16:00:35,41,1,1
2020-11-27 16:00:36,40,1,1
2020-11-27 16:00:37,38,1,1
2020-11-27 16:00:38,38,1,1
2020-11-27 16:00:39,35,1,1
2020-11-27 16:00:40,32,1,1
2020-11-27 16:00:41,30,1,1
2020-11-27 16:00:42,27,1,1
2020-11-27 16:00:43,25,1,1
2020-11-27 16:00:44,25,1,1
2020-11-27 16:00:45,25,1,1
2020-11-27 16:00:46,25,1,1
2020-11-27 16:00:47,25,1,1
2020-11-27 16:00:48,24,1,1
2020-11-27 16:00:49,22,1,0
2020-11-27 16:00:50,20,1,1
2020-11-27 16:00:51,18,1,1
2020-11-27 16:00:52,18,1,1
2020-11-27 16:00:53,17,1,1
2020-11-27 16:00:54,15,1,1
2020-11-27 16:00:55,14,1,1
2020-11-27 16:00:56,13,1,1
2020-11-27 16:00:57,13,1,1
2020-11-27 16:00:58,13,1,1
2020-11-27 16:00:59,13,1,1
2020-11-27 16:01:00,15,1,1
2020-11-27 16:01:01,21,1,1
2020-11-27 16:01:02,26,1,1
2020-11-27 16:01:03,30,1,1
2020-11-27 16:01:04,30,1,1
2020-11-27 16:01:05,31,1,1
2020-11-27 16:01:06,31,1,1
2020-11-27 16:01:07,31,1,1
2020-11-27 16:01:08,32,1,1
2020-11-27 16:01:09,32,1,1
2020-11-27 16:01:10,32,1,1
2020-11-27 16:01:11,28,1,1
2020-11-27 16:01:12,24,1,1
2020-11-27 16:01:13,17,1,1
2020-11-27 16:01:14,9,1,1
2020-11-27 16:01:15,7,1,0
2020-11-27 16:01:16,5,1,1
2020-11-27 16:01:17,4,1,1
2020-11-27 16:01:18,4,1,1
2020-11-27 16:01:19,5,1,1
2020-11-27 16:01:20,5,1,1
2020-11-27 16:01:21,7,1,1
2020-11-27 16:01:22,9,1,1
2020-11-27 16:01:23,11,1,1
2020-11-27 16:01:24,14,1,1
2020-11-27 16:01:25,15,1,1
2020-11-27 16:01:26,17,1,1
2020-11-27 16:01:27,19,1,1
2020-11-27 16:01:28,19,1,1
2020-11-27 16:01:29,17,1,1
2020-11-27 16:01:30,15,1,1
2020-11-27 16:01:31,14,1,1
2020-11-27 16:01:32,14,1,1
2020-11-27 16:01:33,15,1,1
2020-11-27 16:01:34,16,1,1
2020-11-27 16:01:35,17,1,1
2020-11-27 16:01:36,16,1,1
2020-11-27 16:01:37,16,1,1
2020-11-27 16:01:38,15,1,1
2020-11-27 16:01:39,14,1,1
2020-11-27 16:01:40,14,1,1
2020-11-27 16:01:41,12,1,0
2020-11-27 16:01:42,12,1,0
2020-11-27 16:01:43,12,1,1
2020-11-27 16:01:44,15,1,1
2020-11-27 16:01:45,19,1,1
2020-11-27 16:01:46,22,1,1
2020-11-27 16:01:47,23,1,1
2020-11-27 16:01:48,21,1,1
2020-11-27 16:01:49,19,1,1
2020-11-27 16:01:50,18,1,1
2020-11-27 16:01:51,17,1,1
2020-11-27 16:01:52,17,1,1
2020-11-27 16:01:53,18,1,1
2020-11-27 16:01:54,19,1,1
2020-11-27 16:01:55,21,1,1
2020-11-27 16:01:56,23,1,1
2020-11-27 16:01:57,23,1,1
2020-11-27 16:01:58,21,1,1
2020-11-27 16:01:59,21,1,1
2020-11-27 16:02:00,21,1,1
2020-11-27 16:02:01,24,1,1
2020-11-27 16:02:02,27,1,1
2020-11-27 16:02:03,28,1,1
2020-11-27 16:02:04,30,1,1
2020-11-27 16:02:05,30,1,1
2020-11-27 16:02:06,31,1,1
2020-11-27 16:02:07,32,1,1
2020-11-27 16:02:08,32,1,0
2020-11-27 16:02:09,32,1,1
2020-11-27 16:02:10,31,1,1
2020-11-27 16:02:11,30,1,1
2020-11-27 16:02:12,30,1,1
2020-11-27 16:02:13,30,1,1
2020-11-27 16:02:14,30,1,1
2020-11-27 16:02:15,29,1,1
2020-11-27 16:02:16,28,1,1
2020-11-27 16:02:17,26,1,1
2020-11-27 16:02:18,25,1,1
2020-11-27 16:02:19,24,1,1
2020-11-27 16:02:20,24,1,1
2020-11-27 16:02:21,23,1,1
2020-11-27 16:02:22,23,1,1
2020-11-27 16:02:23,23,1,1
2020-11-27 16:02:24,20,1,1
2020-11-27 16:02:25,19,1,1
2020-11-27 16:02:26,19,1,1
2020-11-27 16:02:27,19,1,1
2020-11-27 16:02:28,19,1,1
2020-11-27 16:02:29,19,1,1
2020-11-27 16:02:30,20,1,1
2020-11-27 16:02:31,20,1,1
2020-11-27 16:02:32,20,1,1
2020-11-27 16:02:33,18,1,1
2020-11-27 16:02:34,17,1,1
2020-11-27 16:02:35,16,1,1
2020-11-27 16:02:36,16,1,1
2020-11-27 16:02:37,16,1,1
2020-11-27 16:02:38,16,1,1
2020-11-27 16:02:39,16,1,1
2020-11-27 16:02:40,17,1,1
2020-11-27 16:02:41,17,1,1
2020-11-27 16:02:42,17,1,1
2020-11-27 16:02:43,18,1,1
2020-11-27 16:02:44,18,1,1
2020-11-27 16:02:45,18,1,1
2020-11-27 16:02:46,17,1,1
2020-11-27 16:02:47,18,1,1
2020-11-27 16:02:48,18,1,1
2020-11-27 16:02:49,18,1,1
2020-11-27 16:02:50,16,1,1
2020-11-27 16:02:51,15,1,1
2020-11-27 16:02:52,15,1,1
2020-11-27 16:02:53,15,1,1
2020-11-27 16:02:54,16,1,1
2020-11-27 16:02:55,16,1,1
2020-11-27 16:02:56,17,1,1
2020-11-27 16:02:57,18,1,1
2020-11-27 16:02:58,19,1,1
2020-11-27 16:02:59,19,1,1
2020-11-27 16:03:00,20,1,1
2020-11-27 16:03:01,21,1,1
2020-11-27 16:03:02,22,1,1
2020-11-27 16:03:03,23,1,1
2020-11-27 16:03:04,23,1,1
2020-11-27 16:03:05,23,1,1
2020-11-27 16:03:06,25,1,1
2020-11-27 16:03:07,27,1,1
2020-11-27 16:03:08,32,1,1
2020-11-27 16:03:09,36,1,1
2020-11-27 16:03:10,40,1,1
2020-11-27 16:03:11,43,1,1
2020-11-27 16:03:12,44,1,1
2020-11-27 16:03:13,45,1,1
2020-11-27 16:03:14,44,1,1
2020-11-27 16:03:15,44,1,1
2020-11-27 16:03:16,41,1,1
2020-11-27 16:03:17,39,1,1
2020-11-27 16:03:18,37,1,1
2020-11-27 16:03:19,35,1,1
2020-11-27 16:03:20,33,1,1
2020-11-27 16:03:21,30,1,1
2020-11-27 16:03:22,30,1,1
2020-11-27 16:03:23,30,1,1
2020-11-27 16:03:24,34,1,1
2020-11-27 16:03:25,38,1,1
2020-11-27 16:03:26,41,1,1
2020-11-27 16:03:27,42,1,1
2020-11-27 16:03:28,42,1,1
2020-11-27 16:03:29,43,1,1
2020-11-27 16:03:30,44,1,1
2020-11-27 16:03:31,46,1,1
2020-11-27 16:03:32,48,1,1
2020-11-27 16:03:33,52,1,1
2020-11-27 16:03:34,53,1,1
2020-11-27 16:03:35,54,1,1
2020-11-27 16:03:36,55,1,1
2020-11-27 16:03:37,56,1,1
2020-11-27 16:03:38,58,1,1
2020-11-27 16:03:39,59,1,1
2020-11-27 16:03:40,58,1,1
2020-11-27 16:03:41,61,1,1
2020-11-27 16:03:42,62,1,1
2020-11-27 16:03:43,63,1,1
2020-11-27 16:03:44,64,1,1
2020-11-27 16:03:45,59,1,1
2020-11-27 16:03:46,55,1,1
2020-11-27 16:03:47,50,1,1
2020-11-27 16:03:48,43,1,1
2020-11-27 16:03:49,41,1,1
2020-11-27 16:03:50,36,1,1
2020-11-27 16:03:51,33,1,1
2020-11-27 16:03:52,32,1,1
2020-11-27 16:03:53,30,1,1
2020-11-27 16:03:54,30,1,1
2020-11-27 16:03:55,30,1,1
2020-11-27 16:03:56,30,1,1
2020-11-27 16:03:57,31,1,1
2020-11-27 16:03:58,33,1,1
2020-11-27 16:03:59,34,1,1
2020-11-27 16:04:00,33,1,1
2020-11-27 16:04:01,31,1,1
2020-11-27 16:04:02,29,1,1
2020-11-27 16:04:03,27,1,1
2020-11-27 16:04:04,25,1,1
2020-11-27 16:04:05,25,1,1
2020-11-27 16:04:06,25,1,1
2020-11-27 16:04:07,26,1,1
2020-11-27 16:04:08,28,1,1
2020-11-27 16:04:09,28,1,1
2020-11-27 16:04:10,28,1,1
2020-11-27 16:04:11,27,1,1
2020-11-27 16:04:12,26,1,1
2020-11-27 16:04:13,21,1,1
2020-11-27 16:04:14,18,1,1
2020-11-27 16:04:15,15,1,1
2020-11-27 16:04:16,13,1,1
2020-11-27 16:04:17,13,1,1
2020-11-27 16:04:18,13,1,1
2020-11-27 16:04:19,16,1,1
2020-11-27 16:04:20,18,1,1
2020-11-27 16:04:21,19,1,1
2020-11-27 16:04:22,19,1,1
2020-11-27 16:04:23,19,1,1
2020-11-27 16:04:24,18,1,1
2020-11-27 16:04:25,18,1,1
2020-11-27 16:04:26,18,1,1
2020-11-27 16:04:27,18,1,1
2020-11-27 16:04:28,17,1,1
2020-11-27 16:04:29,17,1,1
2020-11-27 16:04:30,28,1,1
2020-11-27 16:04:31,22,1,1
2020-11-27 16:04:32,23,1,1
2020-11-27 16:04:33,23,1,1
2020-11-27 16:04:34,25,1,1
2020-11-27 16:04:35,28,1,1
2020-11-27 16:04:36,30,1,1
2020-11-27 16:04:37,29,1,1
2020-11-27 16:04:38,28,1,1
2020-11-27 16:04:39,25,1,1
2020-11-27 16:04:40,25,1,1
2020-11-27 16:04:41,24,1,1
2020-11-27 16:04:42,24,1,1
2020-11-27 16:04:43,24,1,1
2020-11-27 16:04:44,24,1,1
2020-11-27 16:04:45,25,1,1
2020-11-27 16:04:46,25,1,1
2020-11-27 16:04:47,23,1,1
2020-11-27 16:04:48,19,1,1
2020-11-27 16:04:49,17,1,1
2020-11-27 16:04:50,15,1,1
2020-11-27 16:04:51,15,1,1
2020-11-27 16:04:52,16,1,1
2020-11-27 16:04:53,28,1,1
2020-11-27 16:04:54,23,1,1
2020-11-27 16:04:55,26,1,1
2020-11-27 16:04:56,26,1,1
2020-11-27 16:04:57,25,1,1
2020-11-27 16:04:58,23,1,1
2020-11-27 16:04:59,22,1,1
2020-11-27 16:05:00,20,1,1
2020-11-27 16:05:01,20,1,1
2020-11-27 16:05:02,19,1,1
2020-11-27 16:05:03,20,1,1
2020-11-27 16:05:04,21,1,1
2020-11-27 16:05:05,23,1,1
2020-11-27 16:05:06,26,1,1
2020-11-27 16:05:07,28,1,1
2020-11-27 16:05:08,27,1,1
2020-11-27 16:05:09,26,1,1
2020-11-27 16:05:10,25,1,1
2020-11-27 16:05:11,25,1,1
2020-11-27 16:05:12,24,1,1
2020-11-27 16:05:13,23,1,1
2020-11-27 16:05:14,22,1,1
2020-11-27 16:05:15,22,1,1
2020-11-27 16:05:16,22,1,1
2020-11-27 16:05:17,24,1,1
2020-11-27 16:05:18,28,1,1
2020-11-27 16:05:19,31,1,1
2020-11-27 16:05:20,32,1,1
2020-11-27 16:05:21,33,1,1
2020-11-27 16:05:22,33,1,1
2020-11-27 16:05:23,35,1,1
2020-11-27 16:05:24,36,1,1
2020-11-27 16:05:25,37,1,1
2020-11-27 16:05:26,36,1,1
2020-11-27 16:05:27,34,1,1
2020-11-27 16:05:28,33,1,1
2020-11-27 16:05:29,32,1,1
2020-11-27 16:05:30,31,1,1
2020-11-27 16:05:31,31,1,1
2020-11-27 16:05:32,30,1,1
2020-11-27 16:05:33,30,1,1
2020-11-27 16:05:34,27,1,1
2020-11-27 16:05:35,26,1,1
2020-11-27 16:05:36,25,1,1
2020-11-27 16:05:37,25,1,1
2020-11-27 16:05:38,28,1,1
2020-11-27 16:05:39,33,1,1
2020-11-27 16:05:40,37,1,1
2020-11-27 16:05:41,42,1,1
2020-11-27 16:05:42,45,1,1
2020-11-27 16:05:43,47,1,1
2020-11-27 16:05:44,48,1,1
2020-11-27 16:05:45,49,1,1
2020-11-27 16:05:46,51,1,1
2020-11-27 16:05:47,51,1,1
2020-11-27 16:05:48,53,1,1
2020-11-27 16:05:49,54,1,1
2020-11-27 16:05:50,55,1,1
2020-11-27 16:05:51,55,1,1
2020-11-27 16:05:52,54,1,1
2020-11-27 16:05:53,54,1,1
2020-11-27 16:05:54,54,1,1
2020-11-27 16:05:55,55,1,1
2020-11-27 16:05:56,55,1,1
2020-11-27 16:05:57,55,1,1
2020-11-27 16:05:58,55,1,1
2020-11-27 16:05:59,55,1,1
2020-11-27 16:06:00,56,1,1
2020-11-27 16:06:01,55,1,1
2020-11-27 16:06:02,58,1,1
2020-11-27 16:06:03,58,1,1
2020-11-27 16:06:04,61,1,1
2020-11-27 16:06:05,62,1,1
2020-11-27 16:06:06,62,1,1
2020-11-27 16:06:07,62,1,1
2020-11-27 16:06:08,62,1,1
2020-11-27 16:06:09,62,1,1
2020-11-27 16:06:10,62,1,1
2020-11-27 16:06:11,61,1,1
2020-11-27 16:06:12,61,1,1
2020-11-27 16:06:13,60,1,1
2020-11-27 16:06:14,60,1,1
2020-11-27 16:06:15,60,1,1
2020-11-27 16:06:16,60,1,1
2020-11-27 16:06:17,61,1,1
2020-11-27 16:06:18,63,1,1
2020-11-27 16:06:19,66,1,1
2020-11-27 16:06:20,68,1,1
2020-11-27 16:06:21,70,1,1
2020-11-27 16:06:22,71,1,1
2020-11-27 16:06:23,71,1,1
2020-11-27 16:06:24,72,1,1
2020-11-27 16:06:25,73,1,1
2020-11-27 16:06:26,73,1,1
2020-11-27 16:06:27,73,1,1
2020-11-27 16:06:28,73,1,1
2020-11-27 16:06:29,72,1,1
2020-11-27 16:06:30,72,1,1
2020-11-27 16:06:31,71,1,1
2020-11-27 16:06:32,71,1,1
2020-11-27 16:06:33,72,1,1
2020-11-27 16:06:34,73,1,1
2020-11-27 16:06:35,73,1,1
2020-11-27 16:06:36,76,1,1
2020-11-27 16:06:37,77,1,1
2020-11-27 16:06:38,77,1,1
2020-11-27 16:06:39,78,1,1
2020-11-27 16:06:40,78,1,1
2020-11-27 16:06:41,76,1,1
2020-11-27 16:06:42,74,1,1
2020-11-27 16:06:43,70,1,1
2020-11-27 16:06:44,68,1,1
2020-11-27 16:06:45,59,1,1
2020-11-27 16:06:46,55,1,1
2020-11-27 16:06:47,50,1,1
2020-11-27 16:06:48,46,1,1
2020-11-27 16:06:49,42,1,1
2020-11-27 16:06:50,39,1,1
2020-11-27 16:06:51,34,1,1
2020-11-27 16:06:52,33,1,1
2020-11-27 16:06:53,32,1,1
2020-11-27 16:06:54,33,1,1
2020-11-27 16:06:55,35,1,1
2020-11-27 16:06:56,39,1,1
2020-11-27 16:06:57,40,1,1
2020-11-27 16:06:58,40,1,1
2020-11-27 16:06:59,40,1,1
2020-11-27 16:07:00,39,1,1
2020-11-27 16:07:01,39,1,1
2020-11-27 16:07:02,38,1,1
2020-11-27 16:07:03,38,1,1
2020-11-27 16:07:04,37,1,1
2020-11-27 16:07:05,37,1,1
2020-11-27 16:07:06,37,1,1
2020-11-27 16:07:07,37,1,1
2020-11-27 16:07:08,40,1,1
2020-11-27 16:07:09,43,1,1
2020-11-27 16:07:10,45,1,1
2020-11-27 16:07:11,45,1,1
2020-11-27 16:07:12,44,1,1
2020-11-27 16:07:13,42,1,1
2020-11-27 16:07:14,42,1,1
2020-11-27 16:07:15,42,1,1
2020-11-27 16:07:16,41,1,1
2020-11-27 16:07:17,40,1,1
2020-11-27 16:07:18,39,1,1
2020-11-27 16:07:19,38,1,1
2020-11-27 16:07:20,37,1,1
2020-11-27 16:07:21,37,1,1
2020-11-27 16:07:22,37,1,1
2020-11-27 16:07:23,37,1,1
2020-11-27 16:07:24,37,1,1
2020-11-27 16:07:25,37,1,1
2020-11-27 16:07:26,37,1,1
2020-11-27 16:07:27,37,1,1
2020-11-27 16:07:28,37,1,1
2020-11-27 16:07:29,37,1,1
2020-11-27 16:07:30,38,1,1
2020-11-27 16:07:31,38,1,1
2020-11-27 16:07:32,38,1,1
2020-11-27 16:07:33,37,1,1
2020-11-27 16:07:34,37,1,1
2020-11-27 16:07:35,37,1,1
2020-11-27 16:07:36,38,1,1
2020-11-27 16:07:37,43,1,1
2020-11-27 16:07:38,44,1,1
2020-11-27 16:07:39,45,1,1
2020-11-27 16:07:40,45,1,1
2020-11-27 16:07:41,45,1,1
2020-11-27 16:07:42,45,1,1
2020-11-27 16:07:43,46,1,1
2020-11-27 16:07:44,47,1,1
2020-11-27 16:07:45,46,1,1
2020-11-27 16:07:46,45,1,1
2020-11-27 16:07:47,45,1,1
2020-11-27 16:07:48,44,1,1
2020-11-27 16:07:49,43,1,1
2020-11-27 16:07:50,42,1,1
2020-11-27 16:07:51,41,1,1
2020-11-27 16:07:52,41,1,1
2020-11-27 16:07:53,40,1,1
2020-11-27 16:07:54,40,1,1
2020-11-27 16:07:55,38,1,1
2020-11-27 16:07:56,36,1,1
2020-11-27 16:07:57,35,1,1
2020-11-27 16:07:58,36,1,1
2020-11-27 16:07:59,38,1,1
2020-11-27 16:08:00,43,1,1
2020-11-27 16:08:01,45,1,1
2020-11-27 16:08:02,47,1,1
2020-11-27 16:08:03,50,1,1
2020-11-27 16:08:04,51,1,1
2020-11-27 16:08:05,52,1,1
2020-11-27 16:08:06,53,1,1
2020-11-27 16:08:07,54,1,1
2020-11-27 16:08:08,56,1,1
2020-11-27 16:08:09,58,1,1
2020-11-27 16:08:10,58,1,1
2020-11-27 16:08:11,58,1,1
2020-11-27 16:08:12,55,1,1
2020-11-27 16:08:13,52,1,1
2020-11-27 16:08:14,49,1,1
2020-11-27 16:08:15,46,1,1
2020-11-27 16:08:16,45,1,1
2020-11-27 16:08:17,43,1,1
2020-11-27 16:08:18,42,1,1
2020-11-27 16:08:19,41,1,1
2020-11-27 16:08:20,43,1,1
2020-11-27 16:08:21,43,1,1
2020-11-27 16:08:22,45,1,1
2020-11-27 16:08:23,48,1,1
2020-11-27 16:08:24,50,1,1
2020-11-27 16:08:25,53,1,1
2020-11-27 16:08:26,55,1,1
2020-11-27 16:08:27,56,1,1
2020-11-27 16:08:28,58,1,1
2020-11-27 16:08:29,58,1,1
2020-11-27 16:08:30,57,1,1
2020-11-27 16:08:31,55,1,1
2020-11-27 16:08:32,54,1,1
2020-11-27 16:08:33,53,1,1
2020-11-27 16:08:34,53,1,1
2020-11-27 16:08:35,54,1,1
2020-11-27 16:08:36,53,1,1
2020-11-27 16:08:37,49,1,1
2020-11-27 16:08:38,46,1,1
2020-11-27 16:08:39,43,1,1
2020-11-27 16:08:40,48,1,1
2020-11-27 16:08:41,37,1,1
2020-11-27 16:08:42,35,1,1
2020-11-27 16:08:43,34,1,1
2020-11-27 16:08:44,34,1,1
2020-11-27 16:08:45,32,1,1
2020-11-27 16:08:46,30,1,1
2020-11-27 16:08:47,28,1,1
2020-11-27 16:08:48,25,1,1
2020-11-27 16:08:49,24,1,1
2020-11-27 16:08:50,23,1,1
2020-11-27 16:08:51,20,1,1
2020-11-27 16:08:52,19,1,1
2020-11-27 16:08:53,17,1,1
2020-11-27 16:08:54,15,1,1
2020-11-27 16:08:55,12,1,1
2020-11-27 16:08:56,10,1,1
2020-11-27 16:08:57,8,1,1
2020-11-27 16:08:58,6,1,1
2020-11-27 16:08:59,7,1,1
2020-11-27 16:09:00,7,1,1
2020-11-27 16:09:01,8,1,1
2020-11-27 16:09:02,9,1,1
2020-11-27 16:09:03,11,1,1
2020-11-27 16:09:04,13,1,1
2020-11-27 16:09:05,15,1,1
2020-11-27 16:09:06,17,1,1
2020-11-27 16:09:07,17,1,1
2020-11-27 16:09:08,17,1,1
2020-11-27 16:09:09,14,1,1
2020-11-27 16:09:10,13,1,1
2020-11-27 16:09:11,11,1,1
2020-11-27 16:09:12,10,1,1
2020-11-27 16:09:13,10,1,1
2020-11-27 16:09:14,10,1,1
2020-11-27 16:09:15,11,1,1
2020-11-27 16:09:16,11,1,1
2020-11-27 16:09:17,11,1,1
2020-11-27 16:09:18,11,1,1
2020-11-27 16:09:19,12,1,1
2020-11-27 16:09:20,13,1,1
2020-11-27 16:09:21,16,1,1
2020-11-27 16:09:22,22,1,1
2020-11-27 16:09:23,25,1,1
2020-11-27 16:09:24,26,1,1
2020-11-27 16:09:25,26,1,1
2020-11-27 16:09:26,26,1,1
2020-11-27 16:09:27,25,1,1
2020-11-27 16:09:28,25,1,1
2020-11-27 16:09:29,25,1,1
2020-11-27 16:09:30,26,1,1
2020-11-27 16:09:31,25,1,1
2020-11-27 16:09:32,22,1,1
2020-11-27 16:09:33,18,1,1
2020-11-27 16:09:34,15,1,1
2020-11-27 16:09:35,14,1,1
2020-11-27 16:09:36,13,1,1
2020-11-27 16:09:37,13,1,1
2020-11-27 16:09:38,12,1,1
2020-11-27 16:09:39,13,1,1
2020-11-27 16:09:40,14,1,1
2020-11-27 16:09:41,14,1,1
2020-11-27 16:09:42,14,1,1
2020-11-27 16:09:43,15,1,1
2020-11-27 16:09:44,16,1,1
2020-11-27 16:09:45,17,1,1
2020-11-27 16:09:46,18,1,1
2020-11-27 16:09:47,20,1,1
2020-11-27 16:09:48,21,1,1
2020-11-27 16:09:49,23,1,1
2020-11-27 16:09:50,25,1,1
2020-11-27 16:09:51,25,1,1
2020-11-27 16:09:52,24,1,1
2020-11-27 16:09:53,24,1,1
2020-11-27 16:09:54,24,1,1
2020-11-27 16:09:55,24,1,1
2020-11-27 16:09:56,25,1,1
2020-11-27 16:09:57,25,1,1
2020-11-27 16:09:58,25,1,1
2020-11-27 16:09:59,26,1,1
2020-11-27 16:10:00,25,1,1
2020-11-27 16:10:01,25,1,1
2020-11-27 16:10:02,25,1,1
2020-11-27 16:10:03,26,1,1
2020-11-27 16:10:04,27,1,1
2020-11-27 16:10:05,28,1,1
2020-11-27 16:10:06,28,1,1
2020-11-27 16:10:07,28,1,1
2020-11-27 16:10:08,26,1,1
2020-11-27 16:10:09,23,1,1
2020-11-27 16:10:10,16,1,0
2020-11-27 16:10:11,14,1,0
2020-11-27 16:10:12,13,1,0
2020-11-27 16:10:13,12,1,0
2020-11-27 16:10:14,12,1,0
2020-11-27 16:10:15,12,1,1
2020-11-27 16:10:16,12,1,0
2020-11-27 16:10:17,13,1,0
2020-11-27 16:10:18,13,1,1
2020-11-27 16:10:19,15,1,1
2020-11-27 16:10:20,17,1,1
2020-11-27 16:10:21,19,1,1
2020-11-27 16:10:22,18,1,1
2020-11-27 16:10:23,15,1,1
2020-11-27 16:10:24,11,1,1
2020-11-27 16:10:25,8,1,1
2020-11-27 16:10:26,5,1,1
2020-11-27 16:10:27,4,1,1
2020-11-27 16:10:28,4,1,1
2020-11-27 16:10:29,4,1,1
2020-11-27 16:10:30,5,1,1
2020-11-27 16:10:31,5,1,1
2020-11-27 16:10:32,6,1,1
2020-11-27 16:10:33,6,1,1
2020-11-27 16:10:34,6,1,1
2020-11-27 16:10:35,6,1,1
2020-11-27 16:10:36,6,1,1
2020-11-27 16:10:37,6,1,1
2020-11-27 16:10:38,6,1,1
2020-11-27 16:10:39,6,1,1
2020-11-27 16:10:40,6,1,1
2020-11-27 16:10:41,6,1,1
2020-11-27 16:10:42,6,1,1
2020-11-27 16:10:43,6,1,1
2020-11-27 16:10:44,4,1,1
2020-11-27 16:10:45,2,1,1
2020-11-27 16:10:46,0,1,1
2020-11-27 16:10:47,0,1,1
2020-11-27 16:10:48,0,1,1
2020-11-27 16:10:49,4,1,1
2020-11-27 16:10:50,3,1,1
2020-11-27 16:10:51,3,1,1
2020-11-27 16:10:52,3,1,1
2020-11-27 16:10:53,2,1,1
2020-11-27 16:10:54,2,1,1
2020-11-27 16:10:55,2,1,1
2020-11-27 16:10:56,1,1,1
2020-11-27 16:10:57,1,1,1
2020-11-27 16:10:58,1,1,1
2020-11-27 16:10:59,0,1,1
2020-11-27 16:11:00,0,1,1
2020-11-27 16:11:01,0,1,1
2020-11-27 16:11:02,0,1,1
2020-11-27 16:11:03,10,1,1
2020-11-27 16:11:04,18,1,1
2020-11-27 16:11:05,21,1,1
2020-11-27 16:11:06,23,1,1
2020-11-27 16:11:07,23,1,1
2020-11-27 16:11:08,20,1,1
2020-11-27 16:11:09,17,1,1
2020-11-27 16:11:10,13,1,1
2020-11-27 16:11:11,11,1,1
2020-11-27 16:11:12,10,1,1
2020-11-27 16:11:13,8,1,1
2020-11-27 16:11:14,8,1,1
2020-11-27 16:11:15,5,1,1
2020-11-27 16:11:16,2,1,1
2020-11-27 16:11:17,0,1,1
2020-11-27 16:11:18,0,1,1
2020-11-27 16:11:19,0,1,1
2020-11-27 16:11:20,0,1,1
2020-11-27 16:11:21,0,1,1
2020-11-27 16:11:22,0,1,1
2020-11-27 16:11:23,0,1,1
2020-11-27 16:11:24,0,1,1
2020-11-27 16:11:25,0,1,1
2020-11-27 16:11:26,0,1,1
2020-11-27 16:11:27,0,1,1
2020-11-27 16:11:28,0,1,1
2020-11-27 16:11:29,0,1,1
2020-11-27 16:11:30,0,1,1
2020-11-27 16:11:31,0,1,1
2020-11-27 16:11:32,0,1,1
2020-11-27 16:11:33,0,1,1
2020-11-27 16:11:34,4,1,1
2020-11-27 16:11:35,2,1,1
2020-11-27 16:11:36,1,1,1
2020-11-27 16:11:37,0,1,1
2020-11-27 16:11:38,5,1,1
2020-11-27 16:11:39,12,1,1
2020-11-27 16:11:40,18,1,1
2020-11-27 16:11:41,24,1,1
2020-11-27 16:11:42,28,1,1
2020-11-27 16:11:43,32,1,1
2020-11-27 16:11:44,32,1,1
2020-11-27 16:11:45,30,1,1
2020-11-27 16:11:46,25,1,1
2020-11-27 16:11:47,24,1,1
2020-11-27 16:11:48,20,1,1
2020-11-27 16:11:49,19,1,1
2020-11-27 16:11:50,19,1,1
2020-11-27 16:11:51,20,1,1
2020-11-27 16:11:52,22,1,1
2020-11-27 16:11:53,24,1,1
2020-11-27 16:11:54,25,1,1
2020-11-27 16:11:55,25,1,1
2020-11-27 16:11:56,25,1,1
2020-11-27 16:11:57,26,1,1
2020-11-27 16:11:58,26,1,1
2020-11-27 16:11:59,26,1,1
2020-11-27 16:12:00,26,1,1
2020-11-27 16:12:01,26,1,1
2020-11-27 16:12:02,27,1,1
2020-11-27 16:12:03,29,1,1
2020-11-27 16:12:04,30,1,1
2020-11-27 16:12:05,30,1,1
2020-11-27 16:12:06,30,1,1
2020-11-27 16:12:07,28,1,1
2020-11-27 16:12:08,27,1,1
2020-11-27 16:12:09,26,1,1
2020-11-27 16:12:10,26,1,1
2020-11-27 16:12:11,25,1,1
2020-11-27 16:12:12,23,1,1
2020-11-27 16:12:13,21,1,1
2020-11-27 16:12:14,14,1,1
2020-11-27 16:12:15,11,1,1
2020-11-27 16:12:16,9,1,1
2020-11-27 16:12:17,8,1,1
2020-11-27 16:12:18,8,1,1
2020-11-27 16:12:19,7,1,1
2020-11-27 16:12:20,6,1,1
2020-11-27 16:12:21,5,1,1
2020-11-27 16:12:22,5,1,1
2020-11-27 16:12:23,3,1,1
2020-11-27 16:12:24,3,1,1
2020-11-27 16:12:25,2,1,1
2020-11-27 16:12:26,3,1,1
2020-11-27 16:12:27,3,1,1
2020-11-27 16:12:28,4,1,1
2020-11-27 16:12:29,4,1,1
2020-11-27 16:12:30,5,1,1
2020-11-27 16:12:31,5,1,1
2020-11-27 16:12:32,5,1,1
2020-11-27 16:12:33,5,1,1
2020-11-27 16:12:34,6,1,1
2020-11-27 16:12:35,5,1,1
2020-11-27 16:12:36,7,1,1
2020-11-27 16:12:37,7,1,1
2020-11-27 16:12:38,7,1,1
2020-11-27 16:12:39,7,1,1
2020-11-27 16:12:40,8,1,1
2020-11-27 16:12:41,8,1,1
2020-11-27 16:12:42,8,1,1
2020-11-27 16:12:43,8,1,1
2020-11-27 16:12:44,10,1,1
2020-11-27 16:12:45,13,1,1
2020-11-27 16:12:46,15,1,1
2020-11-27 16:12:47,17,1,1
2020-11-27 16:12:48,17,1,1
2020-11-27 16:12:49,17,1,1
2020-11-27 16:12:50,16,1,1
2020-11-27 16:12:51,18,1,1
2020-11-27 16:12:52,19,1,1
2020-11-27 16:12:53,21,1,1
2020-11-27 16:12:54,21,1,1
2020-11-27 16:12:55,21,1,1
2020-11-27 16:12:56,20,1,1
2020-11-27 16:12:57,19,1,1
2020-11-27 16:12:58,17,1,1
2020-11-27 16:12:59,16,1,1
2020-11-27 16:13:00,14,1,1
2020-11-27 16:13:01,14,1,1
2020-11-27 16:13:02,14,1,1
2020-11-27 16:13:03,14,1,1
2020-11-27 16:13:04,14,1,1
2020-11-27 16:13:05,14,1,1
2020-11-27 16:13:06,17,1,1
2020-11-27 16:13:07,20,1,1
2020-11-27 16:13:08,22,1,1
2020-11-27 16:13:09,22,1,1
2020-11-27 16:13:10,21,1,1
2020-11-27 16:13:11,18,1,1
2020-11-27 16:13:12,15,1,1
2020-11-27 16:13:13,14,1,1
2020-11-27 16:13:14,13,1,1
2020-11-27 16:13:15,13,1,1
2020-11-27 16:13:16,13,1,1
2020-11-27 16:13:17,15,1,1
2020-11-27 16:13:18,18,1,1
2020-11-27 16:13:19,21,1,1
2020-11-27 16:13:20,21,1,1
2020-11-27 16:13:21,21,1,1
2020-11-27 16:13:22,21,1,1
2020-11-27 16:13:23,21,1,1
2020-11-27 16:13:24,20,1,1
2020-11-27 16:13:25,17,1,1
2020-11-27 16:13:26,13,1,1
2020-11-27 16:13:27,10,1,1
2020-11-27 16:13:28,7,1,1
2020-11-27 16:13:29,6,1,1
2020-11-27 16:13:30,6,1,1
2020-11-27 16:13:31,6,1,1
2020-11-27 16:13:32,6,1,1
2020-11-27 16:13:33,7,1,1
2020-11-27 16:13:34,10,1,1
2020-11-27 16:13:35,13,1,1
2020-11-27 16:13:36,17,1,1
2020-11-27 16:13:37,18,1,1
2020-11-27 16:13:38,19,1,1
2020-11-27 16:13:39,19,1,1
2020-11-27 16:13:40,18,1,1
2020-11-27 16:13:41,17,1,1
2020-11-27 16:13:42,16,1,1
2020-11-27 16:13:43,16,1,1
2020-11-27 16:13:44,16,1,1
2020-11-27 16:13:45,16,1,1
2020-11-27 16:13:46,16,1,1
2020-11-27 16:13:47,16,1,1
2020-11-27 16:13:48,16,1,1
2020-11-27 16:13:49,14,1,1
2020-11-27 16:13:50,13,1,1
2020-11-27 16:13:51,12,1,1
2020-11-27 16:13:52,12,1,1
2020-11-27 16:13:53,12,1,1
2020-11-27 16:13:54,11,1,1
2020-11-27 16:13:55,11,1,1
2020-11-27 16:13:56,10,1,1
2020-11-27 16:13:57,9,1,1
2020-11-27 16:13:58,9,1,1
2020-11-27 16:13:59,10,1,1
2020-11-27 16:14:00,12,1,1
2020-11-27 16:14:01,16,1,1
2020-11-27 16:14:02,18,1,1
2020-11-27 16:14:03,19,1,1
2020-11-27 16:14:04,13,1,1
2020-11-27 16:14:05,9,1,1
2020-11-27 16:14:06,4,1,1
2020-11-27 16:14:07,2,1,1
2020-11-27 16:14:08,0,1,1
2020-11-27 16:14:09,0,1,1
2020-11-27 16:14:10,0,1,1
2020-11-27 16:14:11,1,1,1
2020-11-27 16:14:12,3,1,1
2020-11-27 16:14:13,4,1,0
2020-11-27 16:14:14,5,1,1
2020-11-27 16:14:15,6,1,1
2020-11-27 16:14:16,7,1,1
2020-11-27 16:14:17,7,1,1
2020-11-27 16:14:18,7,1,1
2020-11-27 16:14:19,7,1,1
2020-11-27 16:14:20,7,1,1
2020-11-27 16:14:21,8,1,1
2020-11-27 16:14:22,9,1,1
2020-11-27 16:14:23,12,1,1
2020-11-27 16:14:24,16,1,1
2020-11-27 16:14:25,18,1,1
2020-11-27 16:14:26,19,1,1
2020-11-27 16:14:27,21,1,1
2020-11-27 16:14:28,23,1,1
2020-11-27 16:14:29,24,1,1
2020-11-27 16:14:30,24,1,1
2020-11-27 16:14:31,24,1,1
2020-11-27 16:14:32,23,1,1
2020-11-27 16:14:33,24,1,1
2020-11-27 16:14:34,26,1,1
2020-11-27 16:14:35,27,1,1
2020-11-27 16:14:36,29,1,1
2020-11-27 16:14:37,31,1,1
2020-11-27 16:14:38,32,1,1
2020-11-27 16:14:39,34,1,1
2020-11-27 16:14:40,36,1,1
2020-11-27 16:14:41,40,1,1
2020-11-27 16:14:42,42,1,1
2020-11-27 16:14:43,43,1,1
2020-11-27 16:14:44,42,1,1
2020-11-27 16:14:45,42,1,1
2020-11-27 16:14:46,40,1,1
2020-11-27 16:14:47,39,1,1
2020-11-27 16:14:48,37,1,1
2020-11-27 16:14:49,34,1,1
2020-11-27 16:14:50,33,1,1
2020-11-27 16:14:51,28,1,1
2020-11-27 16:14:52,23,1,1
2020-11-27 16:14:53,22,1,1
2020-11-27 16:14:54,21,1,1
2020-11-27 16:14:55,21,1,1
2020-11-27 16:14:56,21,1,1
2020-11-27 16:14:57,21,1,1
2020-11-27 16:14:58,19,1,1
2020-11-27 16:14:59,14,1,1
2020-11-27 16:15:00,10,1,1
2020-11-27 16:15:01,7,1,1
2020-11-27 16:15:02,5,1,1
2020-11-27 16:15:03,4,1,1
2020-11-27 16:15:04,5,1,1
2020-11-27 16:15:05,5,1,1
2020-11-27 16:15:06,6,1,1
2020-11-27 16:15:07,6,1,1
2020-11-27 16:15:08,6,1,1
2020-11-27 16:15:09,7,1,1
2020-11-27 16:15:10,9,1,1
2020-11-27 16:15:11,16,1,1
2020-11-27 16:15:12,18,1,1
2020-11-27 16:15:13,21,1,1
2020-11-27 16:15:14,22,1,1
2020-11-27 16:15:15,23,1,1
2020-11-27 16:15:16,24,1,1
2020-11-27 16:15:17,25,1,1
2020-11-27 16:15:18,26,1,1
2020-11-27 16:15:19,26,1,1
2020-11-27 16:15:20,26,1,1
2020-11-27 16:15:21,27,1,1
2020-11-27 16:15:22,28,1,1
2020-11-27 16:15:23,29,1,1
2020-11-27 16:15:24,29,1,1
2020-11-27 16:15:25,29,1,1
2020-11-27 16:15:26,27,1,1
2020-11-27 16:15:27,25,1,1
2020-11-27 16:15:28,24,1,1
2020-11-27 16:15:29,22,1,1
2020-11-27 16:15:30,21,1,1
2020-11-27 16:15:31,19,1,1
2020-11-27 16:15:32,18,1,1
2020-11-27 16:15:33,16,1,1
2020-11-27 16:15:34,13,1,1
2020-11-27 16:15:35,12,1,1
2020-11-27 16:15:36,11,1,1
2020-11-27 16:15:37,11,1,1
2020-11-27 16:15:38,11,1,1
2020-11-27 16:15:39,13,1,1
2020-11-27 16:15:40,15,1,1
2020-11-27 16:15:41,18,1,1
2020-11-27 16:15:42,20,1,1
2020-11-27 16:15:43,23,1,1
2020-11-27 16:15:44,2,1,1
2020-11-27 16:15:45,2,1,1
2020-11-27 16:15:46,24,1,1
2020-11-27 16:15:47,24,1,1
2020-11-27 16:15:48,24,1,1
2020-11-27 16:15:49,25,1,1
2020-11-27 16:15:50,26,1,1
2020-11-27 16:15:51,27,1,1
2020-11-27 16:15:52,27,1,1
2020-11-27 16:15:53,27,1,1
2020-11-27 16:15:54,26,1,1
2020-11-27 16:15:55,26,1,1
2020-11-27 16:15:56,27,1,1
2020-11-27 16:15:57,28,1,1
2020-11-27 16:15:58,28,1,1
2020-11-27 16:15:59,28,1,1
2020-11-27 16:16:00,27,1,1
2020-11-27 16:16:01,26,1,1
2020-11-27 16:16:02,25,1,1
2020-11-27 16:16:03,24,1,1
2020-11-27 16:16:04,23,1,1
2020-11-27 16:16:05,22,1,1
2020-11-27 16:16:06,19,1,1
2020-11-27 16:16:07,16,1,1
2020-11-27 16:16:08,14,1,1
2020-11-27 16:16:09,13,1,1
2020-11-27 16:16:10,13,1,1
2020-11-27 16:16:11,14,1,1
2020-11-27 16:16:12,15,1,1
2020-11-27 16:16:13,19,1,1
2020-11-27 16:16:14,24,1,1
2020-11-27 16:16:15,25,1,1
2020-11-27 16:16:16,24,1,1
2020-11-27 16:16:17,24,1,1
2020-11-27 16:16:18,23,1,1
2020-11-27 16:16:19,22,1,1
2020-11-27 16:16:20,22,1,1
2020-11-27 16:16:21,22,1,1
2020-11-27 16:16:22,23,1,1
2020-11-27 16:16:23,24,1,1
2020-11-27 16:16:24,23,1,1
2020-11-27 16:16:25,22,1,1
2020-11-27 16:16:26,20,1,1
2020-11-27 16:16:27,20,1,1
2020-11-27 16:16:28,19,1,1
2020-11-27 16:16:29,19,1,1
2020-11-27 16:16:30,18,1,1
2020-11-27 16:16:31,18,1,1
2020-11-27 16:16:32,18,1,1
2020-11-27 16:16:33,18,1,1
2020-11-27 16:16:34,19,1,1
2020-11-27 16:16:35,19,1,1
2020-11-27 16:16:36,20,1,1
2020-11-27 16:16:37,21,1,1
2020-11-27 16:16:38,24,1,1
2020-11-27 16:16:39,27,1,1
2020-11-27 16:16:40,27,1,1
2020-11-27 16:16:41,26,1,1
2020-11-27 16:16:42,26,1,1
2020-11-27 16:16:43,25,1,1
2020-11-27 16:16:44,24,1,1
2020-11-27 16:16:45,24,1,1
2020-11-27 16:16:46,23,1,1
2020-11-27 16:16:47,23,1,1
2020-11-27 16:16:48,23,1,1
2020-11-27 16:16:49,23,1,1
2020-11-27 16:16:50,23,1,1
2020-11-27 16:16:51,23,1,1
2020-11-27 16:16:52,24,1,1
2020-11-27 16:16:53,25,1,1
2020-11-27 16:16:54,25,1,1
2020-11-27 16:16:55,25,1,1
2020-11-27 16:16:56,26,1,1
2020-11-27 16:16:57,26,1,1
2020-11-27 16:16:58,27,1,1
2020-11-27 16:16:59,28,1,1
2020-11-27 16:17:00,30,1,1
2020-11-27 16:17:01,30,1,1
2020-11-27 16:17:02,30,1,1
2020-11-27 16:17:03,29,1,1
2020-11-27 16:17:04,28,1,1
2020-11-27 16:17:05,28,1,1
2020-11-27 16:17:06,26,1,1
2020-11-27 16:17:07,23,1,1
2020-11-27 16:17:08,23,1,1
2020-11-27 16:17:09,21,1,1
2020-11-27 16:17:10,19,1,1
2020-11-27 16:17:11,14,1,1
2020-11-27 16:17:12,13,1,1
2020-11-27 16:17:13,12,1,1
2020-11-27 16:17:14,13,1,1
2020-11-27 16:17:15,17,1,1
2020-11-27 16:17:16,22,1,1
2020-11-27 16:17:17,26,1,1
2020-11-27 16:17:18,29,1,1
2020-11-27 16:17:19,30,1,1
2020-11-27 16:17:20,30,1,1
2020-11-27 16:17:21,29,1,1
2020-11-27 16:17:22,28,1,1
2020-11-27 16:17:23,27,1,1
2020-11-27 16:17:24,27,1,1
2020-11-27 16:17:25,27,1,1
2020-11-27 16:17:26,29,1,1
2020-11-27 16:17:27,30,1,0
2020-11-27 16:17:28,30,1,0
2020-11-27 16:17:29,30,1,0
2020-11-27 16:17:30,30,1,0
2020-11-27 16:17:31,30,1,0
2020-11-27 16:17:32,30,1,1
2020-11-27 16:17:33,30,1,1
2020-11-27 16:17:34,29,1,1
2020-11-27 16:17:35,29,1,1
2020-11-27 16:17:36,30,1,1
2020-11-27 16:17:37,32,1,1
2020-11-27 16:17:38,33,1,1
2020-11-27 16:17:39,34,1,1
2020-11-27 16:17:40,37,1,0
2020-11-27 16:17:41,38,1,1
2020-11-27 16:17:42,42,1,1
2020-11-27 16:17:43,44,1,1
2020-11-27 16:17:44,44,1,1
2020-11-27 16:17:45,42,1,1
2020-11-27 16:17:46,40,1,1
2020-11-27 16:17:47,39,1,1
2020-11-27 16:17:48,39,1,1
2020-11-27 16:17:49,39,1,1
2020-11-27 16:17:50,41,1,1
2020-11-27 16:17:51,42,1,1
2020-11-27 16:17:52,43,1,1
2020-11-27 16:17:53,44,1,1
2020-11-27 16:17:54,45,1,1
2020-11-27 16:17:55,46,1,1
2020-11-27 16:17:56,46,1,1
2020-11-27 16:17:57,46,1,1
2020-11-27 16:17:58,45,1,1
2020-11-27 16:17:59,44,1,1
2020-11-27 16:18:00,42,1,1
2020-11-27 16:18:01,40,1,0
2020-11-27 16:18:02,38,1,1
2020-11-27 16:18:03,37,1,1
2020-11-27 16:18:04,37,1,1
2020-11-27 16:18:05,38,1,1
2020-11-27 16:18:06,38,1,1
2020-11-27 16:18:07,38,1,1
2020-11-27 16:18:08,37,1,1
2020-11-27 16:18:09,37,1,1
2020-11-27 16:18:10,37,1,1
2020-11-27 16:18:11,37,1,1
2020-11-27 16:18:12,35,1,1
2020-11-27 16:18:13,34,1,1
2020-11-27 16:18:14,32,1,1
2020-11-27 16:18:15,31,1,1
2020-11-27 16:18:16,32,1,1
2020-11-27 16:18:17,33,1,1
2020-11-27 16:18:18,36,1,1
2020-11-27 16:18:19,37,1,1
2020-11-27 16:18:20,38,1,1
2020-11-27 16:18:21,39,1,1
2020-11-27 16:18:22,40,1,1
2020-11-27 16:18:23,40,1,1
2020-11-27 16:18:24,40,1,1
2020-11-27 16:18:25,41,1,1
2020-11-27 16:18:26,41,1,1
2020-11-27 16:18:27,41,1,1
2020-11-27 16:18:28,40,1,1
2020-11-27 16:18:29,39,1,1
2020-11-27 16:18:30,36,1,1
2020-11-27 16:18:31,34,1,1
2020-11-27 16:18:32,32,1,1
2020-11-27 16:18:33,28,1,1
2020-11-27 16:18:34,25,1,1
2020-11-27 16:18:35,17,1,1
2020-11-27 16:18:36,14,1,1
2020-11-27 16:18:37,12,1,1
2020-11-27 16:18:38,8,1,1
2020-11-27 16:18:39,3,1,1
2020-11-27 16:18:40,0,1,1
2020-11-27 16:18:41,0,1,1
2020-11-27 16:18:42,1,1,1
2020-11-27 16:18:43,2,1,1
2020-11-27 16:18:44,2,1,1
2020-11-27 16:18:45,1,1,1
2020-11-27 16:18:46,1,1,1
2020-11-27 16:18:47,0,1,1
2020-11-27 16:18:48,0,1,1
2020-11-27 16:18:49,0,1,1
2020-11-27 16:18:50,0,1,1
2020-11-27 16:18:51,0,1,1
2020-11-27 16:18:52,1,1,1
2020-11-27 16:18:53,5,1,1
2020-11-27 16:18:54,7,1,1
2020-11-27 16:18:55,12,1,1
2020-11-27 16:18:56,17,1,1
2020-11-27 16:18:57,21,1,1
2020-11-27 16:18:58,23,1,1
2020-11-27 16:18:59,25,1,1
2020-11-27 16:19:00,27,1,1
2020-11-27 16:19:01,29,1,1
2020-11-27 16:19:02,32,1,1
2020-11-27 16:19:03,35,1,0
2020-11-27 16:19:04,38,1,1
2020-11-27 16:19:05,41,1,0
2020-11-27 16:19:06,42,1,1
2020-11-27 16:19:07,43,1,1
2020-11-27 16:19:08,43,1,1
2020-11-27 16:19:09,42,1,1
2020-11-27 16:19:10,40,1,1
2020-11-27 16:19:11,40,1,1
2020-11-27 16:19:12,40,1,1
2020-11-27 16:19:13,39,1,1
2020-11-27 16:19:14,39,1,1
2020-11-27 16:19:15,39,1,1
2020-11-27 16:19:16,38,1,1
2020-11-27 16:19:17,34,1,1
2020-11-27 16:19:18,31,1,0
2020-11-27 16:19:19,29,1,1
2020-11-27 16:19:20,27,1,1
2020-11-27 16:19:21,27,1,1
2020-11-27 16:19:22,27,1,1
2020-11-27 16:19:23,26,1,1
2020-11-27 16:19:24,26,1,1
2020-11-27 16:19:25,27,1,1
2020-11-27 16:19:26,27,1,1
2020-11-27 16:19:27,28,1,1
2020-11-27 16:19:28,29,1,1
2020-11-27 16:19:29,32,1,0
2020-11-27 16:19:30,34,1,0
2020-11-27 16:19:31,34,1,1
2020-11-27 16:19:32,34,1,0
2020-11-27 16:19:33,34,1,1
2020-11-27 16:19:34,35,1,0
2020-11-27 16:19:35,35,1,1
2020-11-27 16:19:36,35,1,0
2020-11-27 16:19:37,34,1,1
2020-11-27 16:19:38,33,1,0
2020-11-27 16:19:39,32,1,0
2020-11-27 16:19:40,31,1,1
2020-11-27 16:19:41,32,1,1
2020-11-27 16:19:42,32,1,1
2020-11-27 16:19:43,33,1,1
2020-11-27 16:19:44,33,1,1
2020-11-27 16:19:45,33,1,0
2020-11-27 16:19:46,34,1,1
2020-11-27 16:19:47,34,1,0
2020-11-27 16:19:48,34,1,0
2020-11-27 16:19:49,34,1,0
2020-11-27 16:19:50,34,1,1
2020-11-27 16:19:51,34,1,0
2020-11-27 16:19:52,35,1,1
2020-11-27 16:19:53,38,1,0
2020-11-27 16:19:54,40,1,1
2020-11-27 16:19:55,41,1,1
2020-11-27 16:19:56,41,1,0
2020-11-27 16:19:57,40,1,0
2020-11-27 16:19:58,39,1,1
2020-11-27 16:19:59,39,1,1
2020-11-27 16:20:00,38,1,1
2020-11-27 16:20:01,38,1,1
2020-11-27 16:20:02,38,1,0
2020-11-27 16:20:03,38,1,1
2020-11-27 16:20:04,38,1,1
2020-11-27 16:20:05,37,1,1
2020-11-27 16:20:06,36,1,1
2020-11-27 16:20:07,36,1,1
2020-11-27 16:20:08,36,1,1
2020-11-27 16:20:09,36,1,0
2020-11-27 16:20:10,35,1,0
2020-11-27 16:20:11,35,1,0
2020-11-27 16:20:12,32,1,0
2020-11-27 16:20:13,29,1,1
2020-11-27 16:20:14,25,1,1
2020-11-27 16:20:15,22,1,1
2020-11-27 16:20:16,20,1,1
2020-11-27 16:20:17,20,1,1
2020-11-27 16:20:18,20,1,1
2020-11-27 16:20:19,19,1,1
2020-11-27 16:20:20,21,1,1
2020-11-27 16:20:21,22,1,1
2020-11-27 16:20:22,25,1,1
2020-11-27 16:20:23,26,1,1
2020-11-27 16:20:24,27,1,1
2020-11-27 16:20:25,26,1,1
2020-11-27 16:20:26,25,1,1
2020-11-27 16:20:27,24,1,1
2020-11-27 16:20:28,22,1,1
2020-11-27 16:20:29,19,1,1
2020-11-27 16:20:30,16,1,1
2020-11-27 16:20:31,16,1,1
2020-11-27 16:20:32,20,1,1
2020-11-27 16:20:33,24,1,1
2020-11-27 16:20:34,28,1,1
2020-11-27 16:20:35,31,1,1
2020-11-27 16:20:36,31,1,1
2020-11-27 16:20:37,31,1,1
2020-11-27 16:20:38,31,1,1
2020-11-27 16:20:39,32,1,1
2020-11-27 16:20:40,38,1,1
2020-11-27 16:20:41,35,1,1
2020-11-27 16:20:42,35,1,1
2020-11-27 16:20:43,35,1,1
2020-11-27 16:20:44,34,1,1
2020-11-27 16:20:45,34,1,1
2020-11-27 16:20:46,34,1,1
2020-11-27 16:20:47,34,1,1
2020-11-27 16:20:48,33,1,1
2020-11-27 16:20:49,33,1,1
2020-11-27 16:20:50,33,1,1
2020-11-27 16:20:51,35,1,1
2020-11-27 16:20:52,36,1,1
2020-11-27 16:20:53,37,1,1
2020-11-27 16:20:54,37,1,1
2020-11-27 16:20:55,37,1,1
2020-11-27 16:20:56,36,1,1
2020-11-27 16:20:57,36,1,1
2020-11-27 16:20:58,35,1,1
2020-11-27 16:20:59,34,1,1
2020-11-27 16:21:00,33,1,1
2020-11-27 16:21:01,33,1,1
2020-11-27 16:21:02,32,1,1
2020-11-27 16:21:03,28,1,1
2020-11-27 16:21:04,25,1,1
2020-11-27 16:21:05,21,1,1
2020-11-27 16:21:06,17,1,1
2020-11-27 16:21:07,15,1,1
2020-11-27 16:21:08,14,1,1
2020-11-27 16:21:09,13,1,1
2020-11-27 16:21:10,11,1,1
2020-11-27 16:21:11,8,1,1
2020-11-27 16:21:12,6,1,1
2020-11-27 16:21:13,4,1,1
2020-11-27 16:21:14,4,1,1
2020-11-27 16:21:15,3,1,1
2020-11-27 16:21:16,4,1,1
2020-11-27 16:21:17,4,1,1
2020-11-27 16:21:18,5,1,1
2020-11-27 16:21:19,5,1,1
2020-11-27 16:21:20,6,1,1
2020-11-27 16:21:21,7,1,1
2020-11-27 16:21:22,9,1,1
2020-11-27 16:21:23,14,1,1
2020-11-27 16:21:24,17,1,1
2020-11-27 16:21:25,20,1,1
2020-11-27 16:21:26,21,1,1
2020-11-27 16:21:27,22,1,1
2020-11-27 16:21:28,25,1,1
2020-11-27 16:21:29,27,1,1
2020-11-27 16:21:30,30,1,1
2020-11-27 16:21:31,32,1,1
2020-11-27 16:21:32,32,1,1
2020-11-27 16:21:33,33,1,1
2020-11-27 16:21:34,33,1,1
2020-11-27 16:21:35,34,1,1
2020-11-27 16:21:36,34,1,1
2020-11-27 16:21:37,34,1,1
2020-11-27 16:21:38,33,1,1
2020-11-27 16:21:39,33,1,1
2020-11-27 16:21:40,33,1,1
2020-11-27 16:21:41,33,1,1
2020-11-27 16:21:42,33,1,1
2020-11-27 16:21:43,33,1,1
2020-11-27 16:21:44,33,1,1
2020-11-27 16:21:45,33,1,1
2020-11-27 16:21:46,34,1,1
2020-11-27 16:21:47,35,1,1
2020-11-27 16:21:48,35,1,1
2020-11-27 16:21:49,36,1,1
2020-11-27 16:21:50,37,1,1
2020-11-27 16:21:51,37,1,1
2020-11-27 16:21:52,39,1,1
2020-11-27 16:21:53,41,1,1
2020-11-27 16:21:54,43,1,0
2020-11-27 16:21:55,46,1,0
2020-11-27 16:21:56,47,1,1
2020-11-27 16:21:57,47,1,1
2020-11-27 16:21:58,46,1,1
2020-11-27 16:21:59,45,1,1
2020-11-27 16:22:00,42,1,1
2020-11-27 16:22:01,40,1,1
2020-11-27 16:22:02,39,1,1
2020-11-27 16:22:03,39,1,1
2020-11-27 16:22:04,40,1,1
2020-11-27 16:22:05,41,1,0
2020-11-27 16:22:06,42,1,1
2020-11-27 16:22:07,42,1,0
2020-11-27 16:22:08,41,1,1
2020-11-27 16:22:09,39,1,0
2020-11-27 16:22:10,35,1,1
2020-11-27 16:22:11,32,1,1
2020-11-27 16:22:12,30,1,1
2020-11-27 16:22:13,28,1,1
2020-11-27 16:22:14,27,1,1
2020-11-27 16:22:15,26,1,1
2020-11-27 16:22:16,26,1,1
2020-11-27 16:22:17,26,1,1
2020-11-27 16:22:18,26,1,0
2020-11-27 16:22:19,26,1,0
2020-11-27 16:22:20,25,1,1
2020-11-27 16:22:21,24,1,0
2020-11-27 16:22:22,25,1,1
2020-11-27 16:22:23,28,1,1
2020-11-27 16:22:24,29,1,0
2020-11-27 16:22:25,29,1,1
2020-11-27 16:22:26,27,1,1
2020-11-27 16:22:27,26,1,1
2020-11-27 16:22:28,25,1,1
2020-11-27 16:22:29,25,1,1
2020-11-27 16:22:30,25,1,0
2020-11-27 16:22:31,26,1,1
2020-11-27 16:22:32,27,1,1
2020-11-27 16:22:33,29,1,1
2020-11-27 16:22:34,29,1,1
2020-11-27 16:22:35,29,1,1
2020-11-27 16:22:36,29,1,1
2020-11-27 16:22:37,29,1,1
2020-11-27 16:22:38,32,1,0
2020-11-27 16:22:39,33,1,1
2020-11-27 16:22:40,34,1,1
2020-11-27 16:22:41,34,1,1
2020-11-27 16:22:42,34,1,1
2020-11-27 16:22:43,34,1,1
2020-11-27 16:22:44,35,1,1
2020-11-27 16:22:45,36,1,1
2020-11-27 16:22:46,37,1,1
2020-11-27 16:22:47,37,1,1
2020-11-27 16:22:48,37,1,1
2020-11-27 16:22:49,37,1,1
2020-11-27 16:22:50,37,1,1
2020-11-27 16:22:51,37,1,1
2020-11-27 16:22:52,37,1,1
2020-11-27 16:22:53,37,1,1
2020-11-27 16:22:54,39,1,1
2020-11-27 16:22:55,41,1,1
2020-11-27 16:22:56,43,1,0
2020-11-27 16:22:57,44,1,0
2020-11-27 16:22:58,47,1,0
2020-11-27 16:22:59,50,1,0
2020-11-27 16:23:00,53,1,0
2020-11-27 16:23:01,53,1,0
2020-11-27 16:23:02,54,1,0
2020-11-27 16:23:03,54,1,0
2020-11-27 16:23:04,54,1,0
2020-11-27 16:23:05,53,1,1
2020-11-27 16:23:06,51,1,0
2020-11-27 16:23:07,58,1,1
2020-11-27 16:23:08,47,1,1
2020-11-27 16:23:09,47,1,1
2020-11-27 16:23:10,47,1,1
2020-11-27 16:23:11,49,1,1
2020-11-27 16:23:12,50,1,1
2020-11-27 16:23:13,51,1,1
2020-11-27 16:23:14,51,1,1
2020-11-27 16:23:15,51,1,1
2020-11-27 16:23:16,49,1,1
2020-11-27 16:23:17,47,1,0
2020-11-27 16:23:18,45,1,1
2020-11-27 16:23:19,43,1,1
2020-11-27 16:23:20,42,1,1
2020-11-27 16:23:21,42,1,1
2020-11-27 16:23:22,43,1,1
2020-11-27 16:23:23,43,1,1
2020-11-27 16:23:24,42,1,1
2020-11-27 16:23:25,41,1,1
2020-11-27 16:23:26,38,1,1
2020-11-27 16:23:27,37,1,1
2020-11-27 16:23:28,35,1,1
2020-11-27 16:23:29,35,1,1
2020-11-27 16:23:30,35,1,1
2020-11-27 16:23:31,36,1,1
2020-11-27 16:23:32,36,1,0
2020-11-27 16:23:33,36,1,1
2020-11-27 16:23:34,36,1,0
2020-11-27 16:23:35,36,1,1
2020-11-27 16:23:36,35,1,1
2020-11-27 16:23:37,35,1,1
2020-11-27 16:23:38,34,1,1
2020-11-27 16:23:39,34,1,1
2020-11-27 16:23:40,34,1,1
2020-11-27 16:23:41,34,1,1
2020-11-27 16:23:42,36,1,1
2020-11-27 16:23:43,38,1,1
2020-11-27 16:23:44,40,1,1
2020-11-27 16:23:45,40,1,1
2020-11-27 16:23:46,40,1,1
2020-11-27 16:23:47,40,1,1
2020-11-27 16:23:48,40,1,1
2020-11-27 16:23:49,40,1,1
2020-11-27 16:23:50,40,1,1
2020-11-27 16:23:51,40,1,1
2020-11-27 16:23:52,39,1,1
2020-11-27 16:23:53,39,1,1
2020-11-27 16:23:54,39,1,1
2020-11-27 16:23:55,39,1,1
2020-11-27 16:23:56,40,1,1
2020-11-27 16:23:57,40,1,1
2020-11-27 16:23:58,41,1,1
2020-11-27 16:23:59,41,1,1
2020-11-27 16:24:00,41,1,1
2020-11-27 16:24:01,42,1,1
2020-11-27 16:24:02,42,1,1
2020-11-27 16:24:03,42,1,1
2020-11-27 16:24:04,42,1,1
2020-11-27 16:24:05,44,1,1
2020-11-27 16:24:06,47,1,1
2020-11-27 16:24:07,48,1,1
2020-11-27 16:24:08,49,1,1
2020-11-27 16:24:09,49,1,1
2020-11-27 16:24:10,50,1,1
2020-11-27 16:24:11,58,1,1
2020-11-27 16:24:12,56,1,1
2020-11-27 16:24:13,57,1,1
2020-11-27 16:24:14,58,1,1
2020-11-27 16:24:15,58,1,1
2020-11-27 16:24:16,59,1,1
2020-11-27 16:24:17,59,1,1
2020-11-27 16:24:18,58,1,1
2020-11-27 16:24:19,55,1,1
2020-11-27 16:24:20,51,1,1
2020-11-27 16:24:21,48,1,1
2020-11-27 16:24:22,46,1,1
2020-11-27 16:24:23,45,1,1
2020-11-27 16:24:24,45,1,0
2020-11-27 16:24:25,45,1,1
2020-11-27 16:24:26,46,1,1
2020-11-27 16:24:27,47,1,1
2020-11-27 16:24:28,49,1,1
2020-11-27 16:24:29,49,1,1
2020-11-27 16:24:30,49,1,1
2020-11-27 16:24:31,49,1,1
2020-11-27 16:24:32,49,1,1
2020-11-27 16:24:33,47,1,1
2020-11-27 16:24:34,45,1,1
2020-11-27 16:24:35,43,1,1
2020-11-27 16:24:36,39,1,1
2020-11-27 16:24:37,37,1,1
2020-11-27 16:24:38,35,1,1
2020-11-27 16:24:39,34,1,1
2020-11-27 16:24:40,33,1,1
2020-11-27 16:24:41,33,1,1
2020-11-27 16:24:42,34,1,1
2020-11-27 16:24:43,34,1,1
2020-11-27 16:24:44,34,1,1
2020-11-27 16:24:45,34,1,1
2020-11-27 16:24:46,34,1,1
2020-11-27 16:24:47,34,1,1
2020-11-27 16:24:48,35,1,1
2020-11-27 16:24:49,36,1,1
2020-11-27 16:24:50,37,1,1
2020-11-27 16:24:51,38,1,1
2020-11-27 16:24:52,37,1,1
2020-11-27 16:24:53,37,1,1
2020-11-27 16:24:54,36,1,1
2020-11-27 16:24:55,36,1,1
2020-11-27 16:24:56,35,1,1
2020-11-27 16:24:57,34,1,1
2020-11-27 16:24:58,32,1,1
2020-11-27 16:24:59,30,1,1
2020-11-27 16:25:00,28,1,1
2020-11-27 16:25:01,26,1,1
2020-11-27 16:25:02,24,1,1
2020-11-27 16:25:03,24,1,1
2020-11-27 16:25:04,23,1,1
2020-11-27 16:25:05,23,1,1
2020-11-27 16:25:06,24,1,1
2020-11-27 16:25:07,27,1,1
2020-11-27 16:25:08,32,1,1
2020-11-27 16:25:09,36,1,1
2020-11-27 16:25:10,38,1,1
2020-11-27 16:25:11,40,1,0
2020-11-27 16:25:12,40,1,1
2020-11-27 16:25:13,41,1,1
2020-11-27 16:25:14,42,1,1
2020-11-27 16:25:15,42,1,1
2020-11-27 16:25:16,43,1,1
2020-11-27 16:25:17,42,1,1
2020-11-27 16:25:18,43,1,1
2020-11-27 16:25:19,44,1,1
2020-11-27 16:25:20,46,1,0
2020-11-27 16:25:21,49,1,1
2020-11-27 16:25:22,50,1,1
2020-11-27 16:25:23,51,1,1
2020-11-27 16:25:24,51,1,1
2020-11-27 16:25:25,51,1,0
2020-11-27 16:25:26,49,1,1
2020-11-27 16:25:27,47,1,1
2020-11-27 16:25:28,45,1,0
2020-11-27 16:25:29,44,1,1
2020-11-27 16:25:30,42,1,1
2020-11-27 16:25:31,40,1,1
2020-11-27 16:25:32,40,1,1
2020-11-27 16:25:33,39,1,1
2020-11-27 16:25:34,38,1,1
2020-11-27 16:25:35,37,1,1
2020-11-27 16:25:36,37,1,1
2020-11-27 16:25:37,35,1,1
2020-11-27 16:25:38,34,1,1
2020-11-27 16:25:39,34,1,1
2020-11-27 16:25:40,34,1,1
2020-11-27 16:25:41,34,1,1
2020-11-27 16:25:42,35,1,1
2020-11-27 16:25:43,38,1,1
2020-11-27 16:25:44,40,1,1
2020-11-27 16:25:45,40,1,1
2020-11-27 16:25:46,40,1,1
2020-11-27 16:25:47,40,1,1
2020-11-27 16:25:48,40,1,1
2020-11-27 16:25:49,42,1,1
2020-11-27 16:25:50,45,1,1
2020-11-27 16:25:51,47,1,1
2020-11-27 16:25:52,48,1,1
2020-11-27 16:25:53,47,1,1
2020-11-27 16:25:54,48,1,1
2020-11-27 16:25:55,47,1,1
2020-11-27 16:25:56,46,1,1
2020-11-27 16:25:57,45,1,1
2020-11-27 16:25:58,43,1,1
2020-11-27 16:25:59,43,1,1
2020-11-27 16:26:00,43,1,1
2020-11-27 16:26:01,45,1,1
2020-11-27 16:26:02,47,1,1
2020-11-27 16:26:03,50,1,1
2020-11-27 16:26:04,50,1,1
2020-11-27 16:26:05,50,1,1
2020-11-27 16:26:06,50,1,1
2020-11-27 16:26:07,50,1,1
2020-11-27 16:26:08,50,1,1
2020-11-27 16:26:09,50,1,1
2020-11-27 16:26:10,51,1,1
2020-11-27 16:26:11,53,1,1
2020-11-27 16:26:12,55,1,1
2020-11-27 16:26:13,58,1,1
2020-11-27 16:26:14,60,1,1
2020-11-27 16:26:15,63,1,1
2020-11-27 16:26:16,65,1,1
2020-11-27 16:26:17,68,1,1
2020-11-27 16:26:18,71,1,1
2020-11-27 16:26:19,73,1,1
2020-11-27 16:26:20,75,1,1
2020-11-27 16:26:21,75,1,1
2020-11-27 16:26:22,75,1,1
2020-11-27 16:26:23,76,1,1
2020-11-27 16:26:24,77,1,1
2020-11-27 16:26:25,78,1,0
2020-11-27 16:26:26,78,1,1
2020-11-27 16:26:27,79,1,1
2020-11-27 16:26:28,79,1,1
2020-11-27 16:26:29,78,1,1
2020-11-27 16:26:30,77,1,1
2020-11-27 16:26:31,77,1,1
2020-11-27 16:26:32,77,1,1
2020-11-27 16:26:33,77,1,1
2020-11-27 16:26:34,77,1,1
2020-11-27 16:26:35,76,1,1
2020-11-27 16:26:36,75,1,1
2020-11-27 16:26:37,75,1,1
2020-11-27 16:26:38,75,1,1
2020-11-27 16:26:39,75,1,1
2020-11-27 16:26:40,76,1,1
2020-11-27 16:26:41,76,1,1
2020-11-27 16:26:42,76,1,1
2020-11-27 16:26:43,76,1,1
2020-11-27 16:26:44,76,1,1
2020-11-27 16:26:45,75,1,1
2020-11-27 16:26:46,75,1,1
2020-11-27 16:26:47,75,1,1
2020-11-27 16:26:48,75,1,1
2020-11-27 16:26:49,74,1,1
2020-11-27 16:26:50,74,1,1
2020-11-27 16:26:51,72,1,1
2020-11-27 16:26:52,71,1,1
2020-11-27 16:26:53,67,1,1
2020-11-27 16:26:54,65,1,1
2020-11-27 16:26:55,63,1,1
2020-11-27 16:26:56,60,1,1
2020-11-27 16:26:57,59,1,0
2020-11-27 16:26:58,59,1,1
2020-11-27 16:26:59,59,1,1
2020-11-27 16:27:00,60,1,1
2020-11-27 16:27:01,60,1,1
2020-11-27 16:27:02,61,1,1
2020-11-27 16:27:03,61,1,1
2020-11-27 16:27:04,62,1,1
2020-11-27 16:27:05,64,1,1
2020-11-27 16:27:06,66,1,1
2020-11-27 16:27:07,66,1,1
2020-11-27 16:27:08,66,1,1
2020-11-27 16:27:09,66,1,1
2020-11-27 16:27:10,65,1,1
2020-11-27 16:27:11,63,1,1
2020-11-27 16:27:12,61,1,1
2020-11-27 16:27:13,58,1,1
2020-11-27 16:27:14,57,1,1
2020-11-27 16:27:15,57,1,1
2020-11-27 16:27:16,57,1,1
2020-11-27 16:27:17,58,1,1
2020-11-27 16:27:18,60,1,1
2020-11-27 16:27:19,61,1,1
2020-11-27 16:27:20,61,1,1
2020-11-27 16:27:21,61,1,1
2020-11-27 16:27:22,61,1,1
2020-11-27 16:27:23,60,1,1
2020-11-27 16:27:24,59,1,1
2020-11-27 16:27:25,58,1,1
2020-11-27 16:27:26,57,1,1
2020-11-27 16:27:27,56,1,1
2020-11-27 16:27:28,55,1,1
2020-11-27 16:27:29,54,1,1
2020-11-27 16:27:30,52,1,1
2020-11-27 16:27:31,51,1,1
2020-11-27 16:27:32,50,1,1
2020-11-27 16:27:33,50,1,1
2020-11-27 16:27:34,50,1,1
2020-11-27 16:27:35,50,1,1
2020-11-27 16:27:36,50,1,1
2020-11-27 16:27:37,51,1,1
2020-11-27 16:27:38,52,1,1
2020-11-27 16:27:39,53,1,1
2020-11-27 16:27:40,54,1,1
2020-11-27 16:27:41,54,1,1
2020-11-27 16:27:42,54,1,1
2020-11-27 16:27:43,54,1,1
2020-11-27 16:27:44,56,1,1
2020-11-27 16:27:45,59,1,1
2020-11-27 16:27:46,62,1,1
2020-11-27 16:27:47,64,1,1
2020-11-27 16:27:48,65,1,1
2020-11-27 16:27:49,68,1,1
2020-11-27 16:27:50,70,1,1
2020-11-27 16:27:51,71,1,1
2020-11-27 16:27:52,71,1,1
2020-11-27 16:27:53,71,1,1
2020-11-27 16:27:54,72,1,1
2020-11-27 16:27:55,73,1,1
2020-11-27 16:27:56,74,1,1
2020-11-27 16:27:57,75,1,1
2020-11-27 16:27:58,76,1,1
2020-11-27 16:27:59,76,1,1
2020-11-27 16:28:00,75,1,1
2020-11-27 16:28:01,74,1,1
2020-11-27 16:28:02,73,1,1
2020-11-27 16:28:03,71,1,1
2020-11-27 16:28:04,69,1,1
2020-11-27 16:28:05,66,1,1
2020-11-27 16:28:06,65,1,1
2020-11-27 16:28:07,64,1,1
2020-11-27 16:28:08,64,1,1
2020-11-27 16:28:09,63,1,1
2020-11-27 16:28:10,63,1,1
2020-11-27 16:28:11,61,1,1
2020-11-27 16:28:12,59,1,1
2020-11-27 16:28:13,56,1,1
2020-11-27 16:28:14,55,1,1
2020-11-27 16:28:15,54,1,1
2020-11-27 16:28:16,55,1,1
2020-11-27 16:28:17,56,1,1
2020-11-27 16:28:18,59,1,1
2020-11-27 16:28:19,68,1,1
2020-11-27 16:28:20,63,1,1
2020-11-27 16:28:21,65,1,1
2020-11-27 16:28:22,66,1,1
2020-11-27 16:28:23,67,1,1
2020-11-27 16:28:24,68,1,1
2020-11-27 16:28:25,70,1,1
2020-11-27 16:28:26,72,1,1
2020-11-27 16:28:27,74,1,1
2020-11-27 16:28:28,76,1,1
2020-11-27 16:28:29,77,1,1
2020-11-27 16:28:30,79,1,1
2020-11-27 16:28:31,80,1,1
2020-11-27 16:28:32,81,1,1
2020-11-27 16:28:33,82,1,1
2020-11-27 16:28:34,82,1,1
2020-11-27 16:28:35,81,1,1
2020-11-27 16:28:36,78,1,1
2020-11-27 16:28:37,75,1,1
2020-11-27 16:28:38,69,1,1
2020-11-27 16:28:39,67,1,1
2020-11-27 16:28:40,66,1,1
2020-11-27 16:28:41,66,1,1
2020-11-27 16:28:42,66,1,1
2020-11-27 16:28:43,65,1,1
2020-11-27 16:28:44,65,1,1
2020-11-27 16:28:45,66,1,1
2020-11-27 16:28:46,68,1,1
2020-11-27 16:28:47,68,1,1
2020-11-27 16:28:48,68,1,1
2020-11-27 16:28:49,67,1,1
2020-11-27 16:28:50,66,1,1
2020-11-27 16:28:51,64,1,1
2020-11-27 16:28:52,63,1,1
2020-11-27 16:28:53,63,1,1
2020-11-27 16:28:54,63,1,1
2020-11-27 16:28:55,63,1,1
2020-11-27 16:28:56,63,1,1
2020-11-27 16:28:57,63,1,1
2020-11-27 16:28:58,63,1,1
2020-11-27 16:28:59,63,1,1
2020-11-27 16:29:00,6,1,1
2020-11-27 16:29:01,61,1,1
2020-11-27 16:29:02,61,1,1
2020-11-27 16:29:03,60,1,1
2020-11-27 16:29:04,60,1,1
2020-11-27 16:29:05,60,1,1
2020-11-27 16:29:06,59,1,1
2020-11-27 16:29:07,58,1,1
2020-11-27 16:29:08,57,1,1
2020-11-27 16:29:09,56,1,1
2020-11-27 16:29:10,57,1,1
2020-11-27 16:29:11,57,1,1
2020-11-27 16:29:12,58,1,1
2020-11-27 16:29:13,60,1,1
2020-11-27 16:29:14,60,1,1
2020-11-27 16:29:15,60,1,1
2020-11-27 16:29:16,61,1,1
2020-11-27 16:29:17,61,1,1
2020-11-27 16:29:18,60,1,1
2020-11-27 16:29:19,60,1,1
2020-11-27 16:29:20,61,1,1
2020-11-27 16:29:21,62,1,1
2020-11-27 16:29:22,63,1,1
2020-11-27 16:29:23,65,1,1
2020-11-27 16:29:24,65,1,1
2020-11-27 16:29:25,66,1,1
2020-11-27 16:29:26,66,1,1
2020-11-27 16:29:27,66,1,1
2020-11-27 16:29:28,65,1,1
2020-11-27 16:29:29,65,1,1
2020-11-27 16:29:30,64,1,1
2020-11-27 16:29:31,64,1,1
2020-11-27 16:29:32,64,1,1
2020-11-27 16:29:33,63,1,1
2020-11-27 16:29:34,63,1,1
2020-11-27 16:29:35,60,1,1
2020-11-27 16:29:36,58,1,1
2020-11-27 16:29:37,56,1,1
2020-11-27 16:29:38,56,1,1
2020-11-27 16:29:39,57,1,1
2020-11-27 16:29:40,60,1,1
2020-11-27 16:29:41,63,1,1
2020-11-27 16:29:42,65,1,1
2020-11-27 16:29:43,66,1,1
2020-11-27 16:29:44,68,1,1
2020-11-27 16:29:45,69,1,1
2020-11-27 16:29:46,71,1,1
2020-11-27 16:29:47,72,1,1
2020-11-27 16:29:48,74,1,1
2020-11-27 16:29:49,74,1,1
2020-11-27 16:29:50,74,1,1
2020-11-27 16:29:51,74,1,1
2020-11-27 16:29:52,74,1,1
2020-11-27 16:29:53,73,1,1
2020-11-27 16:29:54,72,1,1
2020-11-27 16:29:55,71,1,1
2020-11-27 16:29:56,70,1,1
2020-11-27 16:29:57,70,1,1
2020-11-27 16:29:58,70,1,1
2020-11-27 16:29:59,70,1,1
2020-11-27 16:30:00,70,1,1
2020-11-27 16:30:01,71,1,1
2020-11-27 16:30:02,73,1,1
2020-11-27 16:30:03,75,1,1
2020-11-27 16:30:04,75,1,1
2020-11-27 16:30:05,76,1,1
2020-11-27 16:30:06,76,1,1
2020-11-27 16:30:07,76,1,1
2020-11-27 16:30:08,76,1,1
2020-11-27 16:30:09,76,1,1
2020-11-27 16:30:10,76,1,1
2020-11-27 16:30:11,76,1,1
2020-11-27 16:30:12,77,1,1
2020-11-27 16:30:13,78,1,1
2020-11-27 16:30:14,78,1,1
2020-11-27 16:30:15,78,1,1
2020-11-27 16:30:16,78,1,1
2020-11-27 16:30:17,78,1,1
2020-11-27 16:30:18,78,1,1
2020-11-27 16:30:19,78,1,1
2020-11-27 16:30:20,78,1,1
2020-11-27 16:30:21,78,1,1
2020-11-27 16:30:22,77,1,1
2020-11-27 16:30:23,76,1,1
2020-11-27 16:30:24,75,1,1
2020-11-27 16:30:25,72,1,1
2020-11-27 16:30:26,70,1,1
2020-11-27 16:30:27,69,1,1
2020-11-27 16:30:28,63,1,1
2020-11-27 16:30:29,60,1,1
2020-11-27 16:30:30,53,1,1
2020-11-27 16:30:31,49,1,1
2020-11-27 16:30:32,48,1,1
2020-11-27 16:30:33,46,1,1
2020-11-27 16:30:34,45,1,1
2020-11-27 16:30:35,45,1,1
2020-11-27 16:30:36,44,1,0
2020-11-27 16:30:37,43,1,1
2020-11-27 16:30:38,41,1,1
2020-11-27 16:30:39,41,1,1
2020-11-27 16:30:40,41,1,1
2020-11-27 16:30:41,41,1,1
2020-11-27 16:30:42,41,1,1
2020-11-27 16:30:43,41,1,1
2020-11-27 16:30:44,41,1,1
2020-11-27 16:30:45,41,1,1
2020-11-27 16:30:46,43,1,1
2020-11-27 16:30:47,46,1,1
2020-11-27 16:30:48,48,1,1
2020-11-27 16:30:49,49,1,1
2020-11-27 16:30:50,50,1,1
2020-11-27 16:30:51,50,1,1
2020-11-27 16:30:52,51,1,1
2020-11-27 16:30:53,50,1,1
2020-11-27 16:30:54,49,1,1
2020-11-27 16:30:55,46,1,0
2020-11-27 16:30:56,45,1,1
2020-11-27 16:30:57,44,1,1
2020-11-27 16:30:58,43,1,1
2020-11-27 16:30:59,43,1,1
2020-11-27 16:31:00,41,1,1
2020-11-27 16:31:01,40,1,1
2020-11-27 16:31:02,40,1,1
2020-11-27 16:31:03,38,1,1
2020-11-27 16:31:04,37,1,1
2020-11-27 16:31:05,37,1,1
2020-11-27 16:31:06,36,1,1
2020-11-27 16:31:07,33,1,1
2020-11-27 16:31:08,29,1,1
2020-11-27 16:31:09,27,1,1
2020-11-27 16:31:10,26,1,1
2020-11-27 16:31:11,25,1,1
2020-11-27 16:31:12,25,1,1
2020-11-27 16:31:13,21,1,1
2020-11-27 16:31:14,15,1,1
2020-11-27 16:31:15,9,1,1
2020-11-27 16:31:16,5,1,1
2020-11-27 16:31:17,4,1,1
2020-11-27 16:31:18,3,1,1
2020-11-27 16:31:19,3,1,1
2020-11-27 16:31:20,4,1,1
2020-11-27 16:31:21,5,1,1
2020-11-27 16:31:22,5,1,1
2020-11-27 16:31:23,5,1,1
2020-11-27 16:31:24,5,1,1
2020-11-27 16:31:25,6,1,1
2020-11-27 16:31:26,6,1,1
2020-11-27 16:31:27,6,1,1
2020-11-27 16:31:28,5,1,1
2020-11-27 16:31:29,5,1,1
2020-11-27 16:31:30,5,1,1
2020-11-27 16:31:31,6,1,1
2020-11-27 16:31:32,7,1,1
2020-11-27 16:31:33,12,1,1
2020-11-27 16:31:34,17,1,1
2020-11-27 16:31:35,22,1,1
2020-11-27 16:31:36,25,1,1
2020-11-27 16:31:37,29,1,1
2020-11-27 16:31:38,32,1,1
2020-11-27 16:31:39,34,1,1
2020-11-27 16:31:40,36,1,1
2020-11-27 16:31:41,37,1,1
2020-11-27 16:31:42,37,1,1
2020-11-27 16:31:43,36,1,1
2020-11-27 16:31:44,36,1,1
2020-11-27 16:31:45,38,1,1
2020-11-27 16:31:46,40,1,1
2020-11-27 16:31:47,41,1,1
2020-11-27 16:31:48,42,1,1
2020-11-27 16:31:49,43,1,1
2020-11-27 16:31:50,43,1,1
2020-11-27 16:31:51,43,1,1
2020-11-27 16:31:52,43,1,1
2020-11-27 16:31:53,42,1,1
2020-11-27 16:31:54,42,1,1
2020-11-27 16:31:55,43,1,1
2020-11-27 16:31:56,44,1,1
2020-11-27 16:31:57,45,1,1
2020-11-27 16:31:58,47,1,1
2020-11-27 16:31:59,49,1,1
2020-11-27 16:32:00,51,1,1
2020-11-27 16:32:01,52,1,1
2020-11-27 16:32:02,53,1,1
2020-11-27 16:32:03,56,1,0
2020-11-27 16:32:04,58,1,1
2020-11-27 16:32:05,60,1,1
2020-11-27 16:32:06,61,1,1
2020-11-27 16:32:07,61,1,1
2020-11-27 16:32:08,62,1,1
2020-11-27 16:32:09,62,1,1
2020-11-27 16:32:10,63,1,1
2020-11-27 16:32:11,63,1,1
2020-11-27 16:32:12,62,1,1
2020-11-27 16:32:13,61,1,1
2020-11-27 16:32:14,59,1,1
2020-11-27 16:32:15,58,1,1
2020-11-27 16:32:16,54,1,0
2020-11-27 16:32:17,51,1,0
2020-11-27 16:32:18,47,1,0
2020-11-27 16:32:19,44,1,0
2020-11-27 16:32:20,42,1,1
2020-11-27 16:32:21,42,1,1
2020-11-27 16:32:22,41,1,1
2020-11-27 16:32:23,37,1,1
2020-11-27 16:32:24,36,1,1
2020-11-27 16:32:25,34,1,1
2020-11-27 16:32:26,34,1,1
2020-11-27 16:32:27,34,1,1
2020-11-27 16:32:28,34,1,1
2020-11-27 16:32:29,34,1,1
2020-11-27 16:32:30,36,1,1
2020-11-27 16:32:31,39,1,1
2020-11-27 16:32:32,41,1,1
2020-11-27 16:32:33,42,1,1
2020-11-27 16:32:34,42,1,1
2020-11-27 16:32:35,42,1,1
2020-11-27 16:32:36,43,1,1
2020-11-27 16:32:37,43,1,1
2020-11-27 16:32:38,43,1,1
2020-11-27 16:32:39,44,1,1
2020-11-27 16:32:40,46,1,1
2020-11-27 16:32:41,47,1,1
2020-11-27 16:32:42,88,1,1
2020-11-27 16:32:43,51,1,1
2020-11-27 16:32:44,52,1,1
2020-11-27 16:32:45,58,1,1
2020-11-27 16:32:46,54,1,1
2020-11-27 16:32:47,56,1,1
2020-11-27 16:32:48,57,1,1
2020-11-27 16:32:49,57,1,1
2020-11-27 16:32:50,58,1,1
2020-11-27 16:32:51,59,1,1
2020-11-27 16:32:52,59,1,1
2020-11-27 16:32:53,59,1,1
2020-11-27 16:32:54,59,1,1
2020-11-27 16:32:55,57,1,1
2020-11-27 16:32:56,55,1,1
2020-11-27 16:32:57,54,1,1
2020-11-27 16:32:58,53,1,1
2020-11-27 16:32:59,52,1,1
2020-11-27 16:33:00,49,1,1
2020-11-27 16:33:01,47,1,1
2020-11-27 16:33:02,45,1,1
2020-11-27 16:33:03,45,1,1
2020-11-27 16:33:04,46,1,1
2020-11-27 16:33:05,48,1,1
2020-11-27 16:33:06,50,1,1
2020-11-27 16:33:07,50,1,1
2020-11-27 16:33:08,51,1,1
2020-11-27 16:33:09,52,1,1
2020-11-27 16:33:10,54,1,1
2020-11-27 16:33:11,55,1,1
2020-11-27 16:33:12,55,1,1
2020-11-27 16:33:13,56,1,1
2020-11-27 16:33:14,57,1,1
2020-11-27 16:33:15,58,1,1
2020-11-27 16:33:16,60,1,1
2020-11-27 16:33:17,61,1,1
2020-11-27 16:33:18,63,1,1
2020-11-27 16:33:19,65,1,1
2020-11-27 16:33:20,67,1,1
2020-11-27 16:33:21,69,1,1
2020-11-27 16:33:22,70,1,1
2020-11-27 16:33:23,70,1,1
2020-11-27 16:33:24,70,1,1
2020-11-27 16:33:25,70,1,1
2020-11-27 16:33:26,70,1,1
2020-11-27 16:33:27,69,1,1
2020-11-27 16:33:28,68,1,1
2020-11-27 16:33:29,67,1,1
2020-11-27 16:33:30,66,1,1
2020-11-27 16:33:31,65,1,1
2020-11-27 16:33:32,65,1,1
2020-11-27 16:33:33,65,1,1
2020-11-27 16:33:34,65,1,1
2020-11-27 16:33:35,64,1,1
2020-11-27 16:33:36,63,1,1
2020-11-27 16:33:37,62,1,1
2020-11-27 16:33:38,60,1,1
2020-11-27 16:33:39,60,1,1
2020-11-27 16:33:40,61,1,1
2020-11-27 16:33:41,63,1,1
2020-11-27 16:33:42,66,1,1
2020-11-27 16:33:43,69,1,1
2020-11-27 16:33:44,72,1,1
2020-11-27 16:33:45,75,1,1
2020-11-27 16:33:46,76,1,1
2020-11-27 16:33:47,77,1,1
2020-11-27 16:33:48,78,1,1
2020-11-27 16:33:49,79,1,1
2020-11-27 16:33:50,79,1,1
2020-11-27 16:33:51,77,1,1
2020-11-27 16:33:52,76,1,1
2020-11-27 16:33:53,7,1,1
2020-11-27 16:33:54,74,1,1
2020-11-27 16:33:55,75,1,1
2020-11-27 16:33:56,76,1,1
2020-11-27 16:33:57,77,1,1
2020-11-27 16:33:58,80,1,1
2020-11-27 16:33:59,82,1,1
2020-11-27 16:34:00,83,1,1
2020-11-27 16:34:01,84,1,1
2020-11-27 16:34:02,84,1,1
2020-11-27 16:34:03,85,1,1
2020-11-27 16:34:04,85,1,1
2020-11-27 16:34:05,86,1,1
2020-11-27 16:34:06,86,1,1
2020-11-27 16:34:07,87,1,1
2020-11-27 16:34:08,87,1,1
2020-11-27 16:34:09,87,1,1
2020-11-27 16:34:10,87,1,1
2020-11-27 16:34:11,86,1,1
2020-11-27 16:34:12,85,1,1
2020-11-27 16:34:13,83,1,1
2020-11-27 16:34:14,81,1,1
2020-11-27 16:34:15,7,1,1
2020-11-27 16:34:16,76,1,1
2020-11-27 16:34:17,75,1,1
2020-11-27 16:34:18,74,1,1
2020-11-27 16:34:19,73,1,1
2020-11-27 16:34:20,71,1,1
2020-11-27 16:34:21,72,1,1
2020-11-27 16:34:22,73,1,1
2020-11-27 16:34:23,76,1,1
2020-11-27 16:34:24,79,1,1
2020-11-27 16:34:25,83,1,1
2020-11-27 16:34:26,86,1,1
2020-11-27 16:34:27,88,1,1
2020-11-27 16:34:28,92,1,1
2020-11-27 16:34:29,95,1,1
2020-11-27 16:34:30,97,1,1
2020-11-27 16:34:31,92,1,1
2020-11-27 16:34:32,88,1,1
2020-11-27 16:34:33,85,1,0
2020-11-27 16:34:34,82,1,1
2020-11-27 16:34:35,81,1,1
2020-11-27 16:34:36,81,1,0
2020-11-27 16:34:37,82,1,1
2020-11-27 16:34:38,84,1,1
2020-11-27 16:34:39,85,1,1
2020-11-27 16:34:40,87,1,1
2020-11-27 16:34:41,88,1,1
2020-11-27 16:34:42,88,1,1
2020-11-27 16:34:43,89,1,1
2020-11-27 16:34:44,89,1,1
2020-11-27 16:34:45,89,1,1
2020-11-27 16:34:46,89,1,1
2020-11-27 16:34:47,89,1,1
2020-11-27 16:34:48,88,1,1
2020-11-27 16:34:49,86,1,1
2020-11-27 16:34:50,82,1,1
2020-11-27 16:34:51,81,1,1
2020-11-27 16:34:52,80,1,1
2020-11-27 16:34:53,81,1,1
2020-11-27 16:34:54,83,1,1
2020-11-27 16:34:55,85,1,1
2020-11-27 16:34:56,87,1,1
2020-11-27 16:34:57,89,1,1
2020-11-27 16:34:58,90,1,1
2020-11-27 16:34:59,92,1,1
2020-11-27 16:35:00,93,1,1
2020-11-27 16:35:01,95,1,1
2020-11-27 16:35:02,96,1,1
2020-11-27 16:35:03,97,1,1
2020-11-27 16:35:04,97,1,1
2020-11-27 16:35:05,98,1,1
2020-11-27 16:35:06,97,1,1
2020-11-27 16:35:07,97,1,1
2020-11-27 16:35:08,95,1,1
2020-11-27 16:35:09,94,1,1
2020-11-27 16:35:10,93,1,1
2020-11-27 16:35:11,91,1,1
2020-11-27 16:35:12,88,1,1
2020-11-27 16:35:13,87,1,1
2020-11-27 16:35:14,86,1,1
2020-11-27 16:35:15,85,1,1
2020-11-27 16:35:16,84,1,1
2020-11-27 16:35:17,84,1,1
2020-11-27 16:35:18,84,1,1
2020-11-27 16:35:19,84,1,1
2020-11-27 16:35:20,83,1,1
2020-11-27 16:35:21,82,1,1
2020-11-27 16:35:22,82,1,1
2020-11-27 16:35:23,82,1,1
2020-11-27 16:35:24,81,1,1
2020-11-27 16:35:25,81,1,1
2020-11-27 16:35:26,81,1,1
2020-11-27 16:35:27,81,1,1
2020-11-27 16:35:28,81,1,1
2020-11-27 16:35:29,81,1,1
2020-11-27 16:35:30,82,1,1
2020-11-27 16:35:31,82,1,1
2020-11-27 16:35:32,82,1,1
2020-11-27 16:35:33,82,1,1
2020-11-27 16:35:34,82,1,1
2020-11-27 16:35:35,81,1,1
2020-11-27 16:35:36,80,1,1
2020-11-27 16:35:37,78,1,0
2020-11-27 16:35:38,76,1,1
2020-11-27 16:35:39,76,1,1
2020-11-27 16:35:40,75,1,1
2020-11-27 16:35:41,75,1,1
2020-11-27 16:35:42,74,1,1
2020-11-27 16:35:43,74,1,1
2020-11-27 16:35:44,74,1,1
2020-11-27 16:35:45,74,1,1
2020-11-27 16:35:46,74,1,1
2020-11-27 16:35:47,74,1,1
2020-11-27 16:35:48,76,1,1
2020-11-27 16:35:49,77,1,1
2020-11-27 16:35:50,78,1,1
2020-11-27 16:35:51,78,1,1
2020-11-27 16:35:52,79,1,1
2020-11-27 16:35:53,79,1,1
2020-11-27 16:35:54,79,1,1
2020-11-27 16:35:55,79,1,1
2020-11-27 16:35:56,79,1,1
2020-11-27 16:35:57,79,1,1
2020-11-27 16:35:58,8,1,1
2020-11-27 16:35:59,8,1,1
2020-11-27 16:36:00,81,1,1
2020-11-27 16:36:01,82,1,1
2020-11-27 16:36:02,82,1,1
2020-11-27 16:36:03,83,1,1
2020-11-27 16:36:04,83,1,1
2020-11-27 16:36:05,82,1,1
2020-11-27 16:36:06,82,1,1
2020-11-27 16:36:07,82,1,1
2020-11-27 16:36:08,82,1,1
2020-11-27 16:36:09,82,1,1
2020-11-27 16:36:10,82,1,1
2020-11-27 16:36:11,82,1,1
2020-11-27 16:36:12,82,1,1
2020-11-27 16:36:13,83,1,1
2020-11-27 16:36:14,85,1,1
2020-11-27 16:36:15,85,1,1
2020-11-27 16:36:16,85,1,1
2020-11-27 16:36:17,85,1,1
2020-11-27 16:36:18,86,1,1
2020-11-27 16:36:19,86,1,1
2020-11-27 16:36:20,86,1,1
2020-11-27 16:36:21,86,1,1
2020-11-27 16:36:22,86,1,1
2020-11-27 16:36:23,86,1,1
2020-11-27 16:36:24,85,1,1
2020-11-27 16:36:25,83,1,1
2020-11-27 16:36:26,82,1,1
2020-11-27 16:36:27,80,1,1
2020-11-27 16:36:28,77,1,1
2020-11-27 16:36:29,75,1,1
2020-11-27 16:36:30,73,1,1
2020-11-27 16:36:31,73,1,1
2020-11-27 16:36:32,71,1,1
2020-11-27 16:36:33,65,1,1
2020-11-27 16:36:34,57,1,1
2020-11-27 16:36:35,46,1,1
2020-11-27 16:36:36,44,1,1
2020-11-27 16:36:37,42,1,1
2020-11-27 16:36:38,4,1,1
2020-11-27 16:36:39,39,1,1
2020-11-27 16:36:40,39,1,1
2020-11-27 16:36:41,38,1,1
2020-11-27 16:36:42,38,1,1
2020-11-27 16:36:43,38,1,1
2020-11-27 16:36:44,38,1,1
2020-11-27 16:36:45,39,1,1
2020-11-27 16:36:46,42,1,1
2020-11-27 16:36:47,45,1,0
2020-11-27 16:36:48,47,1,0
2020-11-27 16:36:49,49,1,0
2020-11-27 16:36:50,52,1,0
2020-11-27 16:36:51,54,1,0
2020-11-27 16:36:52,57,1,0
2020-11-27 16:36:53,6,1,0
2020-11-27 16:36:54,61,1,0
2020-11-27 16:36:55,63,1,0
2020-11-27 16:36:56,65,1,0
2020-11-27 16:36:57,67,1,0
2020-11-27 16:36:58,68,1,0
2020-11-27 16:36:59,69,1,0
2020-11-27 16:37:00,7,1,1
2020-11-27 16:37:01,71,1,1
2020-11-27 16:37:02,71,1,1
2020-11-27 16:37:03,72,1,1
2020-11-27 16:37:04,72,1,1
2020-11-27 16:37:05,72,1,1
2020-11-27 16:37:06,72,1,1
2020-11-27 16:37:07,72,1,1
2020-11-27 16:37:08,72,1,1
2020-11-27 16:37:09,73,1,1
2020-11-27 16:37:10,72,1,1
2020-11-27 16:37:11,72,1,1
2020-11-27 16:37:12,7,1,1
2020-11-27 16:37:13,69,1,1
2020-11-27 16:37:14,67,1,1
2020-11-27 16:37:15,65,1,1
2020-11-27 16:37:16,63,1,1
2020-11-27 16:37:17,63,1,1
2020-11-27 16:37:18,62,1,1
2020-11-27 16:37:19,62,1,1
2020-11-27 16:37:20,63,1,0
2020-11-27 16:37:21,65,1,0
2020-11-27 16:37:22,65,1,0
2020-11-27 16:37:23,65,1,0
2020-11-27 16:37:24,66,1,1
2020-11-27 16:37:25,67,1,1
2020-11-27 16:37:26,67,1,1
2020-11-27 16:37:27,68,1,1
2020-11-27 16:37:28,68,1,1
2020-11-27 16:37:29,68,1,1
2020-11-27 16:37:30,68,1,1
2020-11-27 16:37:31,69,1,1
2020-11-27 16:37:32,68,1,1
2020-11-27 16:37:33,68,1,1
2020-11-27 16:37:34,67,1,1
2020-11-27 16:37:35,66,1,1
2020-11-27 16:37:36,66,1,1
2020-11-27 16:37:37,67,1,1
2020-11-27 16:37:38,67,1,1
2020-11-27 16:37:39,67,1,1
2020-11-27 16:37:40,66,1,1
2020-11-27 16:37:41,66,1,1
2020-11-27 16:37:42,66,1,1
2020-11-27 16:37:43,66,1,1
2020-11-27 16:37:44,68,1,1
2020-11-27 16:37:45,5,1,1
2020-11-27 16:37:46,5,1,1
2020-11-27 16:37:47,5,1,1
2020-11-27 16:37:48,5,1,1
2020-11-27 16:37:49,5,1,1
2020-11-27 16:37:50,74,1,1
2020-11-27 16:37:51,75,1,1
2020-11-27 16:37:52,76,1,1
2020-11-27 16:37:53,77,1,1
2020-11-27 16:37:54,78,1,1
2020-11-27 16:37:55,8,1,1
2020-11-27 16:37:56,81,1,1
2020-11-27 16:37:57,82,1,1
2020-11-27 16:37:58,83,1,1
2020-11-27 16:37:59,84,1,1
2020-11-27 16:38:00,85,1,1
2020-11-27 16:38:01,86,1,1
2020-11-27 16:38:02,86,1,1
2020-11-27 16:38:03,86,1,1
2020-11-27 16:38:04,85,1,1
2020-11-27 16:38:05,85,1,1
2020-11-27 16:38:06,85,1,1
2020-11-27 16:38:07,85,1,1
2020-11-27 16:38:08,84,1,1
2020-11-27 16:38:09,83,1,1
2020-11-27 16:38:10,83,1,1
2020-11-27 16:38:11,82,1,1
2020-11-27 16:38:12,82,1,1
2020-11-27 16:38:13,82,1,1
2020-11-27 16:38:14,82,1,1
2020-11-27 16:38:15,81,1,1
2020-11-27 16:38:16,81,1,1
2020-11-27 16:38:17,80,1,1
2020-11-27 16:38:18,8,1,1
2020-11-27 16:38:19,79,1,1
2020-11-27 16:38:20,79,1,1
2020-11-27 16:38:21,79,1,1
2020-11-27 16:38:22,79,1,1
2020-11-27 16:38:23,80,1,1
2020-11-27 16:38:24,81,1,1
2020-11-27 16:38:25,82,1,1
2020-11-27 16:38:26,82,1,1
2020-11-27 16:38:27,82,1,1
2020-11-27 16:38:28,82,1,1
2020-11-27 16:38:29,83,1,1
2020-11-27 16:38:30,83,1,1
2020-11-27 16:38:31,83,1,1
2020-11-27 16:38:32,81,1,1
2020-11-27 16:38:33,80,1,1
2020-11-27 16:38:34,80,1,1
2020-11-27 16:38:35,79,1,1
2020-11-27 16:38:36,78,1,1
2020-11-27 16:38:37,78,1,1
2020-11-27 16:38:38,77,1,1
2020-11-27 16:38:39,77,1,1
2020-11-27 16:38:40,76,1,1
2020-11-27 16:38:41,76,1,1
2020-11-27 16:38:42,76,1,1
2020-11-27 16:38:43,76,1,1
2020-11-27 16:38:44,76,1,1
2020-11-27 16:38:45,74,1,1
2020-11-27 16:38:46,7,1,1
2020-11-27 16:38:47,59,1,1
2020-11-27 16:38:48,55,1,1
2020-11-27 16:38:49,52,1,1
2020-11-27 16:38:50,51,1,1
2020-11-27 16:38:51,51,1,1
2020-11-27 16:38:52,53,1,1
2020-11-27 16:38:53,56,1,1
2020-11-27 16:38:54,56,1,1
2020-11-27 16:38:55,57,1,1
2020-11-27 16:38:56,58,1,1
2020-11-27 16:38:57,61,1,1
2020-11-27 16:38:58,63,1,1
2020-11-27 16:38:59,64,1,1
2020-11-27 16:39:00,65,1,1
2020-11-27 16:39:01,63,1,1
2020-11-27 16:39:02,62,1,1
2020-11-27 16:39:03,58,1,1
2020-11-27 16:39:04,56,1,1
2020-11-27 16:39:05,55,1,1
2020-11-27 16:39:06,55,1,1
2020-11-27 16:39:07,55,1,1
2020-11-27 16:39:08,53,1,1
2020-11-27 16:39:09,49,1,1
2020-11-27 16:39:10,43,1,1
2020-11-27 16:39:11,40,1,1
2020-11-27 16:39:12,38,1,1
2020-11-27 16:39:13,36,1,1
2020-11-27 16:39:14,36,1,1
2020-11-27 16:39:15,37,1,1
2020-11-27 16:39:16,37,1,1
2020-11-27 16:39:17,38,1,1
2020-11-27 16:39:18,39,1,1
2020-11-27 16:39:19,40,1,1
2020-11-27 16:39:20,43,1,1
2020-11-27 16:39:21,43,1,1
2020-11-27 16:39:22,43,1,1
2020-11-27 16:39:23,43,1,1
2020-11-27 16:39:24,43,1,1
2020-11-27 16:39:25,43,1,1
2020-11-27 16:39:26,42,1,1
2020-11-27 16:39:27,42,1,1
2020-11-27 16:39:28,41,1,1
2020-11-27 16:39:29,4,1,1
2020-11-27 16:39:30,37,1,1
2020-11-27 16:39:31,35,1,1
2020-11-27 16:39:32,33,1,1
2020-11-27 16:39:33,31,1,1
2020-11-27 16:39:34,31,1,1
2020-11-27 16:39:35,23,1,1
2020-11-27 16:39:36,15,1,1
2020-11-27 16:39:37,6,1,1
2020-11-27 16:39:38,8,1,1
2020-11-27 16:39:39,2,1,1
2020-11-27 16:39:40,1,1,1
2020-11-27 16:39:41,2,1,1
2020-11-27 16:39:42,4,1,1
2020-11-27 16:39:43,5,1,1
2020-11-27 16:39:44,7,1,1
2020-11-27 16:39:45,13,1,0
2020-11-27 16:39:46,17,1,1
2020-11-27 16:39:47,2,1,1
2020-11-27 16:39:48,22,1,1
2020-11-27 16:39:49,24,1,1
2020-11-27 16:39:50,27,1,1
2020-11-27 16:39:51,28,1,1
2020-11-27 16:39:52,28,1,1
2020-11-27 16:39:53,26,1,1
2020-11-27 16:39:54,24,1,1
2020-11-27 16:39:55,21,1,1
2020-11-27 16:39:56,19,1,1
2020-11-27 16:39:57,19,1,1
2020-11-27 16:39:58,19,1,1
2020-11-27 16:39:59,21,1,1
2020-11-27 16:40:00,25,1,1
2020-11-27 16:40:01,27,1,1
2020-11-27 16:40:02,3,1,1
2020-11-27 16:40:03,33,1,1
2020-11-27 16:40:04,38,1,1
2020-11-27 16:40:05,35,1,1
2020-11-27 16:40:06,36,1,1
2020-11-27 16:40:07,36,1,1
2020-11-27 16:40:08,37,1,1
2020-11-27 16:40:09,37,1,1
2020-11-27 16:40:10,37,1,1
2020-11-27 16:40:11,37,1,1
2020-11-27 16:40:12,37,1,1
2020-11-27 16:40:13,36,1,1
2020-11-27 16:40:14,35,1,1
2020-11-27 16:40:15,33,1,1
2020-11-27 16:40:16,32,1,1
2020-11-27 16:40:17,29,1,1
2020-11-27 16:40:18,26,1,1
2020-11-27 16:40:19,24,1,1
2020-11-27 16:40:20,23,1,1
2020-11-27 16:40:21,23,1,0
2020-11-27 16:40:22,22,1,1
2020-11-27 16:40:23,22,1,1
2020-11-27 16:40:24,23,1,0
2020-11-27 16:40:25,24,1,1
2020-11-27 16:40:26,26,1,1
2020-11-27 16:40:27,29,1,1
2020-11-27 16:40:28,3,1,1
2020-11-27 16:40:29,3,1,1
2020-11-27 16:40:30,29,1,1
2020-11-27 16:40:31,29,1,1
2020-11-27 16:40:32,3,1,0
2020-11-27 16:40:33,29,1,1
2020-11-27 16:40:34,26,1,1
2020-11-27 16:40:35,26,1,1
2020-11-27 16:40:36,26,1,1
2020-11-27 16:40:37,27,1,1
2020-11-27 16:40:38,28,1,1
2020-11-27 16:40:39,28,1,1
2020-11-27 16:40:40,29,1,1
2020-11-27 16:40:41,3,1,1
2020-11-27 16:40:42,32,1,1
2020-11-27 16:40:43,33,1,1
2020-11-27 16:40:44,35,1,0
2020-11-27 16:40:45,38,1,1
2020-11-27 16:40:46,39,1,1
2020-11-27 16:40:47,39,1,1
2020-11-27 16:40:48,38,1,1
2020-11-27 16:40:49,39,1,1
2020-11-27 16:40:50,41,1,1
2020-11-27 16:40:51,42,1,1
2020-11-27 16:40:52,43,1,1
2020-11-27 16:40:53,43,1,1
2020-11-27 16:40:54,43,1,0
2020-11-27 16:40:55,43,1,0
2020-11-27 16:40:56,42,1,1
2020-11-27 16:40:57,4,1,1
2020-11-27 16:40:58,4,1,1
2020-11-27 16:40:59,40,1,1
2020-11-27 16:41:00,4,1,1
2020-11-27 16:41:01,40,1,0
2020-11-27 16:41:02,41,1,1
2020-11-27 16:41:03,41,1,0
2020-11-27 16:41:04,43,1,0
2020-11-27 16:41:05,46,1,0
2020-11-27 16:41:06,48,1,1
2020-11-27 16:41:07,51,1,0
2020-11-27 16:41:08,53,1,0
2020-11-27 16:41:09,54,1,0
2020-11-27 16:41:10,55,1,0
2020-11-27 16:41:11,55,1,1
2020-11-27 16:41:12,57,1,1
2020-11-27 16:41:13,58,1,1
2020-11-27 16:41:14,58,1,1
2020-11-27 16:41:15,58,1,1
2020-11-27 16:41:16,56,1,1
2020-11-27 16:41:17,53,1,1
2020-11-27 16:41:18,51,1,1
2020-11-27 16:41:19,49,1,1
2020-11-27 16:41:20,47,1,1
2020-11-27 16:41:21,46,1,1
2020-11-27 16:41:22,46,1,1
2020-11-27 16:41:23,47,1,1
2020-11-27 16:41:24,47,1,1
2020-11-27 16:41:25,5,1,1
2020-11-27 16:41:26,52,1,1
2020-11-27 16:41:27,28,1,1
2020-11-27 16:41:28,5,1,1
2020-11-27 16:41:29,61,1,1
2020-11-27 16:41:30,63,1,1
2020-11-27 16:41:31,65,1,1
2020-11-27 16:41:32,65,1,1
2020-11-27 16:41:33,63,1,1
2020-11-27 16:41:34,62,1,1
2020-11-27 16:41:35,6,1,1
2020-11-27 16:41:36,58,1,1
2020-11-27 16:41:37,58,1,1
2020-11-27 16:41:38,55,1,1
2020-11-27 16:41:39,55,1,0
2020-11-27 16:41:40,55,1,1
2020-11-27 16:41:41,55,1,1
2020-11-27 16:41:42,55,1,1
2020-11-27 16:41:43,55,1,1
2020-11-27 16:41:44,57,1,1
2020-11-27 16:41:45,69,1,1
2020-11-27 16:41:46,62,1,1
2020-11-27 16:41:47,64,1,1
2020-11-27 16:41:48,67,1,1
2020-11-27 16:41:49,69,1,1
2020-11-27 16:41:50,71,1,1
2020-11-27 16:41:51,73,1,1
2020-11-27 16:41:52,75,1,1
2020-11-27 16:41:53,75,1,1
2020-11-27 16:41:54,75,1,1
2020-11-27 16:41:55,74,1,1
2020-11-27 16:41:56,73,1,1
2020-11-27 16:41:57,72,1,1
2020-11-27 16:41:58,72,1,1
2020-11-27 16:41:59,72,1,1
2020-11-27 16:42:00,73,1,1
2020-11-27 16:42:01,7,1,1
2020-11-27 16:42:02,7,1,1
2020-11-27 16:42:03,7,1,1
2020-11-27 16:42:04,79,1,1
2020-11-27 16:42:05,82,1,1
2020-11-27 16:42:06,83,1,1
2020-11-27 16:42:07,86,1,1
2020-11-27 16:42:08,87,1,1
2020-11-27 16:42:09,89,1,1
2020-11-27 16:42:10,91,1,1
2020-11-27 16:42:11,92,1,1
2020-11-27 16:42:12,94,1,1
2020-11-27 16:42:13,97,1,1
2020-11-27 16:42:14,98,1,1
2020-11-27 16:42:15,11,1,1
2020-11-27 16:42:16,13,1,1
2020-11-27 16:42:17,1,1,1
2020-11-27 16:42:18,17,1,1
2020-11-27 16:42:19,17,1,1
2020-11-27 16:42:20,17,1,1
2020-11-27 16:42:21,16,1,1
2020-11-27 16:42:22,15,1,1
2020-11-27 16:42:23,1,1,1
2020-11-27 16:42:24,1,1,1
2020-11-27 16:42:25,1,1,1
2020-11-27 16:42:26,13,1,1
2020-11-27 16:42:27,13,1,1
2020-11-27 16:42:28,12,1,1
2020-11-27 16:42:29,11,1,1
2020-11-27 16:42:30,10,1,1
2020-11-27 16:42:31,1,1,1
2020-11-27 16:42:32,10,1,1
2020-11-27 16:42:33,1,1,1
2020-11-27 16:42:34,1,1,1
2020-11-27 16:42:35,1,1,1
2020-11-27 16:42:36,10,1,1
2020-11-27 16:42:37,1,1,1
2020-11-27 16:42:38,1,1,1
2020-11-27 16:42:39,1,1,1
2020-11-27 16:42:40,10,1,1
2020-11-27 16:42:41,10,1,1
2020-11-27 16:42:42,10,1,1
2020-11-27 16:42:43,10,1,1
2020-11-27 16:42:44,10,1,1
2020-11-27 16:42:45,10,1,1
2020-11-27 16:42:46,11,1,1
2020-11-27 16:42:47,11,1,1
2020-11-27 16:42:48,11,1,1
2020-11-27 16:42:49,11,1,1
2020-11-27 16:42:50,11,1,1
2020-11-27 16:42:51,11,1,1
2020-11-27 16:42:52,1,1,1
2020-11-27 16:42:53,99,1,1
2020-11-27 16:42:54,97,1,1
2020-11-27 16:42:55,95,1,1
2020-11-27 16:42:56,94,1,1
2020-11-27 16:42:57,94,1,1
2020-11-27 16:42:58,94,1,1
2020-11-27 16:42:59,94,1,1
2020-11-27 16:43:00,94,1,1
2020-11-27 16:43:01,94,1,1
2020-11-27 16:43:02,95,1,1
2020-11-27 16:43:03,95,1,1
2020-11-27 16:43:04,96,1,1
2020-11-27 16:43:05,96,1,1
2020-11-27 16:43:06,96,1,1
2020-11-27 16:43:07,97,1,1
2020-11-27 16:43:08,96,1,1
2020-11-27 16:43:09,96,1,1
2020-11-27 16:43:10,96,1,1
2020-11-27 16:43:11,96,1,1
2020-11-27 16:43:12,96,1,1
2020-11-27 16:43:13,96,1,1
2020-11-27 16:43:14,96,1,1
2020-11-27 16:43:15,9,1,1
2020-11-27 16:43:16,9,1,1
2020-11-27 16:43:17,96,1,1
2020-11-27 16:43:18,97,1,1
2020-11-27 16:43:19,97,1,1
2020-11-27 16:43:20,97,1,1
2020-11-27 16:43:21,98,1,1
2020-11-27 16:43:22,99,1,1
