rtime,distance
2020-12-02 08:58:22,29.57
2020-12-02 08:58:23,29.57
2020-12-02 08:58:24,32.34
2020-12-02 08:58:25,31.37
2020-12-02 08:58:26,36.87
2020-12-02 08:58:27,38.19
2020-12-02 08:58:28,40.35
2020-12-02 08:58:29,39.6
2020-12-02 08:58:30,38.89
2020-12-02 08:58:31,38.89
2020-12-02 08:58:32,37.52
2020-12-02 08:58:33,38.19
2020-12-02 08:58:34,35.63
2020-12-02 08:58:35,35.63
2020-12-02 08:58:36,34.47
2020-12-02 08:58:37,30.9
2020-12-02 08:58:38,32.34
2020-12-02 08:58:39,33.91
2020-12-02 08:58:40,35.63
2020-12-02 08:58:41,32.34
2020-12-02 08:58:42,32.34
2020-12-02 08:58:43,31.85
2020-12-02 08:58:44,30.9
2020-12-02 08:58:45,30.9
2020-12-02 08:58:46,30.0
2020-12-02 08:58:47,30.45
2020-12-02 08:58:48,29.57
2020-12-02 08:58:49,29.57
2020-12-02 08:58:50,30.9
2020-12-02 08:58:51,30.45
2020-12-02 08:58:52,30.45
2020-12-02 08:58:53,31.37
2020-12-02 08:58:54,31.85
2020-12-02 08:58:55,33.37
2020-12-02 08:58:56,11.79
2020-12-02 08:58:57,34.47
2020-12-02 08:58:58,7.53
2020-12-02 08:58:59,36.87
2020-12-02 08:59:00,36.24
2020-12-02 08:59:01,37.52
2020-12-02 08:59:02,37.52
2020-12-02 08:59:03,38.19
2020-12-02 08:59:04,36.24
2020-12-02 08:59:05,35.63
2020-12-02 08:59:06,35.63
2020-12-02 08:59:07,34.47
2020-12-02 08:59:08,33.37
2020-12-02 08:59:09,32.85
2020-12-02 08:59:10,33.37
2020-12-02 08:59:11,33.37
2020-12-02 08:59:12,33.37
2020-12-02 08:59:13,33.91
2020-12-02 08:59:14,34.47
2020-12-02 08:59:15,30.9
2020-12-02 08:59:16,32.85
2020-12-02 08:59:17,34.47
2020-12-02 08:59:18,35.04
2020-12-02 08:59:19,33.91
2020-12-02 08:59:20,33.37
2020-12-02 08:59:21,30.45
2020-12-02 08:59:22,32.85
2020-12-02 08:59:23,30.45
2020-12-02 08:59:24,29.57
2020-12-02 08:59:25,29.57
2020-12-02 08:59:26,48.43
2020-12-02 08:59:27,48.43
2020-12-02 08:59:28,27.96
2020-12-02 08:59:29,30.9
2020-12-02 08:59:30,30.45
2020-12-02 08:59:31,31.85
2020-12-02 08:59:32,31.85
2020-12-02 08:59:33,32.85
2020-12-02 08:59:34,34.47
2020-12-02 08:59:35,37.52
2020-12-02 08:59:36,37.52
2020-12-02 08:59:37,36.24
2020-12-02 08:59:38,36.87
2020-12-02 08:59:39,39.6
2020-12-02 08:59:40,38.89
2020-12-02 08:59:41,38.89
2020-12-02 08:59:42,39.6
2020-12-02 08:59:43,36.24
2020-12-02 08:59:44,36.87
2020-12-02 08:59:45,36.24
2020-12-02 08:59:46,37.52
2020-12-02 08:59:47,39.6
2020-12-02 08:59:48,38.89
2020-12-02 08:59:49,35.63
2020-12-02 08:59:50,35.04
2020-12-02 08:59:51,35.63
2020-12-02 08:59:52,32.34
2020-12-02 08:59:53,36.24
2020-12-02 08:59:54,32.85
2020-12-02 08:59:55,31.85
2020-12-02 08:59:56,31.85
2020-12-02 08:59:57,31.85
2020-12-02 08:59:58,31.37
2020-12-02 08:59:59,30.0
2020-12-02 09:00:00,30.45
2020-12-02 09:00:01,30.0
2020-12-02 09:00:02,29.57
2020-12-02 09:00:03,29.57
2020-12-02 09:00:04,28.74
2020-12-02 09:00:05,28.74
2020-12-02 09:00:06,28.74
2020-12-02 09:00:07,26.85
2020-12-02 09:00:08,28.34
2020-12-02 09:00:09,28.34
2020-12-02 09:00:10,29.57
2020-12-02 09:00:11,30.0
2020-12-02 09:00:12,29.15
2020-12-02 09:00:13,30.45
2020-12-02 09:00:14,27.96
2020-12-02 09:00:15,27.58
2020-12-02 09:00:16,27.58
2020-12-02 09:00:17,26.49
2020-12-02 09:00:18,27.58
2020-12-02 09:00:19,28.34
2020-12-02 09:00:20,28.34
2020-12-02 09:00:21,28.74
2020-12-02 09:00:22,28.74
2020-12-02 09:00:23,28.34
2020-12-02 09:00:24,27.58
2020-12-02 09:00:25,28.34
2020-12-02 09:00:26,27.96
2020-12-02 09:00:27,27.58
2020-12-02 09:00:28,27.21
2020-12-02 09:00:29,28.34
2020-12-02 09:00:30,27.96
2020-12-02 09:00:31,29.15
2020-12-02 09:00:32,29.15
2020-12-02 09:00:33,29.57
2020-12-02 09:00:34,28.74
2020-12-02 09:00:35,30.0
2020-12-02 09:00:36,27.21
2020-12-02 09:00:37,26.49
2020-12-02 09:00:38,26.49
2020-12-02 09:00:39,26.85
2020-12-02 09:00:40,26.85
2020-12-02 09:00:41,25.16
2020-12-02 09:00:42,24.85
2020-12-02 09:00:43,24.85
2020-12-02 09:00:44,24.24
2020-12-02 09:00:45,24.85
2020-12-02 09:00:46,25.16
2020-12-02 09:00:47,25.49
2020-12-02 09:00:48,26.85
2020-12-02 09:00:49,27.58
2020-12-02 09:00:50,28.34
2020-12-02 09:00:51,29.15
2020-12-02 09:00:52,30.9
2020-12-02 09:00:53,30.9
2020-12-02 09:00:54,31.85
2020-12-02 09:00:55,35.04
2020-12-02 09:00:56,35.04
2020-12-02 09:00:57,36.87
2020-12-02 09:00:58,37.52
2020-12-02 09:00:59,36.87
2020-12-02 09:01:00,37.52
2020-12-02 09:01:01,37.52
2020-12-02 09:01:02,35.63
2020-12-02 09:01:03,36.87
2020-12-02 09:01:04,33.91
2020-12-02 09:01:05,34.47
2020-12-02 09:01:06,38.89
2020-12-02 09:01:07,38.19
2020-12-02 09:01:08,35.04
2020-12-02 09:01:09,33.37
2020-12-02 09:01:10,32.34
2020-12-02 09:01:11,31.37
2020-12-02 09:01:12,31.85
2020-12-02 09:01:13,29.57
2020-12-02 09:01:14,28.34
2020-12-02 09:01:15,29.57
2020-12-02 09:01:16,28.34
2020-12-02 09:01:17,28.74
2020-12-02 09:01:18,26.85
2020-12-02 09:01:19,27.21
2020-12-02 09:01:20,28.34
2020-12-02 09:01:21,28.34
2020-12-02 09:01:22,27.96
2020-12-02 09:01:23,30.0
2020-12-02 09:01:24,29.57
2020-12-02 09:01:25,30.45
2020-12-02 09:01:26,30.9
2020-12-02 09:01:27,30.45
2020-12-02 09:01:28,29.57
2020-12-02 09:01:29,28.74
2020-12-02 09:01:30,27.21
2020-12-02 09:01:31,27.21
2020-12-02 09:01:32,26.85
2020-12-02 09:01:33,26.15
2020-12-02 09:01:34,25.81
2020-12-02 09:01:35,25.81
2020-12-02 09:01:36,26.49
2020-12-02 09:01:37,24.24
2020-12-02 09:01:38,25.16
2020-12-02 09:01:39,28.34
2020-12-02 09:01:40,27.21
2020-12-02 09:01:41,27.21
2020-12-02 09:01:42,25.16
2020-12-02 09:01:43,23.11
2020-12-02 09:01:44,23.66
2020-12-02 09:01:45,23.11
2020-12-02 09:01:46,23.95
2020-12-02 09:01:47,22.06
2020-12-02 09:01:48,23.11
2020-12-02 09:01:49,23.95
2020-12-02 09:01:50,25.16
2020-12-02 09:01:51,27.21
2020-12-02 09:01:52,28.34
2020-12-02 09:01:53,28.34
2020-12-02 09:01:54,28.34
2020-12-02 09:01:55,30.0
2020-12-02 09:01:56,29.15
2020-12-02 09:01:57,29.15
2020-12-02 09:01:58,27.96
2020-12-02 09:01:59,29.15
2020-12-02 09:02:00,28.34
2020-12-02 09:02:01,30.0
2020-12-02 09:02:02,32.85
2020-12-02 09:02:03,32.34
2020-12-02 09:02:04,35.04
2020-12-02 09:02:05,34.47
2020-12-02 09:02:06,33.37
2020-12-02 09:02:07,36.87
2020-12-02 09:02:08,36.87
2020-12-02 09:02:09,37.52
2020-12-02 09:02:10,35.63
2020-12-02 09:02:11,33.37
2020-12-02 09:02:12,33.37
2020-12-02 09:02:13,30.45
2020-12-02 09:02:14,30.45
2020-12-02 09:02:15,29.15
2020-12-02 09:02:16,30.0
2020-12-02 09:02:17,30.45
2020-12-02 09:02:18,30.9
2020-12-02 09:02:19,29.15
2020-12-02 09:02:20,28.34
2020-12-02 09:02:21,28.34
2020-12-02 09:02:22,29.15
2020-12-02 09:02:23,29.57
2020-12-02 09:02:24,30.45
2020-12-02 09:02:25,28.34
2020-12-02 09:02:26,29.15
2020-12-02 09:02:27,28.74
2020-12-02 09:02:28,29.57
2020-12-02 09:02:29,29.57
2020-12-02 09:02:30,30.0
2020-12-02 09:02:31,30.0
2020-12-02 09:02:32,29.57
2020-12-02 09:02:33,31.37
2020-12-02 09:02:34,34.47
2020-12-02 09:02:35,35.63
2020-12-02 09:02:36,34.47
2020-12-02 09:02:37,32.34
2020-12-02 09:02:38,33.37
2020-12-02 09:02:39,33.91
2020-12-02 09:02:40,32.34
2020-12-02 09:02:41,32.85
2020-12-02 09:02:42,30.9
2020-12-02 09:02:43,30.9
2020-12-02 09:02:44,29.57
2020-12-02 09:02:45,29.15
2020-12-02 09:02:46,29.57
2020-12-02 09:02:47,30.0
2020-12-02 09:02:48,30.45
2020-12-02 09:02:49,29.57
2020-12-02 09:02:50,29.15
2020-12-02 09:02:51,30.45
2020-12-02 09:02:52,30.9
2020-12-02 09:02:53,33.37
2020-12-02 09:02:54,34.47
2020-12-02 09:02:55,34.47
2020-12-02 09:02:56,14.8
2020-12-02 09:02:57,14.67
2020-12-02 09:02:58,15.45
2020-12-02 09:02:59,15.45
2020-12-02 09:03:00,15.72
2020-12-02 09:03:01,16.44
2020-12-02 09:03:02,36.87
2020-12-02 09:03:03,39.6
2020-12-02 09:03:04,38.19
2020-12-02 09:03:05,35.04
2020-12-02 09:03:06,33.91
2020-12-02 09:03:07,31.85
2020-12-02 09:03:08,30.9
2020-12-02 09:03:09,29.57
2020-12-02 09:03:10,28.74
2020-12-02 09:03:11,27.58
2020-12-02 09:03:12,27.58
2020-12-02 09:03:13,25.81
2020-12-02 09:03:14,24.24
2020-12-02 09:03:15,24.24
2020-12-02 09:03:16,23.11
2020-12-02 09:03:17,23.66
2020-12-02 09:03:18,23.11
2020-12-02 09:03:19,23.66
2020-12-02 09:03:20,23.66
2020-12-02 09:03:21,24.24
2020-12-02 09:03:22,24.85
2020-12-02 09:03:23,26.85
2020-12-02 09:03:24,27.58
2020-12-02 09:03:25,28.34
2020-12-02 09:03:26,26.49
2020-12-02 09:03:27,27.58
2020-12-02 09:03:28,28.34
2020-12-02 09:03:29,26.49
2020-12-02 09:03:30,26.85
2020-12-02 09:03:31,26.15
2020-12-02 09:03:32,26.15
2020-12-02 09:03:33,26.49
2020-12-02 09:03:34,26.85
2020-12-02 09:03:35,25.81
2020-12-02 09:03:36,26.15
2020-12-02 09:03:37,27.58
2020-12-02 09:03:38,28.74
2020-12-02 09:03:39,31.85
2020-12-02 09:03:40,30.45
2020-12-02 09:03:41,29.57
2020-12-02 09:03:42,29.57
2020-12-02 09:03:43,30.0
2020-12-02 09:03:44,12.7
2020-12-02 09:03:45,12.6
2020-12-02 09:03:46,12.32
2020-12-02 09:03:47,12.51
2020-12-02 09:03:48,13.1
2020-12-02 09:03:49,13.85
2020-12-02 09:03:50,14.31
2020-12-02 09:03:51,14.8
2020-12-02 09:03:52,15.05
2020-12-02 09:03:53,14.55
2020-12-02 09:03:54,15.31
2020-12-02 09:03:55,16.75
2020-12-02 09:03:56,18.25
2020-12-02 09:03:57,18.99
2020-12-02 09:03:58,21.1
2020-12-02 09:03:59,22.57
2020-12-02 09:04:00,23.38
2020-12-02 09:04:01,22.57
2020-12-02 09:04:02,23.11
2020-12-02 09:04:03,22.06
2020-12-02 09:04:04,20.87
2020-12-02 09:04:05,21.57
2020-12-02 09:04:06,23.11
2020-12-02 09:04:07,23.66
2020-12-02 09:04:08,24.24
2020-12-02 09:04:09,26.15
2020-12-02 09:04:10,
2020-12-02 09:04:11,36.87
2020-12-02 09:04:12,36.87
2020-12-02 09:04:13,33.91
2020-12-02 09:04:14,31.85
2020-12-02 09:04:15,28.74
2020-12-02 09:04:16,25.81
2020-12-02 09:04:17,23.66
2020-12-02 09:04:18,22.84
2020-12-02 09:04:19,23.11
2020-12-02 09:04:20,23.66
2020-12-02 09:04:21,24.54
2020-12-02 09:04:22,25.16
2020-12-02 09:04:23,26.15
2020-12-02 09:04:24,24.24
2020-12-02 09:04:25,24.54
2020-12-02 09:04:26,25.49
2020-12-02 09:04:27,25.16
2020-12-02 09:04:28,25.81
2020-12-02 09:04:29,26.49
2020-12-02 09:04:30,24.85
2020-12-02 09:04:31,23.38
2020-12-02 09:04:32,22.84
2020-12-02 09:04:33,21.82
2020-12-02 09:04:34,21.33
2020-12-02 09:04:35,20.0
2020-12-02 09:04:36,20.0
2020-12-02 09:04:37,21.1
2020-12-02 09:04:38,21.33
2020-12-02 09:04:39,20.0
2020-12-02 09:04:40,21.57
2020-12-02 09:04:41,21.82
2020-12-02 09:04:42,22.84
2020-12-02 09:04:43,22.32
2020-12-02 09:04:44,23.95
2020-12-02 09:04:45,25.16
2020-12-02 09:04:46,25.16
2020-12-02 09:04:47,25.16
2020-12-02 09:04:48,26.15
2020-12-02 09:04:49,
2020-12-02 09:04:50,74.02
2020-12-02 09:04:51,63.64
2020-12-02 09:04:52,24.24
2020-12-02 09:04:53,23.95
2020-12-02 09:04:54,25.49
2020-12-02 09:04:55,25.49
2020-12-02 09:04:56,24.54
2020-12-02 09:04:57,26.85
2020-12-02 09:04:58,25.49
2020-12-02 09:04:59,26.15
2020-12-02 09:05:00,25.49
2020-12-02 09:05:01,26.49
2020-12-02 09:05:02,26.85
2020-12-02 09:05:03,27.21
2020-12-02 09:05:04,27.58
2020-12-02 09:05:05,27.96
2020-12-02 09:05:06,28.34
2020-12-02 09:05:07,29.15
2020-12-02 09:05:08,27.96
2020-12-02 09:05:09,30.0
2020-12-02 09:05:10,26.85
2020-12-02 09:05:11,27.21
2020-12-02 09:05:12,26.85
2020-12-02 09:05:13,27.58
2020-12-02 09:05:14,25.81
2020-12-02 09:05:15,25.16
2020-12-02 09:05:16,25.81
2020-12-02 09:05:17,26.49
2020-12-02 09:05:18,27.96
2020-12-02 09:05:19,27.21
2020-12-02 09:05:20,24.54
2020-12-02 09:05:21,25.49
2020-12-02 09:05:22,26.15
2020-12-02 09:05:23,26.15
2020-12-02 09:05:24,26.49
2020-12-02 09:05:25,25.16
2020-12-02 09:05:26,26.15
2020-12-02 09:05:27,25.49
2020-12-02 09:05:28,25.49
2020-12-02 09:05:29,24.54
2020-12-02 09:05:30,24.54
2020-12-02 09:05:31,69.5
2020-12-02 09:05:32,71.69
2020-12-02 09:05:33,25.49
2020-12-02 09:05:34,24.24
2020-12-02 09:05:35,25.49
2020-12-02 09:05:36,23.95
2020-12-02 09:05:37,25.49
2020-12-02 09:05:38,24.85
2020-12-02 09:05:39,25.49
2020-12-02 09:05:40,25.49
2020-12-02 09:05:41,26.15
2020-12-02 09:05:42,27.21
2020-12-02 09:05:43,26.49
2020-12-02 09:05:44,27.58
2020-12-02 09:05:45,27.21
2020-12-02 09:05:46,28.74
2020-12-02 09:05:47,26.85
2020-12-02 09:05:48,27.21
2020-12-02 09:05:49,28.34
2020-12-02 09:05:50,25.49
2020-12-02 09:05:51,25.81
2020-12-02 09:05:52,25.49
2020-12-02 09:05:53,24.24
2020-12-02 09:05:54,23.66
2020-12-02 09:05:55,23.95
2020-12-02 09:05:56,23.66
2020-12-02 09:05:57,22.84
2020-12-02 09:05:58,23.38
2020-12-02 09:05:59,22.06
2020-12-02 09:06:00,23.11
2020-12-02 09:06:01,24.85
2020-12-02 09:06:02,24.54
2020-12-02 09:06:03,26.15
2020-12-02 09:06:04,23.95
2020-12-02 09:06:05,23.38
2020-12-02 09:06:06,26.15
2020-12-02 09:06:07,27.96
2020-12-02 09:06:08,26.85
2020-12-02 09:06:09,28.34
2020-12-02 09:06:10,28.74
2020-12-02 09:06:11,27.96
2020-12-02 09:06:12,28.34
2020-12-02 09:06:13,27.21
2020-12-02 09:06:14,30.0
2020-12-02 09:06:15,29.57
2020-12-02 09:06:16,30.9
2020-12-02 09:06:17,32.85
2020-12-02 09:06:18,69.5
2020-12-02 09:06:19,29.57
2020-12-02 09:06:20,30.0
2020-12-02 09:06:21,30.0
2020-12-02 09:06:22,30.0
2020-12-02 09:06:23,26.85
2020-12-02 09:06:24,28.34
2020-12-02 09:06:25,28.34
2020-12-02 09:06:26,26.15
2020-12-02 09:06:27,26.49
2020-12-02 09:06:28,26.49
2020-12-02 09:06:29,26.85
2020-12-02 09:06:30,26.15
2020-12-02 09:06:31,26.85
2020-12-02 09:06:32,26.85
2020-12-02 09:06:33,26.85
2020-12-02 09:06:34,26.49
2020-12-02 09:06:35,25.49
2020-12-02 09:06:36,25.49
2020-12-02 09:06:37,24.54
2020-12-02 09:06:38,23.38
2020-12-02 09:06:39,22.57
2020-12-02 09:06:40,22.84
2020-12-02 09:06:41,22.84
2020-12-02 09:06:42,23.38
2020-12-02 09:06:43,24.85
2020-12-02 09:06:44,26.15
2020-12-02 09:06:45,26.85
2020-12-02 09:06:46,63.64
2020-12-02 09:06:47,28.74
2020-12-02 09:06:48,29.57
2020-12-02 09:06:49,29.15
2020-12-02 09:06:50,30.45
2020-12-02 09:06:51,30.0
2020-12-02 09:06:52,30.45
2020-12-02 09:06:53,30.0
2020-12-02 09:06:54,32.34
2020-12-02 09:06:55,30.9
2020-12-02 09:06:56,65.49
2020-12-02 09:06:57,58.66
2020-12-02 09:06:58,33.91
2020-12-02 09:06:59,31.37
2020-12-02 09:07:00,29.57
2020-12-02 09:07:01,28.34
2020-12-02 09:07:02,28.74
2020-12-02 09:07:03,28.74
2020-12-02 09:07:04,27.21
2020-12-02 09:07:05,28.34
2020-12-02 09:07:06,28.34
2020-12-02 09:07:07,27.58
2020-12-02 09:07:08,27.58
2020-12-02 09:07:09,26.15
2020-12-02 09:07:10,24.54
2020-12-02 09:07:11,25.49
2020-12-02 09:07:12,25.49
2020-12-02 09:07:13,24.54
2020-12-02 09:07:14,25.16
2020-12-02 09:07:15,27.21
2020-12-02 09:07:16,25.49
2020-12-02 09:07:17,25.81
2020-12-02 09:07:18,26.49
2020-12-02 09:07:19,24.24
2020-12-02 09:07:20,25.49
2020-12-02 09:07:21,25.49
2020-12-02 09:07:22,26.85
2020-12-02 09:07:23,26.15
2020-12-02 09:07:24,26.49
2020-12-02 09:07:25,26.85
2020-12-02 09:07:26,30.0
2020-12-02 09:07:27,23.95
2020-12-02 09:07:28,17.22
2020-12-02 09:07:29,29.57
2020-12-02 09:07:30,28.34
2020-12-02 09:07:31,28.74
2020-12-02 09:07:32,30.45
2020-12-02 09:07:33,28.34
2020-12-02 09:07:34,
2020-12-02 09:07:35,
2020-12-02 09:07:36,30.45
2020-12-02 09:07:37,29.15
2020-12-02 09:07:38,29.57
2020-12-02 09:07:39,28.74
2020-12-02 09:07:40,28.74
2020-12-02 09:07:41,28.34
2020-12-02 09:07:42,25.81
2020-12-02 09:07:43,26.49
2020-12-02 09:07:44,25.49
2020-12-02 09:07:45,26.85
2020-12-02 09:07:46,27.58
2020-12-02 09:07:47,28.34
2020-12-02 09:07:48,26.15
2020-12-02 09:07:49,26.15
2020-12-02 09:07:50,26.15
2020-12-02 09:07:51,23.95
2020-12-02 09:07:52,25.16
2020-12-02 09:07:53,23.95
2020-12-02 09:07:54,24.54
2020-12-02 09:07:55,25.16
2020-12-02 09:07:56,24.24
2020-12-02 09:07:57,25.49
2020-12-02 09:07:58,26.15
2020-12-02 09:07:59,24.24
2020-12-02 09:08:00,24.24
2020-12-02 09:08:01,23.66
2020-12-02 09:08:02,25.16
2020-12-02 09:08:03,25.81
2020-12-02 09:08:04,25.49
2020-12-02 09:08:05,
2020-12-02 09:08:06,34.47
2020-12-02 09:08:07,33.37
2020-12-02 09:08:08,35.04
2020-12-02 09:08:09,
2020-12-02 09:08:10,35.63
2020-12-02 09:08:11,36.87
2020-12-02 09:08:12,34.47
2020-12-02 09:08:13,35.04
2020-12-02 09:08:14,31.85
2020-12-02 09:08:15,30.45
2020-12-02 09:08:16,27.21
2020-12-02 09:08:17,29.57
2020-12-02 09:08:18,28.74
2020-12-02 09:08:19,27.58
2020-12-02 09:08:20,26.85
2020-12-02 09:08:21,25.16
2020-12-02 09:08:22,26.49
2020-12-02 09:08:23,26.15
2020-12-02 09:08:24,24.85
2020-12-02 09:08:25,23.38
2020-12-02 09:08:26,23.38
2020-12-02 09:08:27,22.32
2020-12-02 09:08:28,22.57
2020-12-02 09:08:29,23.11
2020-12-02 09:08:30,23.66
2020-12-02 09:08:31,23.11
2020-12-02 09:08:32,21.57
2020-12-02 09:08:33,22.57
2020-12-02 09:08:34,22.32
2020-12-02 09:08:35,23.11
2020-12-02 09:08:36,22.84
2020-12-02 09:08:37,22.57
2020-12-02 09:08:38,22.32
2020-12-02 09:08:39,21.82
2020-12-02 09:08:40,10.9
2020-12-02 09:08:41,9.98
2020-12-02 09:08:42,21.82
2020-12-02 09:08:43,22.32
2020-12-02 09:08:44,25.81
2020-12-02 09:08:45,26.85
2020-12-02 09:08:46,26.15
2020-12-02 09:08:47,26.15
2020-12-02 09:08:48,28.74
2020-12-02 09:08:49,11.05
2020-12-02 09:08:50,11.7
2020-12-02 09:08:51,11.13
2020-12-02 09:08:52,10.97
2020-12-02 09:08:53,12.6
2020-12-02 09:08:54,13.74
2020-12-02 09:08:55,35.04
2020-12-02 09:08:56,32.34
2020-12-02 09:08:57,35.63
2020-12-02 09:08:58,30.9
2020-12-02 09:08:59,27.96
2020-12-02 09:09:00,30.9
2020-12-02 09:09:01,29.15
2020-12-02 09:09:02,23.95
2020-12-02 09:09:03,23.11
2020-12-02 09:09:04,21.33
2020-12-02 09:09:05,20.42
2020-12-02 09:09:06,19.79
2020-12-02 09:09:07,20.0
2020-12-02 09:09:08,19.58
2020-12-02 09:09:09,20.42
2020-12-02 09:09:10,19.38
2020-12-02 09:09:11,20.21
2020-12-02 09:09:12,19.38
2020-12-02 09:09:13,18.8
2020-12-02 09:09:14,17.72
2020-12-02 09:09:15,16.15
2020-12-02 09:09:16,16.75
2020-12-02 09:09:17,16.59
2020-12-02 09:09:18,16.59
2020-12-02 09:09:19,18.07
2020-12-02 09:09:20,19.18
2020-12-02 09:09:21,19.58
2020-12-02 09:09:22,19.79
2020-12-02 09:09:23,20.65
2020-12-02 09:09:24,20.87
2020-12-02 09:09:25,21.33
2020-12-02 09:09:26,22.32
2020-12-02 09:09:27,23.11
2020-12-02 09:09:28,23.66
2020-12-02 09:09:29,21.1
2020-12-02 09:09:30,22.57
2020-12-02 09:09:31,21.33
2020-12-02 09:09:32,20.21
2020-12-02 09:09:33,20.21
2020-12-02 09:09:34,21.82
2020-12-02 09:09:35,20.0
2020-12-02 09:09:36,19.18
2020-12-02 09:09:37,17.89
2020-12-02 09:09:38,19.58
2020-12-02 09:09:39,20.0
2020-12-02 09:09:40,19.58
2020-12-02 09:09:41,61.89
2020-12-02 09:09:42,41.91
2020-12-02 09:09:43,33.91
2020-12-02 09:09:44,36.24
2020-12-02 09:09:45,19.38
2020-12-02 09:09:46,20.0
2020-12-02 09:09:47,20.0
2020-12-02 09:09:48,19.79
2020-12-02 09:09:49,17.39
2020-12-02 09:09:50,16.0
2020-12-02 09:09:51,16.0
2020-12-02 09:09:52,15.45
2020-12-02 09:09:53,14.43
2020-12-02 09:09:54,13.85
2020-12-02 09:09:55,12.23
2020-12-02 09:09:56,10.46
2020-12-02 09:09:57,10.18
2020-12-02 09:09:58,10.25
2020-12-02 09:09:59,9.66
2020-12-02 09:10:00,9.29
2020-12-02 09:10:01,8.57
2020-12-02 09:10:02,8.52
2020-12-02 09:10:03,8.95
2020-12-02 09:10:04,10.6
2020-12-02 09:10:05,12.9
2020-12-02 09:10:06,13.96
2020-12-02 09:10:07,16.29
2020-12-02 09:10:08,17.39
2020-12-02 09:10:09,17.89
2020-12-02 09:10:10,18.61
2020-12-02 09:10:11,20.21
2020-12-02 09:10:12,20.42
2020-12-02 09:10:13,19.18
2020-12-02 09:10:14,20.0
2020-12-02 09:10:15,17.06
2020-12-02 09:10:16,15.05
2020-12-02 09:10:17,11.53
2020-12-02 09:10:18,9.35
2020-12-02 09:10:19,8.52
2020-12-02 09:10:20,8.22
2020-12-02 09:10:21,7.88
2020-12-02 09:10:22,7.88
2020-12-02 09:10:23,8.78
2020-12-02 09:10:24,11.79
2020-12-02 09:10:25,14.19
2020-12-02 09:10:26,16.44
2020-12-02 09:10:27,17.89
2020-12-02 09:10:28,18.07
2020-12-02 09:10:29,18.43
2020-12-02 09:10:30,18.61
2020-12-02 09:10:31,18.43
2020-12-02 09:10:32,18.25
2020-12-02 09:10:33,17.55
2020-12-02 09:10:34,16.75
2020-12-02 09:10:35,15.45
2020-12-02 09:10:36,14.31
2020-12-02 09:10:37,13.0
2020-12-02 09:10:38,11.62
2020-12-02 09:10:39,10.97
2020-12-02 09:10:40,9.98
2020-12-02 09:10:41,9.17
2020-12-02 09:10:42,9.17
2020-12-02 09:10:43,7.66
2020-12-02 09:10:44,7.7
2020-12-02 09:10:45,7.66
2020-12-02 09:10:46,8.12
2020-12-02 09:10:47,8.17
2020-12-02 09:10:48,7.88
2020-12-02 09:10:49,8.07
2020-12-02 09:10:50,8.78
2020-12-02 09:10:51,10.46
2020-12-02 09:10:52,11.96
2020-12-02 09:10:53,13.0
2020-12-02 09:10:54,13.41
2020-12-02 09:10:55,12.23
2020-12-02 09:10:56,9.91
2020-12-02 09:10:57,8.47
2020-12-02 09:10:58,6.96
2020-12-02 09:10:59,5.99
2020-12-02 09:11:00,5.41
2020-12-02 09:11:01,5.47
2020-12-02 09:11:02,5.96
2020-12-02 09:11:03,7.28
2020-12-02 09:11:04,8.07
2020-12-02 09:11:05,9.91
2020-12-02 09:11:06,10.97
2020-12-02 09:11:07,11.53
2020-12-02 09:11:08,11.7
2020-12-02 09:11:09,13.0
2020-12-02 09:11:10,13.85
2020-12-02 09:11:11,14.67
2020-12-02 09:11:12,14.92
2020-12-02 09:11:13,15.05
2020-12-02 09:11:14,14.19
2020-12-02 09:11:15,14.43
2020-12-02 09:11:16,14.8
2020-12-02 09:11:17,14.43
2020-12-02 09:11:18,13.96
2020-12-02 09:11:19,13.74
2020-12-02 09:11:20,13.2
2020-12-02 09:11:21,12.9
2020-12-02 09:11:22,12.51
2020-12-02 09:11:23,12.51
2020-12-02 09:11:24,12.05
2020-12-02 09:11:25,11.13
2020-12-02 09:11:26,10.53
2020-12-02 09:11:27,11.13
2020-12-02 09:11:28,11.53
2020-12-02 09:11:29,13.63
2020-12-02 09:11:30,14.55
2020-12-02 09:11:31,15.05
2020-12-02 09:11:32,16.59
2020-12-02 09:11:33,16.29
2020-12-02 09:11:34,17.06
2020-12-02 09:11:35,17.89
2020-12-02 09:11:36,17.55
2020-12-02 09:11:37,17.06
2020-12-02 09:11:38,16.9
2020-12-02 09:11:39,16.44
2020-12-02 09:11:40,16.75
2020-12-02 09:11:41,17.06
2020-12-02 09:11:42,18.07
2020-12-02 09:11:43,17.72
2020-12-02 09:11:44,17.55
2020-12-02 09:11:45,17.06
2020-12-02 09:11:46,18.25
2020-12-02 09:11:47,17.39
2020-12-02 09:11:48,16.9
2020-12-02 09:11:49,15.45
2020-12-02 09:11:50,14.8
2020-12-02 09:11:51,13.96
2020-12-02 09:11:52,13.63
2020-12-02 09:11:53,13.74
2020-12-02 09:11:54,14.31
2020-12-02 09:11:55,14.55
2020-12-02 09:11:56,15.31
2020-12-02 09:11:57,16.75
2020-12-02 09:11:58,18.07
2020-12-02 09:11:59,17.39
2020-12-02 09:12:00,17.06
2020-12-02 09:12:01,15.58
2020-12-02 09:12:02,15.05
2020-12-02 09:12:03,14.31
2020-12-02 09:12:04,13.85
2020-12-02 09:12:05,12.6
2020-12-02 09:12:06,11.45
2020-12-02 09:12:07,9.78
2020-12-02 09:12:08,9.59
2020-12-02 09:12:09,8.95
2020-12-02 09:12:10,7.98
2020-12-02 09:12:11,7.12
2020-12-02 09:12:12,7.08
2020-12-02 09:12:13,7.44
2020-12-02 09:12:14,8.12
2020-12-02 09:12:15,9.29
2020-12-02 09:12:16,11.87
2020-12-02 09:12:17,13.31
2020-12-02 09:12:18,14.31
2020-12-02 09:12:19,14.08
2020-12-02 09:12:20,13.41
2020-12-02 09:12:21,12.32
2020-12-02 09:12:22,11.87
2020-12-02 09:12:23,12.32
2020-12-02 09:12:24,12.7
2020-12-02 09:12:25,12.9
2020-12-02 09:12:26,13.41
2020-12-02 09:12:27,13.52
2020-12-02 09:12:28,13.85
2020-12-02 09:12:29,13.96
2020-12-02 09:12:30,13.96
2020-12-02 09:12:31,13.63
2020-12-02 09:12:32,13.1
2020-12-02 09:12:33,13.31
2020-12-02 09:12:34,13.2
2020-12-02 09:12:35,13.63
2020-12-02 09:12:36,14.92
2020-12-02 09:12:37,15.86
2020-12-02 09:12:38,16.15
2020-12-02 09:12:39,15.58
2020-12-02 09:12:40,14.8
2020-12-02 09:12:41,13.63
2020-12-02 09:12:42,12.7
2020-12-02 09:12:43,12.05
2020-12-02 09:12:44,11.87
2020-12-02 09:12:45,11.29
2020-12-02 09:12:46,10.25
2020-12-02 09:12:47,9.12
2020-12-02 09:12:48,9.12
2020-12-02 09:12:49,9.06
2020-12-02 09:12:50,8.78
2020-12-02 09:12:51,7.32
2020-12-02 09:12:52,7.12
2020-12-02 09:12:53,8.62
2020-12-02 09:12:54,8.68
2020-12-02 09:12:55,9.78
2020-12-02 09:12:56,10.25
2020-12-02 09:12:57,10.46
2020-12-02 09:12:58,10.53
2020-12-02 09:12:59,10.25
2020-12-02 09:13:00,9.98
2020-12-02 09:13:01,9.47
2020-12-02 09:13:02,8.84
2020-12-02 09:13:03,8.37
2020-12-02 09:13:04,7.61
2020-12-02 09:13:05,7.24
2020-12-02 09:13:06,7.0
2020-12-02 09:13:07,7.7
2020-12-02 09:13:08,9.66
2020-12-02 09:13:09,12.14
2020-12-02 09:13:10,13.96
2020-12-02 09:13:11,15.18
2020-12-02 09:13:12,15.05
2020-12-02 09:13:13,14.67
2020-12-02 09:13:14,14.31
2020-12-02 09:13:15,14.31
2020-12-02 09:13:16,14.8
2020-12-02 09:13:17,14.92
2020-12-02 09:13:18,14.67
2020-12-02 09:13:19,14.67
2020-12-02 09:13:20,14.92
2020-12-02 09:13:21,15.31
2020-12-02 09:13:22,14.8
2020-12-02 09:13:23,14.31
2020-12-02 09:13:24,13.85
2020-12-02 09:13:25,12.6
2020-12-02 09:13:26,12.05
2020-12-02 09:13:27,11.7
2020-12-02 09:13:28,11.87
2020-12-02 09:13:29,11.87
2020-12-02 09:13:30,9.66
2020-12-02 09:13:31,8.22
2020-12-02 09:13:32,7.04
2020-12-02 09:13:33,7.08
2020-12-02 09:13:34,7.04
2020-12-02 09:13:35,8.32
2020-12-02 09:13:36,10.97
2020-12-02 09:13:37,13.52
2020-12-02 09:13:38,15.45
2020-12-02 09:13:39,15.45
2020-12-02 09:13:40,15.18
2020-12-02 09:13:41,15.31
2020-12-02 09:13:42,15.05
2020-12-02 09:13:43,14.55
2020-12-02 09:13:44,14.92
2020-12-02 09:13:45,14.67
2020-12-02 09:13:46,14.19
2020-12-02 09:13:47,12.6
2020-12-02 09:13:48,9.47
2020-12-02 09:13:49,7.75
2020-12-02 09:13:50,6.96
2020-12-02 09:13:51,6.63
2020-12-02 09:13:52,6.7
2020-12-02 09:13:53,7.12
2020-12-02 09:13:54,7.93
2020-12-02 09:13:55,10.46
2020-12-02 09:13:56,11.96
2020-12-02 09:13:57,12.9
2020-12-02 09:13:58,12.7
2020-12-02 09:13:59,11.05
2020-12-02 09:14:00,9.72
2020-12-02 09:14:01,8.17
2020-12-02 09:14:02,7.75
2020-12-02 09:14:03,7.75
2020-12-02 09:14:04,8.07
2020-12-02 09:14:05,9.72
2020-12-02 09:14:06,11.62
2020-12-02 09:14:07,13.41
2020-12-02 09:14:08,13.85
2020-12-02 09:14:09,14.67
2020-12-02 09:14:10,15.58
2020-12-02 09:14:11,16.0
2020-12-02 09:14:12,16.59
2020-12-02 09:14:13,16.9
2020-12-02 09:14:14,18.07
2020-12-02 09:14:15,17.55
2020-12-02 09:14:16,17.39
2020-12-02 09:14:17,17.06
2020-12-02 09:14:18,16.9
2020-12-02 09:14:19,16.9
2020-12-02 09:14:20,17.55
2020-12-02 09:14:21,17.39
2020-12-02 09:14:22,18.07
2020-12-02 09:14:23,17.22
2020-12-02 09:14:24,17.22
2020-12-02 09:14:25,17.22
2020-12-02 09:14:26,17.06
2020-12-02 09:14:27,16.9
2020-12-02 09:14:28,16.29
2020-12-02 09:14:29,16.0
2020-12-02 09:14:30,16.0
2020-12-02 09:14:31,15.86
2020-12-02 09:14:32,16.0
2020-12-02 09:14:33,15.86
2020-12-02 09:14:34,15.45
2020-12-02 09:14:35,14.67
2020-12-02 09:14:36,13.63
2020-12-02 09:14:37,12.41
2020-12-02 09:14:38,12.23
2020-12-02 09:14:39,11.96
2020-12-02 09:14:40,11.79
2020-12-02 09:14:41,12.14
2020-12-02 09:14:42,12.7
2020-12-02 09:14:43,13.1
2020-12-02 09:14:44,13.96
2020-12-02 09:14:45,14.8
2020-12-02 09:14:46,16.75
2020-12-02 09:14:47,17.55
2020-12-02 09:14:48,17.72
2020-12-02 09:14:49,17.89
2020-12-02 09:14:50,18.25
2020-12-02 09:14:51,18.61
2020-12-02 09:14:52,18.99
2020-12-02 09:14:53,20.65
2020-12-02 09:14:54,21.1
2020-12-02 09:14:55,21.57
2020-12-02 09:14:56,20.0
2020-12-02 09:14:57,18.99
2020-12-02 09:14:58,18.8
2020-12-02 09:14:59,17.89
2020-12-02 09:15:00,16.75
2020-12-02 09:15:01,16.75
2020-12-02 09:15:02,16.44
2020-12-02 09:15:03,16.0
2020-12-02 09:15:04,16.59
2020-12-02 09:15:05,16.9
2020-12-02 09:15:06,18.07
2020-12-02 09:15:07,19.58
2020-12-02 09:15:08,19.18
2020-12-02 09:15:09,20.0
2020-12-02 09:15:10,19.38
2020-12-02 09:15:11,19.58
2020-12-02 09:15:12,19.58
2020-12-02 09:15:13,20.0
2020-12-02 09:15:14,20.21
2020-12-02 09:15:15,19.38
2020-12-02 09:15:16,17.89
2020-12-02 09:15:17,16.75
2020-12-02 09:15:18,15.86
2020-12-02 09:15:19,15.72
2020-12-02 09:15:20,15.05
2020-12-02 09:15:21,14.92
2020-12-02 09:15:22,14.19
2020-12-02 09:15:23,13.31
2020-12-02 09:15:24,12.51
2020-12-02 09:15:25,11.87
2020-12-02 09:15:26,12.41
2020-12-02 09:15:27,13.41
2020-12-02 09:15:28,14.67
2020-12-02 09:15:29,16.29
2020-12-02 09:15:30,17.39
2020-12-02 09:15:31,17.55
2020-12-02 09:15:32,18.25
2020-12-02 09:15:33,19.38
2020-12-02 09:15:34,19.58
2020-12-02 09:15:35,20.0
2020-12-02 09:15:36,20.42
2020-12-02 09:15:37,21.1
2020-12-02 09:15:38,21.33
2020-12-02 09:15:39,23.38
2020-12-02 09:15:40,22.57
2020-12-02 09:15:41,21.82
2020-12-02 09:15:42,21.57
2020-12-02 09:15:43,21.82
2020-12-02 09:15:44,22.06
2020-12-02 09:15:45,20.87
2020-12-02 09:15:46,21.57
2020-12-02 09:15:47,21.57
2020-12-02 09:15:48,21.57
2020-12-02 09:15:49,21.82
2020-12-02 09:15:50,22.57
2020-12-02 09:15:51,21.82
2020-12-02 09:15:52,21.33
2020-12-02 09:15:53,20.87
2020-12-02 09:15:54,23.38
2020-12-02 09:15:55,25.16
2020-12-02 09:15:56,24.85
2020-12-02 09:15:57,
2020-12-02 09:15:58,69.5
2020-12-02 09:15:59,27.58
2020-12-02 09:16:00,26.49
2020-12-02 09:16:01,27.58
2020-12-02 09:16:02,28.34
2020-12-02 09:16:03,29.57
2020-12-02 09:16:04,
2020-12-02 09:16:05,67.44
2020-12-02 09:16:06,60.24
2020-12-02 09:16:07,58.66
2020-12-02 09:16:08,51.84
2020-12-02 09:16:09,47.38
2020-12-02 09:16:10,23.66
2020-12-02 09:16:11,23.95
2020-12-02 09:16:12,23.38
2020-12-02 09:16:13,22.32
2020-12-02 09:16:14,20.42
2020-12-02 09:16:15,18.8
2020-12-02 09:16:16,18.07
2020-12-02 09:16:17,17.89
2020-12-02 09:16:18,16.59
2020-12-02 09:16:19,4.95
2020-12-02 09:16:20,4.72
2020-12-02 09:16:21,4.21
2020-12-02 09:16:22,4.33
2020-12-02 09:16:23,4.95
2020-12-02 09:16:24,6.35
2020-12-02 09:16:25,7.53
2020-12-02 09:16:26,8.78
2020-12-02 09:16:27,10.18
2020-12-02 09:16:28,12.41
2020-12-02 09:16:29,14.67
2020-12-02 09:16:30,16.15
2020-12-02 09:16:31,16.59
2020-12-02 09:16:32,17.39
2020-12-02 09:16:33,18.43
2020-12-02 09:16:34,18.61
2020-12-02 09:16:35,19.38
2020-12-02 09:16:36,19.58
2020-12-02 09:16:37,18.43
2020-12-02 09:16:38,18.61
2020-12-02 09:16:39,20.21
2020-12-02 09:16:40,18.43
2020-12-02 09:16:41,18.99
2020-12-02 09:16:42,20.21
2020-12-02 09:16:43,19.18
2020-12-02 09:16:44,18.8
2020-12-02 09:16:45,18.61
2020-12-02 09:16:46,18.61
2020-12-02 09:16:47,16.9
2020-12-02 09:16:48,15.86
2020-12-02 09:16:49,16.9
2020-12-02 09:16:50,17.22
2020-12-02 09:16:51,17.72
2020-12-02 09:16:52,17.39
2020-12-02 09:16:53,19.58
2020-12-02 09:16:54,21.1
2020-12-02 09:16:55,21.82
2020-12-02 09:16:56,23.66
2020-12-02 09:16:57,23.11
2020-12-02 09:16:58,25.49
2020-12-02 09:16:59,25.49
2020-12-02 09:17:00,25.16
2020-12-02 09:17:01,30.45
2020-12-02 09:17:02,27.58
2020-12-02 09:17:03,67.44
2020-12-02 09:17:04,61.89
2020-12-02 09:17:05,63.64
2020-12-02 09:17:06,71.69
2020-12-02 09:17:07,65.49
2020-12-02 09:17:08,
2020-12-02 09:17:09,51.84
2020-12-02 09:17:10,45.42
2020-12-02 09:17:11,44.49
2020-12-02 09:17:12,43.6
2020-12-02 09:17:13,46.38
2020-12-02 09:17:14,41.91
2020-12-02 09:17:15,38.89
2020-12-02 09:17:16,38.19
2020-12-02 09:17:17,36.87
2020-12-02 09:17:18,36.24
2020-12-02 09:17:19,32.34
2020-12-02 09:17:20,30.45
2020-12-02 09:17:21,31.37
2020-12-02 09:17:22,29.57
2020-12-02 09:17:23,30.9
2020-12-02 09:17:24,29.15
2020-12-02 09:17:25,28.74
2020-12-02 09:17:26,29.57
2020-12-02 09:17:27,29.57
2020-12-02 09:17:28,28.74
2020-12-02 09:17:29,25.16
2020-12-02 09:17:30,24.54
2020-12-02 09:17:31,21.33
2020-12-02 09:17:32,19.58
2020-12-02 09:17:33,20.65
2020-12-02 09:17:34,21.1
2020-12-02 09:17:35,22.06
2020-12-02 09:17:36,22.32
2020-12-02 09:17:37,25.49
2020-12-02 09:17:38,25.16
2020-12-02 09:17:39,41.91
2020-12-02 09:17:40,
2020-12-02 09:17:41,47.38
2020-12-02 09:17:42,49.52
2020-12-02 09:17:43,50.65
2020-12-02 09:17:44,33.37
2020-12-02 09:17:45,32.85
2020-12-02 09:17:46,34.47
2020-12-02 09:17:47,35.04
2020-12-02 09:17:48,32.85
2020-12-02 09:17:49,33.91
2020-12-02 09:17:50,30.45
2020-12-02 09:17:51,27.21
2020-12-02 09:17:52,27.21
2020-12-02 09:17:53,26.15
2020-12-02 09:17:54,25.81
2020-12-02 09:17:55,24.54
2020-12-02 09:17:56,24.24
2020-12-02 09:17:57,24.85
2020-12-02 09:17:58,25.16
2020-12-02 09:17:59,25.16
2020-12-02 09:18:00,25.16
2020-12-02 09:18:01,25.81
2020-12-02 09:18:02,26.85
2020-12-02 09:18:03,27.96
2020-12-02 09:18:04,29.15
2020-12-02 09:18:05,29.57
2020-12-02 09:18:06,29.57
2020-12-02 09:18:07,28.74
2020-12-02 09:18:08,28.34
2020-12-02 09:18:09,27.21
2020-12-02 09:18:10,27.58
2020-12-02 09:18:11,26.85
2020-12-02 09:18:12,27.58
2020-12-02 09:18:13,25.81
2020-12-02 09:18:14,25.81
2020-12-02 09:18:15,25.81
2020-12-02 09:18:16,25.81
2020-12-02 09:18:17,27.58
2020-12-02 09:18:18,27.96
2020-12-02 09:18:19,27.58
2020-12-02 09:18:20,28.74
2020-12-02 09:18:21,28.74
2020-12-02 09:18:22,30.0
2020-12-02 09:18:23,30.0
2020-12-02 09:18:24,31.85
2020-12-02 09:18:25,30.9
2020-12-02 09:18:26,31.37
2020-12-02 09:18:27,31.37
2020-12-02 09:18:28,31.37
2020-12-02 09:18:29,30.9
2020-12-02 09:18:30,28.74
2020-12-02 09:18:31,30.45
2020-12-02 09:18:32,32.34
2020-12-02 09:18:33,31.85
2020-12-02 09:18:34,32.34
2020-12-02 09:18:35,30.0
2020-12-02 09:18:36,29.15
2020-12-02 09:18:37,27.21
2020-12-02 09:18:38,27.96
2020-12-02 09:18:39,27.58
2020-12-02 09:18:40,26.15
2020-12-02 09:18:41,25.16
2020-12-02 09:18:42,25.16
2020-12-02 09:18:43,24.85
2020-12-02 09:18:44,24.85
2020-12-02 09:18:45,24.85
2020-12-02 09:18:46,23.66
2020-12-02 09:18:47,23.11
2020-12-02 09:18:48,24.24
2020-12-02 09:18:49,25.49
2020-12-02 09:18:50,27.96
2020-12-02 09:18:51,27.58
2020-12-02 09:18:52,27.96
2020-12-02 09:18:53,27.58
2020-12-02 09:18:54,27.58
2020-12-02 09:18:55,26.85
2020-12-02 09:18:56,27.96
2020-12-02 09:18:57,28.74
2020-12-02 09:18:58,27.58
2020-12-02 09:18:59,26.85
2020-12-02 09:19:00,26.15
2020-12-02 09:19:01,24.85
2020-12-02 09:19:02,23.66
2020-12-02 09:19:03,23.11
2020-12-02 09:19:04,23.95
2020-12-02 09:19:05,8.12
2020-12-02 09:19:06,23.95
2020-12-02 09:19:07,24.24
2020-12-02 09:19:08,26.49
2020-12-02 09:19:09,25.49
2020-12-02 09:19:10,25.49
2020-12-02 09:19:11,23.95
2020-12-02 09:19:12,25.49
2020-12-02 09:19:13,25.49
2020-12-02 09:19:14,25.81
2020-12-02 09:19:15,25.81
2020-12-02 09:19:16,26.15
2020-12-02 09:19:17,23.38
2020-12-02 09:19:18,22.06
2020-12-02 09:19:19,22.06
2020-12-02 09:19:20,22.06
2020-12-02 09:19:21,21.82
2020-12-02 09:19:22,18.43
2020-12-02 09:19:23,21.1
2020-12-02 09:19:24,22.32
2020-12-02 09:19:25,23.95
2020-12-02 09:19:26,22.32
2020-12-02 09:19:27,22.84
2020-12-02 09:19:28,23.38
2020-12-02 09:19:29,21.57
2020-12-02 09:19:30,22.32
2020-12-02 09:19:31,21.33
2020-12-02 09:19:32,22.84
2020-12-02 09:19:33,23.95
2020-12-02 09:19:34,24.85
2020-12-02 09:19:35,24.54
2020-12-02 09:19:36,26.15
2020-12-02 09:19:37,24.54
2020-12-02 09:19:38,26.85
2020-12-02 09:19:39,28.74
2020-12-02 09:19:40,27.96
2020-12-02 09:19:41,26.85
2020-12-02 09:19:42,29.15
2020-12-02 09:19:43,28.34
2020-12-02 09:19:44,28.34
2020-12-02 09:19:45,28.74
2020-12-02 09:19:46,26.15
2020-12-02 09:19:47,26.49
2020-12-02 09:19:48,26.85
2020-12-02 09:19:49,27.21
2020-12-02 09:19:50,27.58
2020-12-02 09:19:51,28.34
2020-12-02 09:19:52,28.74
2020-12-02 09:19:53,28.34
2020-12-02 09:19:54,27.21
2020-12-02 09:19:55,27.58
2020-12-02 09:19:56,30.45
2020-12-02 09:19:57,28.34
2020-12-02 09:19:58,29.57
2020-12-02 09:19:59,27.58
2020-12-02 09:20:00,26.85
2020-12-02 09:20:01,26.15
2020-12-02 09:20:02,25.16
2020-12-02 09:20:03,24.54
2020-12-02 09:20:04,25.16
2020-12-02 09:20:05,23.66
2020-12-02 09:20:06,23.38
2020-12-02 09:20:07,24.24
2020-12-02 09:20:08,24.85
2020-12-02 09:20:09,23.95
2020-12-02 09:20:10,24.54
2020-12-02 09:20:11,25.16
2020-12-02 09:20:12,25.16
2020-12-02 09:20:13,26.15
2020-12-02 09:20:14,27.21
2020-12-02 09:20:15,26.15
2020-12-02 09:20:16,26.15
2020-12-02 09:20:17,24.54
2020-12-02 09:20:18,23.95
2020-12-02 09:20:19,25.16
2020-12-02 09:20:20,25.16
2020-12-02 09:20:21,25.16
2020-12-02 09:20:22,24.85
2020-12-02 09:20:23,28.74
2020-12-02 09:20:24,29.57
2020-12-02 09:20:25,29.15
2020-12-02 09:20:26,30.0
2020-12-02 09:20:27,30.0
2020-12-02 09:20:28,28.74
2020-12-02 09:20:29,30.45
2020-12-02 09:20:30,28.34
2020-12-02 09:20:31,30.0
2020-12-02 09:20:32,30.0
2020-12-02 09:20:33,30.45
2020-12-02 09:20:34,30.9
2020-12-02 09:20:35,29.15
2020-12-02 09:20:36,28.74
2020-12-02 09:20:37,30.45
2020-12-02 09:20:38,30.45
2020-12-02 09:20:39,29.15
2020-12-02 09:20:40,27.21
2020-12-02 09:20:41,26.85
2020-12-02 09:20:42,27.21
2020-12-02 09:20:43,25.16
2020-12-02 09:20:44,24.85
2020-12-02 09:20:45,25.16
2020-12-02 09:20:46,22.32
2020-12-02 09:20:47,21.82
2020-12-02 09:20:48,21.33
2020-12-02 09:20:49,21.82
2020-12-02 09:20:50,22.84
2020-12-02 09:20:51,22.84
2020-12-02 09:20:52,23.66
2020-12-02 09:20:53,23.38
2020-12-02 09:20:54,24.24
2020-12-02 09:20:55,25.49
2020-12-02 09:20:56,25.49
2020-12-02 09:20:57,26.85
2020-12-02 09:20:58,28.74
2020-12-02 09:20:59,30.9
2020-12-02 09:21:00,30.45
2020-12-02 09:21:01,33.91
2020-12-02 09:21:02,42.74
2020-12-02 09:21:03,7.7
2020-12-02 09:21:04,7.98
2020-12-02 09:21:05,8.52
2020-12-02 09:21:06,8.84
2020-12-02 09:21:07,30.0
2020-12-02 09:21:08,30.0
2020-12-02 09:21:09,29.15
2020-12-02 09:21:10,28.74
2020-12-02 09:21:11,28.34
2020-12-02 09:21:12,27.21
2020-12-02 09:21:13,26.49
2020-12-02 09:21:14,26.85
2020-12-02 09:21:15,26.85
2020-12-02 09:21:16,23.95
2020-12-02 09:21:17,23.11
2020-12-02 09:21:18,24.24
2020-12-02 09:21:19,23.95
2020-12-02 09:21:20,22.32
2020-12-02 09:21:21,20.87
2020-12-02 09:21:22,22.06
2020-12-02 09:21:23,21.33
2020-12-02 09:21:24,21.82
2020-12-02 09:21:25,22.32
2020-12-02 09:21:26,23.95
2020-12-02 09:21:27,24.85
2020-12-02 09:21:28,26.15
2020-12-02 09:21:29,27.96
2020-12-02 09:21:30,32.85
2020-12-02 09:21:31,33.37
2020-12-02 09:21:32,35.04
2020-12-02 09:21:33,37.52
2020-12-02 09:21:34,38.89
2020-12-02 09:21:35,40.35
2020-12-02 09:21:36,41.91
2020-12-02 09:21:37,41.91
2020-12-02 09:21:38,40.35
2020-12-02 09:21:39,41.91
2020-12-02 09:21:40,40.35
2020-12-02 09:21:41,49.52
2020-12-02 09:21:42,54.38
2020-12-02 09:21:43,51.84
2020-12-02 09:21:44,44.49
2020-12-02 09:21:45,44.49
2020-12-02 09:21:46,46.38
2020-12-02 09:21:47,55.74
2020-12-02 09:21:48,58.66
2020-12-02 09:21:49,58.66
2020-12-02 09:21:50,
2020-12-02 09:21:51,25.49
2020-12-02 09:21:52,37.52
2020-12-02 09:21:53,26.15
2020-12-02 09:21:54,55.74
2020-12-02 09:21:55,43.6
2020-12-02 09:21:56,38.19
2020-12-02 09:21:57,20.42
2020-12-02 09:21:58,10.46
2020-12-02 09:21:59,9.12
2020-12-02 09:22:00,8.73
2020-12-02 09:22:01,9.47
2020-12-02 09:22:02,9.78
2020-12-02 09:22:03,11.45
2020-12-02 09:22:04,13.2
2020-12-02 09:22:05,14.43
2020-12-02 09:22:06,14.92
2020-12-02 09:22:07,15.58
2020-12-02 09:22:08,16.0
2020-12-02 09:22:09,16.59
2020-12-02 09:22:10,17.06
2020-12-02 09:22:11,17.55
2020-12-02 09:22:12,17.72
2020-12-02 09:22:13,18.8
2020-12-02 09:22:14,19.18
2020-12-02 09:22:15,19.38
2020-12-02 09:22:16,19.58
2020-12-02 09:22:17,19.58
2020-12-02 09:22:18,19.79
2020-12-02 09:22:19,19.79
2020-12-02 09:22:20,21.33
2020-12-02 09:22:21,21.82
2020-12-02 09:22:22,23.66
2020-12-02 09:22:23,23.95
2020-12-02 09:22:24,24.24
2020-12-02 09:22:25,24.54
2020-12-02 09:22:26,25.49
2020-12-02 09:22:27,25.81
2020-12-02 09:22:28,24.24
2020-12-02 09:22:29,26.49
2020-12-02 09:22:30,26.49
2020-12-02 09:22:31,25.49
2020-12-02 09:22:32,24.54
2020-12-02 09:22:33,24.85
2020-12-02 09:22:34,23.38
2020-12-02 09:22:35,23.66
2020-12-02 09:22:36,21.82
2020-12-02 09:22:37,22.57
2020-12-02 09:22:38,23.66
2020-12-02 09:22:39,22.06
2020-12-02 09:22:40,21.57
2020-12-02 09:22:41,23.11
2020-12-02 09:22:42,21.33
2020-12-02 09:22:43,22.84
2020-12-02 09:22:44,21.82
2020-12-02 09:22:45,20.42
2020-12-02 09:22:46,20.21
2020-12-02 09:22:47,20.87
2020-12-02 09:22:48,21.1
2020-12-02 09:22:49,22.57
2020-12-02 09:22:50,22.57
2020-12-02 09:22:51,23.11
2020-12-02 09:22:52,23.38
2020-12-02 09:22:53,23.66
2020-12-02 09:22:54,26.49
2020-12-02 09:22:55,26.49
2020-12-02 09:22:56,24.85
2020-12-02 09:22:57,25.16
2020-12-02 09:22:58,24.54
2020-12-02 09:22:59,23.38
2020-12-02 09:23:00,24.24
2020-12-02 09:23:01,26.15
2020-12-02 09:23:02,25.81
2020-12-02 09:23:03,24.85
2020-12-02 09:23:04,22.57
2020-12-02 09:23:05,22.57
2020-12-02 09:23:06,23.11
2020-12-02 09:23:07,23.38
2020-12-02 09:23:08,23.66
2020-12-02 09:23:09,24.24
2020-12-02 09:23:10,22.57
2020-12-02 09:23:11,23.11
2020-12-02 09:23:12,23.11
2020-12-02 09:23:13,23.38
2020-12-02 09:23:14,22.57
2020-12-02 09:23:15,23.95
2020-12-02 09:23:16,23.95
2020-12-02 09:23:17,24.54
2020-12-02 09:23:18,25.49
2020-12-02 09:23:19,25.16
2020-12-02 09:23:20,23.95
2020-12-02 09:23:21,23.95
2020-12-02 09:23:22,23.11
2020-12-02 09:23:23,22.57
2020-12-02 09:23:24,22.84
2020-12-02 09:23:25,21.82
2020-12-02 09:23:26,20.87
2020-12-02 09:23:27,21.1
2020-12-02 09:23:28,21.82
2020-12-02 09:23:29,22.06
2020-12-02 09:23:30,22.06
2020-12-02 09:23:31,22.06
2020-12-02 09:23:32,21.57
2020-12-02 09:23:33,21.1
2020-12-02 09:23:34,20.0
2020-12-02 09:23:35,20.21
2020-12-02 09:23:36,20.42
2020-12-02 09:23:37,19.38
2020-12-02 09:23:38,19.38
2020-12-02 09:23:39,22.06
2020-12-02 09:23:40,22.32
2020-12-02 09:23:41,22.84
2020-12-02 09:23:42,24.85
2020-12-02 09:23:43,25.49
2020-12-02 09:23:44,25.81
2020-12-02 09:23:45,24.85
2020-12-02 09:23:46,25.81
2020-12-02 09:23:47,27.58
2020-12-02 09:23:48,28.74
2020-12-02 09:23:49,28.74
2020-12-02 09:23:50,26.15
2020-12-02 09:23:51,23.95
2020-12-02 09:23:52,24.85
2020-12-02 09:23:53,24.85
2020-12-02 09:23:54,23.11
2020-12-02 09:23:55,22.06
2020-12-02 09:23:56,20.65
2020-12-02 09:23:57,20.21
2020-12-02 09:23:58,20.21
2020-12-02 09:23:59,19.38
2020-12-02 09:24:00,18.8
2020-12-02 09:24:01,18.43
2020-12-02 09:24:02,18.25
2020-12-02 09:24:03,19.58
2020-12-02 09:24:04,18.8
2020-12-02 09:24:05,18.07
2020-12-02 09:24:06,17.72
2020-12-02 09:24:07,18.43
2020-12-02 09:24:08,18.61
2020-12-02 09:24:09,19.38
2020-12-02 09:24:10,18.8
2020-12-02 09:24:11,20.42
2020-12-02 09:24:12,19.18
2020-12-02 09:24:13,22.32
2020-12-02 09:24:14,22.57
2020-12-02 09:24:15,23.11
2020-12-02 09:24:16,24.24
2020-12-02 09:24:17,25.16
2020-12-02 09:24:18,26.49
2020-12-02 09:24:19,26.15
2020-12-02 09:24:20,26.15
2020-12-02 09:24:21,25.81
2020-12-02 09:24:22,26.15
2020-12-02 09:24:23,26.85
2020-12-02 09:24:24,25.16
2020-12-02 09:24:25,25.81
2020-12-02 09:24:26,24.54
2020-12-02 09:24:27,24.24
2020-12-02 09:24:28,23.38
2020-12-02 09:24:29,22.57
2020-12-02 09:24:30,22.32
2020-12-02 09:24:31,22.84
2020-12-02 09:24:32,22.32
2020-12-02 09:24:33,22.84
2020-12-02 09:24:34,22.84
2020-12-02 09:24:35,21.82
2020-12-02 09:24:36,19.79
2020-12-02 09:24:37,22.32
2020-12-02 09:24:38,21.33
2020-12-02 09:24:39,25.81
2020-12-02 09:24:40,25.49
2020-12-02 09:24:41,26.15
2020-12-02 09:24:42,25.16
2020-12-02 09:24:43,25.49
2020-12-02 09:24:44,26.49
2020-12-02 09:24:45,27.21
2020-12-02 09:24:46,26.85
2020-12-02 09:24:47,27.58
2020-12-02 09:24:48,24.24
2020-12-02 09:24:49,25.16
2020-12-02 09:24:50,26.15
2020-12-02 09:24:51,24.85
2020-12-02 09:24:52,22.57
2020-12-02 09:24:53,24.24
2020-12-02 09:24:54,23.11
2020-12-02 09:24:55,22.57
2020-12-02 09:24:56,23.11
2020-12-02 09:24:57,23.66
2020-12-02 09:24:58,23.11
2020-12-02 09:24:59,24.24
2020-12-02 09:25:00,25.16
2020-12-02 09:25:01,26.15
2020-12-02 09:25:02,24.85
2020-12-02 09:25:03,24.54
2020-12-02 09:25:04,23.11
2020-12-02 09:25:05,22.32
2020-12-02 09:25:06,21.82
2020-12-02 09:25:07,20.65
2020-12-02 09:25:08,19.38
2020-12-02 09:25:09,19.18
2020-12-02 09:25:10,20.42
2020-12-02 09:25:11,20.87
2020-12-02 09:25:12,18.61
2020-12-02 09:25:13,18.25
2020-12-02 09:25:14,18.43
2020-12-02 09:25:15,18.8
2020-12-02 09:25:16,19.38
2020-12-02 09:25:17,20.0
2020-12-02 09:25:18,22.06
2020-12-02 09:25:19,21.57
2020-12-02 09:25:20,22.57
2020-12-02 09:25:21,22.32
2020-12-02 09:25:22,22.06
2020-12-02 09:25:23,22.32
2020-12-02 09:25:24,21.57
2020-12-02 09:25:25,22.06
2020-12-02 09:25:26,22.84
2020-12-02 09:25:27,22.32
2020-12-02 09:25:28,22.32
2020-12-02 09:25:29,22.57
2020-12-02 09:25:30,22.84
2020-12-02 09:25:31,20.0
2020-12-02 09:25:32,21.57
2020-12-02 09:25:33,20.65
2020-12-02 09:25:34,20.87
2020-12-02 09:25:35,22.84
2020-12-02 09:25:36,22.57
2020-12-02 09:25:37,24.54
2020-12-02 09:25:38,24.24
2020-12-02 09:25:39,25.49
2020-12-02 09:25:40,24.24
2020-12-02 09:25:41,23.95
2020-12-02 09:25:42,24.24
2020-12-02 09:25:43,
2020-12-02 09:25:44,
2020-12-02 09:25:45,8.17
2020-12-02 09:25:46,6.85
2020-12-02 09:25:47,6.35
2020-12-02 09:25:48,7.08
2020-12-02 09:25:49,
2020-12-02 09:25:50,
2020-12-02 09:25:51,
2020-12-02 09:25:52,
2020-12-02 09:25:53,
2020-12-02 09:25:54,
2020-12-02 09:25:55,
2020-12-02 09:25:56,
2020-12-02 09:25:57,36.87
2020-12-02 09:25:58,35.04
2020-12-02 09:25:59,32.34
2020-12-02 09:26:00,31.85
2020-12-02 09:26:01,31.85
2020-12-02 09:26:02,48.43
2020-12-02 09:26:03,49.52
2020-12-02 09:26:04,49.52
2020-12-02 09:26:05,48.43
2020-12-02 09:26:06,44.49
2020-12-02 09:26:07,44.49
2020-12-02 09:26:08,40.35
2020-12-02 09:26:09,39.6
2020-12-02 09:26:10,38.89
2020-12-02 09:26:11,32.85
2020-12-02 09:26:12,33.37
2020-12-02 09:26:13,30.0
2020-12-02 09:26:14,28.74
2020-12-02 09:26:15,43.6
2020-12-02 09:26:16,45.42
2020-12-02 09:26:17,53.08
2020-12-02 09:26:18,61.89
2020-12-02 09:26:19,43.6
2020-12-02 09:26:20,41.12
2020-12-02 09:26:21,45.42
2020-12-02 09:26:22,53.08
2020-12-02 09:26:23,54.38
2020-12-02 09:26:24,54.38
2020-12-02 09:26:25,50.65
2020-12-02 09:26:26,46.38
2020-12-02 09:26:27,46.38
2020-12-02 09:26:28,48.43
2020-12-02 09:26:29,46.38
2020-12-02 09:26:30,38.19
2020-12-02 09:26:31,41.12
2020-12-02 09:26:32,38.89
2020-12-02 09:26:33,34.47
2020-12-02 09:26:34,32.85
2020-12-02 09:26:35,28.74
2020-12-02 09:26:36,27.96
2020-12-02 09:26:37,26.15
2020-12-02 09:26:38,
2020-12-02 09:26:39,
2020-12-02 09:26:40,25.81
2020-12-02 09:26:41,25.81
2020-12-02 09:26:42,24.85
2020-12-02 09:26:43,23.66
2020-12-02 09:26:44,23.95
2020-12-02 09:26:45,27.21
2020-12-02 09:26:46,28.34
2020-12-02 09:26:47,29.15
2020-12-02 09:26:48,30.9
2020-12-02 09:26:49,32.34
2020-12-02 09:26:50,36.87
2020-12-02 09:26:51,36.24
2020-12-02 09:26:52,36.87
2020-12-02 09:26:53,38.19
2020-12-02 09:26:54,35.63
2020-12-02 09:26:55,36.87
2020-12-02 09:26:56,33.37
2020-12-02 09:26:57,30.45
2020-12-02 09:26:58,29.57
2020-12-02 09:26:59,29.57
2020-12-02 09:27:00,26.85
2020-12-02 09:27:01,28.34
2020-12-02 09:27:02,25.16
2020-12-02 09:27:03,25.16
2020-12-02 09:27:04,24.85
2020-12-02 09:27:05,25.49
2020-12-02 09:27:06,25.49
2020-12-02 09:27:07,25.16
2020-12-02 09:27:08,23.38
2020-12-02 09:27:09,23.95
2020-12-02 09:27:10,24.24
2020-12-02 09:27:11,23.95
2020-12-02 09:27:12,21.82
2020-12-02 09:27:13,22.57
2020-12-02 09:27:14,22.84
2020-12-02 09:27:15,23.11
2020-12-02 09:27:16,23.11
2020-12-02 09:27:17,23.38
2020-12-02 09:27:18,22.06
2020-12-02 09:27:19,22.32
2020-12-02 09:27:20,22.84
2020-12-02 09:27:21,22.84
2020-12-02 09:27:22,23.11
2020-12-02 09:27:23,25.49
2020-12-02 09:27:24,26.49
2020-12-02 09:27:25,27.21
2020-12-02 09:27:26,26.49
2020-12-02 09:27:27,26.85
2020-12-02 09:27:28,28.74
2020-12-02 09:27:29,25.81
2020-12-02 09:27:30,23.38
2020-12-02 09:27:31,26.15
2020-12-02 09:27:32,27.21
2020-12-02 09:27:33,26.85
2020-12-02 09:27:34,26.85
2020-12-02 09:27:35,26.49
2020-12-02 09:27:36,26.85
2020-12-02 09:27:37,27.21
2020-12-02 09:27:38,26.15
2020-12-02 09:27:39,25.49
2020-12-02 09:27:40,26.85
2020-12-02 09:27:41,26.49
2020-12-02 09:27:42,27.21
2020-12-02 09:27:43,27.58
2020-12-02 09:27:44,26.85
2020-12-02 09:27:45,27.21
2020-12-02 09:27:46,27.96
2020-12-02 09:27:47,26.49
2020-12-02 09:27:48,26.49
2020-12-02 09:27:49,67.44
2020-12-02 09:27:50,63.64
2020-12-02 09:27:51,25.16
2020-12-02 09:27:52,25.16
2020-12-02 09:27:53,28.34
2020-12-02 09:27:54,28.74
2020-12-02 09:27:55,29.57
2020-12-02 09:27:56,27.96
2020-12-02 09:27:57,28.74
2020-12-02 09:27:58,30.0
2020-12-02 09:27:59,29.57
2020-12-02 09:28:00,30.45
2020-12-02 09:28:01,28.74
2020-12-02 09:28:02,28.74
2020-12-02 09:28:03,28.74
2020-12-02 09:28:04,27.96
2020-12-02 09:28:05,28.74
2020-12-02 09:28:06,27.21
2020-12-02 09:28:07,27.58
2020-12-02 09:28:08,26.85
2020-12-02 09:28:09,26.15
2020-12-02 09:28:10,26.85
2020-12-02 09:28:11,27.21
2020-12-02 09:28:12,26.49
2020-12-02 09:28:13,26.85
2020-12-02 09:28:14,28.34
2020-12-02 09:28:15,29.57
2020-12-02 09:28:16,27.96
2020-12-02 09:28:17,27.96
2020-12-02 09:28:18,27.21
2020-12-02 09:28:19,27.21
2020-12-02 09:28:20,27.21
2020-12-02 09:28:21,26.15
2020-12-02 09:28:22,26.15
2020-12-02 09:28:23,26.49
2020-12-02 09:28:24,27.58
2020-12-02 09:28:25,26.49
2020-12-02 09:28:26,26.85
2020-12-02 09:28:27,26.15
2020-12-02 09:28:28,26.49
2020-12-02 09:28:29,26.85
2020-12-02 09:28:30,27.21
2020-12-02 09:28:31,26.15
2020-12-02 09:28:32,27.21
2020-12-02 09:28:33,27.58
2020-12-02 09:28:34,
2020-12-02 09:28:35,
2020-12-02 09:28:36,
2020-12-02 09:28:37,25.81
2020-12-02 09:28:38,24.54
2020-12-02 09:28:39,24.24
2020-12-02 09:28:40,25.49
2020-12-02 09:28:41,25.16
2020-12-02 09:28:42,25.16
2020-12-02 09:28:43,23.38
2020-12-02 09:28:44,25.16
2020-12-02 09:28:45,24.24
2020-12-02 09:28:46,24.54
2020-12-02 09:28:47,61.89
2020-12-02 09:28:48,63.64
2020-12-02 09:28:49,29.15
2020-12-02 09:28:50,27.58
2020-12-02 09:28:51,27.96
2020-12-02 09:28:52,29.15
2020-12-02 09:28:53,28.74
2020-12-02 09:28:54,
2020-12-02 09:28:55,
2020-12-02 09:28:56,
2020-12-02 09:28:57,41.91
2020-12-02 09:28:58,45.42
2020-12-02 09:28:59,46.38
2020-12-02 09:29:00,46.38
2020-12-02 09:29:01,43.6
2020-12-02 09:29:02,38.19
2020-12-02 09:29:03,35.63
2020-12-02 09:29:04,
2020-12-02 09:29:05,29.57
2020-12-02 09:29:06,28.74
2020-12-02 09:29:07,28.34
2020-12-02 09:29:08,27.58
2020-12-02 09:29:09,27.58
2020-12-02 09:29:10,25.81
2020-12-02 09:29:11,25.49
2020-12-02 09:29:12,27.21
2020-12-02 09:29:13,27.58
2020-12-02 09:29:14,26.15
2020-12-02 09:29:15,25.16
2020-12-02 09:29:16,24.85
2020-12-02 09:29:17,25.81
2020-12-02 09:29:18,26.49
2020-12-02 09:29:19,26.85
2020-12-02 09:29:20,26.49
2020-12-02 09:29:21,24.54
2020-12-02 09:29:22,24.54
2020-12-02 09:29:23,24.54
2020-12-02 09:29:24,25.49
2020-12-02 09:29:25,26.15
2020-12-02 09:29:26,26.15
2020-12-02 09:29:27,25.81
2020-12-02 09:29:28,25.49
2020-12-02 09:29:29,24.85
2020-12-02 09:29:30,24.24
2020-12-02 09:29:31,24.54
2020-12-02 09:29:32,25.49
2020-12-02 09:29:33,28.34
2020-12-02 09:29:34,27.96
2020-12-02 09:29:35,28.34
2020-12-02 09:29:36,28.74
2020-12-02 09:29:37,28.34
2020-12-02 09:29:38,27.58
2020-12-02 09:29:39,27.21
2020-12-02 09:29:40,26.85
2020-12-02 09:29:41,26.85
2020-12-02 09:29:42,26.49
2020-12-02 09:29:43,27.58
2020-12-02 09:29:44,28.34
2020-12-02 09:29:45,26.49
2020-12-02 09:29:46,26.85
2020-12-02 09:29:47,29.15
2020-12-02 09:29:48,28.34
2020-12-02 09:29:49,29.15
2020-12-02 09:29:50,29.15
2020-12-02 09:29:51,26.85
2020-12-02 09:29:52,27.21
2020-12-02 09:29:53,27.21
2020-12-02 09:29:54,26.85
2020-12-02 09:29:55,25.49
2020-12-02 09:29:56,24.24
2020-12-02 09:29:57,26.49
2020-12-02 09:29:58,26.15
2020-12-02 09:29:59,26.15
2020-12-02 09:30:00,26.49
2020-12-02 09:30:01,26.49
2020-12-02 09:30:02,26.49
2020-12-02 09:30:03,26.49
2020-12-02 09:30:04,26.85
2020-12-02 09:30:05,26.85
2020-12-02 09:30:06,26.15
2020-12-02 09:30:07,25.81
2020-12-02 09:30:08,26.15
2020-12-02 09:30:09,26.15
2020-12-02 09:30:10,27.21
2020-12-02 09:30:11,26.85
2020-12-02 09:30:12,27.21
2020-12-02 09:30:13,28.34
2020-12-02 09:30:14,28.34
2020-12-02 09:30:15,30.45
2020-12-02 09:30:16,30.45
2020-12-02 09:30:17,32.34
2020-12-02 09:30:18,29.15
2020-12-02 09:30:19,29.15
2020-12-02 09:30:20,30.0
2020-12-02 09:30:21,29.57
2020-12-02 09:30:22,28.74
2020-12-02 09:30:23,
2020-12-02 09:30:24,
2020-12-02 09:30:25,
2020-12-02 09:30:26,
2020-12-02 09:30:27,25.81
2020-12-02 09:30:28,25.81
2020-12-02 09:30:29,24.85
2020-12-02 09:30:30,25.49
2020-12-02 09:30:31,
2020-12-02 09:30:32,24.54
2020-12-02 09:30:33,
2020-12-02 09:30:34,24.24
2020-12-02 09:30:35,23.66
2020-12-02 09:30:36,23.95
2020-12-02 09:30:37,23.38
2020-12-02 09:30:38,24.24
2020-12-02 09:30:39,23.38
2020-12-02 09:30:40,22.57
2020-12-02 09:30:41,22.57
2020-12-02 09:30:42,23.95
2020-12-02 09:30:43,25.81
2020-12-02 09:30:44,25.16
2020-12-02 09:30:45,24.54
2020-12-02 09:30:46,25.49
2020-12-02 09:30:47,26.15
2020-12-02 09:30:48,26.49
2020-12-02 09:30:49,26.49
2020-12-02 09:30:50,27.96
2020-12-02 09:30:51,26.49
2020-12-02 09:30:52,26.15
2020-12-02 09:30:53,27.21
2020-12-02 09:30:54,27.58
2020-12-02 09:30:55,27.21
2020-12-02 09:30:56,26.49
2020-12-02 09:30:57,25.81
2020-12-02 09:30:58,25.16
2020-12-02 09:30:59,26.85
2020-12-02 09:31:00,26.85
2020-12-02 09:31:01,24.24
2020-12-02 09:31:02,25.16
2020-12-02 09:31:03,23.95
2020-12-02 09:31:04,24.24
2020-12-02 09:31:05,24.24
2020-12-02 09:31:06,25.16
2020-12-02 09:31:07,26.85
2020-12-02 09:31:08,27.21
2020-12-02 09:31:09,25.81
2020-12-02 09:31:10,25.16
2020-12-02 09:31:11,25.16
2020-12-02 09:31:12,27.21
2020-12-02 09:31:13,28.34
2020-12-02 09:31:14,29.57
2020-12-02 09:31:15,30.0
2020-12-02 09:31:16,28.74
2020-12-02 09:31:17,28.34
2020-12-02 09:31:18,27.96
2020-12-02 09:31:19,28.74
2020-12-02 09:31:20,27.96
2020-12-02 09:31:21,29.57
2020-12-02 09:31:22,28.74
2020-12-02 09:31:23,26.15
2020-12-02 09:31:24,26.49
2020-12-02 09:31:25,28.34
2020-12-02 09:31:26,27.96
2020-12-02 09:31:27,26.15
2020-12-02 09:31:28,26.49
2020-12-02 09:31:29,27.58
2020-12-02 09:31:30,26.85
2020-12-02 09:31:31,25.16
2020-12-02 09:31:32,25.16
2020-12-02 09:31:33,25.81
2020-12-02 09:31:34,26.15
2020-12-02 09:31:35,25.49
2020-12-02 09:31:36,25.81
2020-12-02 09:31:37,26.15
2020-12-02 09:31:38,26.15
2020-12-02 09:31:39,26.49
2020-12-02 09:31:40,28.74
2020-12-02 09:31:41,28.34
2020-12-02 09:31:42,28.34
2020-12-02 09:31:43,29.15
2020-12-02 09:31:44,30.0
2020-12-02 09:31:45,29.15
2020-12-02 09:31:46,30.9
2020-12-02 09:31:47,30.9
2020-12-02 09:31:48,30.45
2020-12-02 09:31:49,30.9
2020-12-02 09:31:50,30.45
2020-12-02 09:31:51,30.45
2020-12-02 09:31:52,31.37
2020-12-02 09:31:53,31.37
2020-12-02 09:31:54,57.16
2020-12-02 09:31:55,55.74
2020-12-02 09:31:56,91.73
2020-12-02 09:31:57,28.74
2020-12-02 09:31:58,26.85
2020-12-02 09:31:59,27.96
2020-12-02 09:32:00,27.58
2020-12-02 09:32:01,28.34
2020-12-02 09:32:02,27.96
2020-12-02 09:32:03,28.34
2020-12-02 09:32:04,27.96
2020-12-02 09:32:05,27.21
2020-12-02 09:32:06,28.34
2020-12-02 09:32:07,28.74
2020-12-02 09:32:08,28.74
2020-12-02 09:32:09,29.15
2020-12-02 09:32:10,30.45
2020-12-02 09:32:11,30.45
2020-12-02 09:32:12,30.9
2020-12-02 09:32:13,30.45
2020-12-02 09:32:14,30.45
2020-12-02 09:32:15,30.45
2020-12-02 09:32:16,30.0
2020-12-02 09:32:17,29.57
2020-12-02 09:32:18,29.15
2020-12-02 09:32:19,28.34
2020-12-02 09:32:20,27.96
2020-12-02 09:32:21,27.96
2020-12-02 09:32:22,28.74
2020-12-02 09:32:23,27.58
2020-12-02 09:32:24,27.21
2020-12-02 09:32:25,27.21
2020-12-02 09:32:26,27.21
2020-12-02 09:32:27,27.96
2020-12-02 09:32:28,25.49
2020-12-02 09:32:29,27.21
2020-12-02 09:32:30,26.85
2020-12-02 09:32:31,27.58
2020-12-02 09:32:32,27.96
2020-12-02 09:32:33,30.0
2020-12-02 09:32:34,31.85
2020-12-02 09:32:35,31.85
2020-12-02 09:32:36,30.45
2020-12-02 09:32:37,31.37
2020-12-02 09:32:38,31.85
2020-12-02 09:32:39,31.85
2020-12-02 09:32:40,30.0
2020-12-02 09:32:41,29.57
2020-12-02 09:32:42,28.74
2020-12-02 09:32:43,28.34
2020-12-02 09:32:44,27.96
2020-12-02 09:32:45,30.0
2020-12-02 09:32:46,28.34
2020-12-02 09:32:47,27.96
2020-12-02 09:32:48,27.21
2020-12-02 09:32:49,29.15
2020-12-02 09:32:50,30.0
2020-12-02 09:32:51,29.57
2020-12-02 09:32:52,30.0
2020-12-02 09:32:53,31.37
2020-12-02 09:32:54,30.9
2020-12-02 09:32:55,30.9
2020-12-02 09:32:56,31.37
2020-12-02 09:32:57,30.45
2020-12-02 09:32:58,31.85
2020-12-02 09:32:59,
2020-12-02 09:33:00,
2020-12-02 09:33:01,
2020-12-02 09:33:02,
2020-12-02 09:33:03,30.9
2020-12-02 09:33:04,30.0
2020-12-02 09:33:05,30.9
2020-12-02 09:33:06,30.0
2020-12-02 09:33:07,30.9
2020-12-02 09:33:08,30.0
2020-12-02 09:33:09,30.9
2020-12-02 09:33:10,
2020-12-02 09:33:11,28.74
2020-12-02 09:33:12,30.0
2020-12-02 09:33:13,29.57
2020-12-02 09:33:14,28.74
2020-12-02 09:33:15,27.58
2020-12-02 09:33:16,27.96
2020-12-02 09:33:17,27.96
2020-12-02 09:33:18,27.58
2020-12-02 09:33:19,29.15
2020-12-02 09:33:20,24.85
2020-12-02 09:33:21,25.16
2020-12-02 09:33:22,28.34
2020-12-02 09:33:23,27.21
2020-12-02 09:33:24,27.58
2020-12-02 09:33:25,26.85
2020-12-02 09:33:26,26.49
2020-12-02 09:33:27,26.85
2020-12-02 09:33:28,26.85
2020-12-02 09:33:29,26.15
2020-12-02 09:33:30,26.49
2020-12-02 09:33:31,26.49
2020-12-02 09:33:32,24.85
2020-12-02 09:33:33,25.16
2020-12-02 09:33:34,24.85
2020-12-02 09:33:35,24.54
2020-12-02 09:33:36,25.16
2020-12-02 09:33:37,25.16
2020-12-02 09:33:38,25.81
2020-12-02 09:33:39,26.15
2020-12-02 09:33:40,6.92
2020-12-02 09:33:41,27.21
2020-12-02 09:33:42,24.85
2020-12-02 09:33:43,29.57
2020-12-02 09:33:44,27.58
2020-12-02 09:33:45,27.96
2020-12-02 09:33:46,26.85
2020-12-02 09:33:47,25.81
2020-12-02 09:33:48,24.54
2020-12-02 09:33:49,24.54
2020-12-02 09:33:50,23.95
2020-12-02 09:33:51,24.85
2020-12-02 09:33:52,25.49
2020-12-02 09:33:53,23.38
2020-12-02 09:33:54,23.38
2020-12-02 09:33:55,24.24
2020-12-02 09:33:56,24.24
2020-12-02 09:33:57,41.91
